timestamp,power_w,energy_wh,voltage,current_a,temperature_c
2026-01-01T04:50:04+00:00,0,145463000,0,,0
2026-01-01T06:30:04+00:00,0,145463000,61.1875,,9.3804
2026-01-01T06:35:04+00:00,0,145463000,90.375,,9.59886
2026-01-01T06:40:04+00:00,0,145463000,306,,10.8186
2026-01-01T06:45:04+00:00,0,145463000,830.062,,11.848
2026-01-01T06:50:04+00:00,85,145463000,745.375,,13.3698
2026-01-01T06:55:04+00:00,154,145463000,745.375,,14.3055
2026-01-01T07:00:04+00:00,238,145463000,746.188,,15.0127
2026-01-01T07:05:04+00:00,273,145463000,745.938,,15.7254
2026-01-01T07:10:04+00:00,283,145463000,745.875,,16.3946
2026-01-01T07:15:04+00:00,356,145463000,745.812,,16.9343
2026-01-01T07:20:04+00:00,465,145463000,745.312,,17.5138
2026-01-01T07:25:04+00:00,626,145463000,745.312,,17.9517
2026-01-01T07:30:04+00:00,914,145464000,745.5,,18.3061
2026-01-01T07:35:04+00:00,1155,145464000,745.438,,18.8029
2026-01-01T07:40:04+00:00,1091,145464000,745.5,,19.1924
2026-01-01T07:45:04+00:00,1310,145464000,746.188,,19.6226
2026-01-01T07:50:04+00:00,1311,145464000,745.25,,19.9979
2026-01-01T07:55:04+00:00,1435,145464000,745.5,,20.3985
2026-01-01T08:00:04+00:00,1389,145464000,745.375,,20.7982
2026-01-01T08:05:04+00:00,2540,145464000,745.375,,21.3525
2026-01-01T08:10:04+00:00,2570,145465000,745.5,,22.0024
2026-01-01T08:15:04+00:00,2940,145465000,745.438,,22.4794
2026-01-01T08:20:04+00:00,2547,145465000,745.375,,23.1017
2026-01-01T08:25:04+00:00,2776,145465000,745.625,,23.5586
2026-01-01T08:30:04+00:00,2446,145465000,745.438,,23.8089
2026-01-01T08:35:04+00:00,2368,145466000,745.562,,24.2042
2026-01-01T08:40:04+00:00,3824,145466000,745.375,,24.6535
2026-01-01T08:45:04+00:00,4271,145466000,745.812,,25.5129
2026-01-01T08:50:04+00:00,4040,145467000,745.375,,26.1254
2026-01-01T08:55:04+00:00,4213,145467000,745.312,,26.7392
2026-01-01T09:00:04+00:00,4352,145467000,746.062,,27.4617
2026-01-01T09:05:04+00:00,4813,145468000,745.438,,27.9291
2026-01-01T09:10:04+00:00,5242,145468000,745.562,,28.506
2026-01-01T09:15:04+00:00,5481,145469000,745.312,,28.9439
2026-01-01T09:20:04+00:00,5556,145469000,745.312,,29.4253
2026-01-01T09:25:04+00:00,5186,145470000,745.438,,29.7541
2026-01-01T09:30:04+00:00,6117,145470000,745.312,,30.3621
2026-01-01T09:35:04+00:00,6260,145471000,745.375,,30.8958
2026-01-01T09:40:04+00:00,6390,145471000,745.312,,31.5368
2026-01-01T09:45:04+00:00,6563,145472000,745.5,,31.9667
2026-01-01T09:50:04+00:00,6723,145472000,745.625,,32.5314
2026-01-01T09:55:04+00:00,6931,145473000,745.688,,33.1962
2026-01-01T10:00:04+00:00,7701,145473000,745.25,,33.3603
2026-01-01T10:05:04+00:00,7056,145474000,745.5,,33.9817
2026-01-01T10:10:04+00:00,7511,145475000,746.125,,34.5736
2026-01-01T10:15:04+00:00,7656,145475000,744.812,,35.1731
2026-01-01T10:20:04+00:00,7876,145476000,745.938,,35.9269
2026-01-01T10:25:04+00:00,8017,145477000,745.125,,36.5396
2026-01-01T10:30:04+00:00,8146,145477000,745.188,,37.0226
2026-01-01T10:35:04+00:00,8261,145478000,744.812,,37.6128
2026-01-01T10:40:04+00:00,8332,145479000,746.062,,38.1451
2026-01-01T10:45:04+00:00,8487,145479000,745.438,,38.6938
2026-01-01T10:50:04+00:00,8580,145480000,745.5,,39.1212
2026-01-01T10:55:04+00:00,8935,145481000,745.312,,39.5435
2026-01-01T11:00:04+00:00,9091,145482000,745.375,,40.0534
2026-01-01T11:05:04+00:00,9085,145482000,745.312,,39.8224
2026-01-01T11:10:04+00:00,9296,145483000,745.438,,40.521
2026-01-01T11:15:04+00:00,9279,145484000,745.438,,41.0492
2026-01-01T11:20:04+00:00,9233,145485000,745.625,,41.571
2026-01-01T11:25:04+00:00,9116,145485000,745.375,,41.7973
2026-01-01T11:30:04+00:00,9211,145486000,745.5,,41.9582
2026-01-01T11:35:04+00:00,9276,145487000,745.375,,41.9582
2026-01-01T11:40:04+00:00,8916,145488000,745.938,,42.1558
2026-01-01T11:45:04+00:00,9272,145488000,745.375,,42.1185
2026-01-01T11:50:04+00:00,8753,145489000,745.438,,42.4372
2026-01-01T11:55:04+00:00,8453,145490000,744.875,,42.2144
2026-01-01T12:00:04+00:00,7628,145491000,745.312,,41.9956
2026-01-01T12:05:04+00:00,8017,145491000,745.875,,41.6735
2026-01-01T12:10:04+00:00,6167,145492000,746,,41.3815
2026-01-01T12:15:04+00:00,7354,145492000,745.625,,41.2456
2026-01-01T12:20:04+00:00,5791,145493000,745.5,,41.2456
2026-01-01T12:25:04+00:00,4195,145493000,745.875,,40.1596
2026-01-01T12:30:04+00:00,4023,145494000,745.938,,39.2954
2026-01-01T12:35:04+00:00,5363,145494000,745.375,,39.0645
2026-01-01T12:40:04+00:00,6090,145495000,745.688,,39.2954
2026-01-01T12:45:04+00:00,5808,145495000,745.812,,39.7714
2026-01-01T12:50:04+00:00,5154,145496000,745.875,,39.2107
2026-01-01T12:55:04+00:00,4993,145496000,745.312,,38.8368
2026-01-01T13:00:04+00:00,6451,145497000,745.5,,39.0928
2026-01-01T13:05:04+00:00,5765,145497000,745.375,,39.5435
2026-01-01T13:10:04+00:00,6712,145498000,745.5,,39.4314
2026-01-01T13:15:04+00:00,5620,145498000,745.5,,39.4033
2026-01-01T13:20:04+00:00,5714,145499000,745.5,,38.8653
2026-01-01T13:25:04+00:00,4913,145499000,745.375,,38.4926
2026-01-01T13:30:04+00:00,6020,145500000,745.438,,38.2613
2026-01-01T13:35:04+00:00,5364,145500000,745.375,,38.3772
2026-01-01T13:40:04+00:00,4686,145501000,745.312,,38.2033
2026-01-01T13:45:04+00:00,5799,145501000,745.375,,38.2613
2026-01-01T13:50:04+00:00,5419,145502000,745.25,,38.5502
2026-01-01T13:55:04+00:00,2860,145502000,745.438,,37.765
2026-01-01T14:00:04+00:00,5385,145502000,745.25,,37.7061
2026-01-01T14:05:04+00:00,6830,145503000,745.25,,38.2033
2026-01-01T14:10:04+00:00,3119,145503000,745.5,,38.1742
2026-01-01T14:15:04+00:00,2648,145504000,745.375,,37.1424
2026-01-01T14:20:04+00:00,3412,145504000,745.312,,36.9926
2026-01-01T14:25:04+00:00,2217,145504000,745.438,,36.2651
2026-01-01T14:30:04+00:00,2917,145504000,745.438,,35.8032
2026-01-01T14:35:04+00:00,2442,145505000,745.25,,35.3669
2026-01-01T14:40:04+00:00,5823,145505000,745.438,,36.0195
2026-01-01T14:45:04+00:00,2610,145506000,745.5,,36.2651
2026-01-01T14:50:04+00:00,4897,145506000,745.562,,35.9578
2026-01-01T14:55:04+00:00,4376,145506000,745.5,,36.081
2026-01-01T15:00:04+00:00,4044,145507000,745.375,,35.896
2026-01-01T15:05:04+00:00,2943,145507000,745.5,,35.1153
2026-01-01T15:10:04+00:00,2483,145507000,745.188,,34.7307
2026-01-01T15:15:04+00:00,3034,145507000,745.438,,34.4947
2026-01-01T15:20:04+00:00,1952,145508000,745.562,,34.044
2026-01-01T15:25:04+00:00,2179,145508000,745.25,,33.5598
2026-01-01T15:30:04+00:00,1459,145508000,745.438,,33.1779
2026-01-01T15:35:04+00:00,1283,145508000,745.5,,32.8747
2026-01-01T15:40:04+00:00,2215,145508000,745.375,,32.7081
2026-01-01T15:45:04+00:00,904,145508000,745.625,,32.2597
2026-01-01T15:50:04+00:00,800,145508000,745.625,,31.8907
2026-01-01T15:55:04+00:00,661,145508000,745,,31.7094
2026-01-01T16:00:04+00:00,618,145508000,745.625,,31.5175
2026-01-01T16:05:04+00:00,495,145508000,745.438,,31.3729
2026-01-01T16:10:04+00:00,478,145509000,745.812,,31.1693
2026-01-01T16:15:04+00:00,382,145509000,745.5,,31.0816
2026-01-01T16:20:04+00:00,242,145509000,745,,30.9252
2026-01-01T16:25:04+00:00,126,145509000,745.562,,30.9252
2026-01-01T16:30:04+00:00,58,145509000,745,,30.837
2026-01-01T16:35:04+00:00,2,145509000,745.375,,30.6695
2026-01-01T16:40:04+00:00,84,145509000,743.688,,30.6004
2026-01-01T16:45:04+00:00,0,145509000,102,,29.0714
2026-01-01T16:50:04+00:00,0,145509000,38.125,,27.9026
2026-01-01T16:55:04+00:00,0,145509000,34.125,,27.0276
2026-01-01T17:00:04+00:00,0,145509000,1.8125,,26.1817
2026-01-01T18:45:02+00:00,0,145509000,0,,0
2026-01-02T04:45:02+00:00,0,145509000,0,,0
2026-01-02T06:50:02+00:00,0,145509000,64.125,,12.1758
2026-01-02T06:55:02+00:00,0,145509000,426.5,,13.2137
2026-01-02T07:00:02+00:00,0,145509000,367.875,,14.2533
2026-01-02T07:05:02+00:00,0,145509000,403.562,,14.7533
2026-01-02T07:10:02+00:00,0,145509000,828.562,,15.2431
2026-01-02T07:15:02+00:00,94,145509000,745.438,,16.1246
2026-01-02T07:20:02+00:00,90,145509000,745.25,,17.2259
2026-01-02T07:25:02+00:00,89,145509000,745.312,,17.7724
2026-01-02T07:30:02+00:00,141,145509000,745.5,,18.4064
2026-01-02T07:35:02+00:00,420,145509000,745.562,,18.9009
2026-01-02T07:40:02+00:00,437,145509000,745.438,,19.4801
2026-01-02T07:45:02+00:00,549,145509000,745.625,,19.7876
2026-01-02T07:50:02+00:00,574,145509000,745.375,,20.2845
2026-01-02T07:55:02+00:00,492,145509000,745.875,,20.6719
2026-01-02T08:00:02+00:00,724,145509000,745.375,,20.91
2026-01-02T08:05:02+00:00,927,145509000,745.438,,21.2426
2026-01-02T08:10:02+00:00,432,145509000,745.375,,21.5437
2026-01-02T08:15:02+00:00,513,145509000,745.75,,21.9355
2026-01-02T08:20:02+00:00,619,145509000,745.5,,22.1624
2026-01-02T08:25:02+00:00,332,145509000,745.375,,22.3214
2026-01-02T08:30:02+00:00,916,145509000,746.062,,22.4925
2026-01-02T08:35:02+00:00,1158,145509000,745.438,,22.7405
2026-01-02T08:40:02+00:00,993,145509000,745.938,,22.883
2026-01-02T08:45:02+00:00,834,145509000,744.938,,23.0248
2026-01-02T08:50:02+00:00,1759,145510000,745.562,,23.3312
2026-01-02T08:55:02+00:00,1681,145510000,745.938,,23.6966
2026-01-02T09:00:02+00:00,1298,145510000,745.562,,24.0814
2026-01-02T09:05:02+00:00,1429,145510000,745.5,,24.3265
2026-01-02T09:10:02+00:00,1204,145510000,745.875,,24.4117
2026-01-02T09:15:02+00:00,1240,145510000,746,,24.6535
2026-01-02T09:20:02+00:00,1768,145510000,746,,24.893
2026-01-02T09:25:02+00:00,1909,145510000,745.562,,25.2672
2026-01-02T09:30:02+00:00,935,145511000,745.938,,25.3397
2026-01-02T09:35:02+00:00,901,145511000,746.188,,25.3975
2026-01-02T09:40:02+00:00,1852,145511000,745.938,,25.5129
2026-01-02T09:45:02+00:00,1620,145511000,746,,25.8563
2026-01-02T09:50:02+00:00,2026,145511000,746.062,,26.0265
2026-01-02T09:55:02+00:00,2269,145511000,746.125,,26.3361
2026-01-02T10:00:02+00:00,2089,145511000,745.875,,26.7253
2026-01-02T10:05:02+00:00,1174,145512000,746.125,,26.8356
2026-01-02T10:10:02+00:00,1333,145512000,746,,26.753
2026-01-02T10:15:02+00:00,2309,145512000,746,,27.0003
2026-01-02T10:20:02+00:00,2817,145512000,746.062,,27.2997
2026-01-02T10:25:02+00:00,1890,145512000,745.938,,27.4886
2026-01-02T10:30:02+00:00,2465,145512000,745.562,,27.7164
2026-01-02T10:35:02+00:00,2872,145513000,744.812,,28.0613
2026-01-02T10:40:02+00:00,2171,145513000,745.562,,28.2976
2026-01-02T10:45:02+00:00,1997,145513000,745.438,,28.219
2026-01-02T10:50:02+00:00,1889,145513000,745.438,,28.1928
2026-01-02T10:55:02+00:00,1402,145513000,745.312,,28.1665
2026-01-02T11:00:02+00:00,1413,145513000,746,,28.0481
2026-01-02T11:05:02+00:00,1312,145514000,745.438,,27.982
2026-01-02T11:10:02+00:00,1979,145514000,745.438,,28.1139
2026-01-02T11:15:02+00:00,1305,145514000,744.938,,28.0876
2026-01-02T11:20:02+00:00,2532,145514000,745.5,,28.0613
2026-01-02T11:25:02+00:00,2753,145514000,745.375,,28.4541
2026-01-02T11:30:02+00:00,3386,145515000,745.375,,28.7901
2026-01-02T11:35:02+00:00,3665,145515000,745.438,,29.2994
2026-01-02T11:40:02+00:00,2886,145515000,745.438,,29.5798
2026-01-02T11:45:02+00:00,2754,145515000,745.438,,29.6546
2026-01-02T11:50:02+00:00,2629,145516000,745.562,,29.6048
2026-01-02T11:55:02+00:00,3279,145516000,745.438,,29.9273
2026-01-02T12:00:02+00:00,2358,145516000,745.375,,29.8779
2026-01-02T12:05:02+00:00,1935,145516000,745.875,,29.6878
2026-01-02T12:10:02+00:00,1283,145516000,745.438,,29.4504
2026-01-02T12:15:02+00:00,1114,145516000,745.312,,29.1222
2026-01-02T12:20:02+00:00,3185,145517000,745.5,,29.375
2026-01-02T12:25:02+00:00,9476,145517000,745.375,,31.0719
2026-01-02T12:30:02+00:00,3311,145518000,745.375,,32.222
2026-01-02T12:35:02+00:00,10130,145518000,744.625,,31.9382
2026-01-02T12:40:02+00:00,3163,145519000,745.5,,33.3603
2026-01-02T12:45:02+00:00,2275,145519000,745.5,,32.5127
2026-01-02T12:50:02+00:00,1986,145519000,745.375,,32.0047
2026-01-02T12:55:02+00:00,2323,145519000,745,,31.7094
2026-01-02T13:00:02+00:00,4155,145520000,745.312,,31.5464
2026-01-02T13:05:02+00:00,2858,145520000,745.5,,33.068
2026-01-02T13:10:02+00:00,1761,145520000,745.375,,32.3911
2026-01-02T13:15:02+00:00,3522,145521000,744.75,,33.4148
2026-01-02T13:20:02+00:00,9634,145521000,744.938,,33.1139
2026-01-02T13:25:02+00:00,9782,145522000,745.875,,35.7412
2026-01-02T13:30:02+00:00,2806,145523000,745.438,,35.3982
2026-01-02T13:35:02+00:00,2174,145523000,745.438,,34.3099
2026-01-02T13:40:02+00:00,1344,145523000,745.25,,33.3694
2026-01-02T13:45:02+00:00,1884,145523000,745.312,,32.7638
2026-01-02T13:50:02+00:00,1259,145523000,745.562,,32.1655
2026-01-02T13:55:02+00:00,802,145523000,744.875,,31.6232
2026-01-02T14:00:02+00:00,7464,145524000,744.688,,32.0236
2026-01-02T14:05:02+00:00,7963,145524000,746,,33.4783
2026-01-02T14:10:02+00:00,2828,145525000,744.875,,34.5692
2026-01-02T14:15:02+00:00,2834,145525000,745.562,,33.8834
2026-01-02T14:20:02+00:00,3643,145525000,745.062,,33.2236
2026-01-02T14:25:02+00:00,7103,145526000,745.438,,34.5473
2026-01-02T14:30:02+00:00,1952,145526000,745.375,,34.2038
2026-01-02T14:35:02+00:00,1997,145526000,745.938,,33.4239
2026-01-02T14:40:02+00:00,1344,145527000,745.375,,32.5966
2026-01-02T14:45:02+00:00,1786,145527000,745.438,,32.1088
2026-01-02T14:50:02+00:00,4673,145527000,746,,32.1749
2026-01-02T14:55:02+00:00,2056,145527000,745.375,,32.9301
2026-01-02T15:00:02+00:00,1076,145528000,745.938,,32.2032
2026-01-02T15:05:02+00:00,913,145528000,744.875,,31.5079
2026-01-02T15:10:02+00:00,927,145528000,745.125,,30.984
2026-01-02T15:15:02+00:00,3461,145528000,745.438,,31.0426
2026-01-02T15:20:02+00:00,3206,145528000,744.938,,31.247
2026-01-02T15:25:02+00:00,683,145529000,745.562,,30.6893
2026-01-02T15:30:02+00:00,1042,145529000,745.438,,30.3123
2026-01-02T15:35:02+00:00,1844,145529000,745.5,,29.9273
2026-01-02T15:40:02+00:00,1967,145529000,745.5,,29.9026
2026-01-02T15:45:02+00:00,2026,145529000,745.438,,29.7789
2026-01-02T15:50:02+00:00,1424,145529000,745.188,,29.5256
2026-01-02T15:55:02+00:00,605,145529000,745.312,,29.3373
2026-01-02T16:00:02+00:00,465,145529000,746.062,,29.1095
2026-01-02T16:05:02+00:00,404,145529000,745.375,,28.9183
2026-01-02T16:10:02+00:00,451,145529000,745.438,,28.6613
2026-01-02T16:15:02+00:00,638,145529000,745.688,,28.6613
2026-01-02T16:20:02+00:00,422,145529000,745.438,,28.6872
2026-01-02T16:25:02+00:00,366,145529000,745.438,,28.5579
2026-01-02T16:30:02+00:00,170,145529000,745.438,,28.5838
2026-01-02T16:35:02+00:00,52,145529000,745.438,,28.532
2026-01-02T16:40:02+00:00,73,145529000,745.562,,28.428
2026-01-02T16:45:02+00:00,78,145529000,744.75,,28.402
2026-01-02T16:50:02+00:00,0,145529000,328,,26.9592
2026-01-02T16:55:02+00:00,0,145529000,70.625,,26.0124
2026-01-02T17:00:02+00:00,0,145529000,32.1875,,24.8334
2026-01-02T17:05:02+00:00,0,145529000,1.4375,,24.0567
2026-01-02T17:10:02+00:00,0,145529000,1.375,,23.9331
2026-01-02T17:15:02+00:00,0,145529000,1.375,,23.9331
2026-01-02T18:55:04+00:00,0,145529000,0,,0
2026-01-03T04:55:03+00:00,0,145529000,0,,0
2026-01-03T06:30:03+00:00,0,145529000,35.1875,,7.68691
2026-01-03T06:35:03+00:00,0,145529000,45.9375,,8.08489
2026-01-03T06:40:03+00:00,0,145529000,430.562,,8.93105
2026-01-03T06:45:03+00:00,0,145529000,502.125,,9.97671
2026-01-03T06:50:03+00:00,74,145529000,745.562,,11.4367
2026-01-03T06:55:03+00:00,135,145529000,745.375,,12.7815
2026-01-03T07:00:03+00:00,237,145530000,745.375,,13.5205
2026-01-03T07:05:03+00:00,368,145530000,745.312,,14.2332
2026-01-03T07:10:03+00:00,468,145530000,745.812,,14.8705
2026-01-03T07:15:03+00:00,657,145530000,746.062,,15.4144
2026-01-03T07:20:03+00:00,606,145530000,745.375,,16.0601
2026-01-03T07:25:03+00:00,667,145530000,745.375,,16.5578
2026-01-03T07:30:03+00:00,843,145530000,745.375,,17.0142
2026-01-03T07:35:03+00:00,924,145530000,745.312,,17.5138
2026-01-03T07:40:03+00:00,863,145530000,746.062,,17.9262
2026-01-03T07:45:03+00:00,1053,145530000,745.625,,18.3563
2026-01-03T07:50:03+00:00,1183,145530000,745.125,,18.7619
2026-01-03T07:55:03+00:00,1434,145530000,745.375,,19.0471
2026-01-03T08:00:03+00:00,1523,145530000,745.375,,19.5752
2026-01-03T08:05:03+00:00,1767,145531000,745.688,,19.8813
2026-01-03T08:10:03+00:00,2757,145531000,745.375,,20.4269
2026-01-03T08:15:03+00:00,2164,145531000,745.375,,20.9658
2026-01-03T08:20:03+00:00,2714,145531000,745.375,,21.4073
2026-01-03T08:25:03+00:00,3782,145531000,745.5,,22.7925
2026-01-03T08:30:03+00:00,2993,145532000,745.438,,23.1273
2026-01-03T08:35:03+00:00,2723,145532000,745.5,,23.5083
2026-01-03T08:40:03+00:00,4854,145532000,746.188,,24.241
2026-01-03T08:45:03+00:00,5606,145533000,745.875,,25.3975
2026-01-03T08:50:03+00:00,1562,145533000,746,,26.0124
2026-01-03T08:55:03+00:00,5143,145534000,745.375,,25.8705
2026-01-03T09:00:03+00:00,5037,145534000,745.312,,26.6839
2026-01-03T09:05:03+00:00,5180,145534000,746,,27.3538
2026-01-03T09:10:03+00:00,5326,145535000,745.375,,27.8229
2026-01-03T09:15:03+00:00,5506,145535000,745.25,,28.4801
2026-01-03T09:20:03+00:00,5718,145536000,744.812,,29.0459
2026-01-03T09:25:03+00:00,5906,145536000,745.562,,29.7293
2026-01-03T09:30:03+00:00,6119,145537000,745.312,,30.4517
2026-01-03T09:35:03+00:00,6301,145537000,745.312,,31.1887
2026-01-03T09:40:03+00:00,6416,145538000,745.5,,32.0236
2026-01-03T09:45:03+00:00,6625,145538000,745,,32.6989
2026-01-03T09:50:03+00:00,6831,145539000,745.438,,33.4693
2026-01-03T09:55:03+00:00,7033,145540000,745.312,,34.1418
2026-01-03T10:00:03+00:00,7158,145540000,746.062,,34.7569
2026-01-03T10:05:03+00:00,7390,145541000,745.875,,35.4608
2026-01-03T10:10:03+00:00,7875,145542000,745.375,,36.4788
2026-01-03T10:15:03+00:00,8356,145542000,745.438,,37.529
2026-01-03T10:20:03+00:00,8467,145543000,745.5,,38.4349
2026-01-03T10:25:03+00:00,8323,145544000,745.438,,39.2343
2026-01-03T10:30:03+00:00,8762,145544000,745.312,,40.087
2026-01-03T10:35:03+00:00,8529,145545000,745.562,,40.7529
2026-01-03T10:40:03+00:00,8667,145546000,745.312,,41.4411
2026-01-03T10:45:03+00:00,8461,145547000,745.875,,41.9903
2026-01-03T10:50:03+00:00,9036,145547000,746.5,,42.5377
2026-01-03T10:55:03+00:00,8836,145548000,745.812,,43.1041
2026-01-03T11:00:03+00:00,8959,145549000,745.875,,43.5395
2026-01-03T11:05:03+00:00,9116,145550000,745.312,,44.0875
2026-01-03T11:10:03+00:00,3978,145550000,746.062,,43.5652
2026-01-03T11:15:03+00:00,6907,145551000,745.125,,43.9039
2026-01-03T11:20:03+00:00,8942,145552000,745.5,,44.4219
2026-01-03T11:25:03+00:00,9280,145552000,745.438,,44.9684
2026-01-03T11:30:03+00:00,9688,145553000,746.062,,40.8848
2026-01-03T11:35:03+00:00,8360,145554000,745.562,,41.2456
2026-01-03T11:40:03+00:00,6816,145554000,745.375,,41.082
2026-01-03T11:45:03+00:00,10010,145555000,745.625,,40.3879
2026-01-03T11:50:03+00:00,2110,145555000,745.438,,40.5542
2026-01-03T11:55:03+00:00,3945,145556000,745.375,,42.2782
2026-01-03T12:00:03+00:00,9415,145557000,745.375,,43.5962
2026-01-03T12:05:03+00:00,8762,145557000,745.375,,44.7287
2026-01-03T12:10:03+00:00,8939,145558000,744.938,,42.9109
2026-01-03T12:15:03+00:00,8859,145559000,746.188,,42.1505
2026-01-03T12:20:03+00:00,8892,145560000,746.188,,42.0544
2026-01-03T12:25:03+00:00,8736,145560000,745.375,,42.2782
2026-01-03T12:30:03+00:00,8858,145561000,745.5,,42.4055
2026-01-03T12:35:03+00:00,8632,145562000,745.5,,42.7536
2026-01-03T12:40:03+00:00,8518,145563000,746.062,,42.8166
2026-01-03T12:45:03+00:00,8429,145563000,745.688,,42.9423
2026-01-03T12:50:03+00:00,8386,145564000,745.688,,42.9423
2026-01-03T12:55:03+00:00,8284,145565000,745.438,,43.1302
2026-01-03T13:00:03+00:00,8207,145566000,745.562,,43.0989
2026-01-03T13:05:03+00:00,8063,145566000,746,,43.0729
2026-01-03T13:10:03+00:00,7976,145567000,745.5,,43.005
2026-01-03T13:15:03+00:00,7861,145568000,745.5,,43.0364
2026-01-03T13:20:03+00:00,7744,145568000,745.375,,42.9737
2026-01-03T13:25:03+00:00,7521,145569000,745.438,,42.8166
2026-01-03T13:30:03+00:00,7461,145570000,745.562,,42.7221
2026-01-03T13:35:03+00:00,7350,145570000,746.188,,42.5957
2026-01-03T13:40:03+00:00,7192,145571000,745.438,,42.3419
2026-01-03T13:45:03+00:00,6988,145571000,745.375,,42.0544
2026-01-03T13:50:03+00:00,6814,145572000,745.062,,41.765
2026-01-03T13:55:03+00:00,6570,145573000,745.625,,41.571
2026-01-03T14:00:03+00:00,6412,145573000,745.375,,41.3761
2026-01-03T14:05:03+00:00,6333,145574000,745.438,,41.1148
2026-01-03T14:10:03+00:00,6120,145574000,746.188,,40.9177
2026-01-03T14:15:03+00:00,5969,145575000,745.625,,40.6205
2026-01-03T14:20:03+00:00,5787,145575000,745.688,,40.4877
2026-01-03T14:25:03+00:00,5627,145576000,745.312,,40.2544
2026-01-03T14:30:03+00:00,5393,145576000,745.312,,41.5061
2026-01-03T14:35:03+00:00,5219,145577000,745.375,,42.4055
2026-01-03T14:40:03+00:00,4957,145577000,745.25,,42.5641
2026-01-03T14:45:03+00:00,4744,145578000,745.375,,42.3419
2026-01-03T14:50:03+00:00,4518,145578000,745.438,,42.1185
2026-01-03T14:55:03+00:00,4325,145578000,745.562,,41.9903
2026-01-03T15:00:03+00:00,4108,145579000,745.438,,41.571
2026-01-03T15:05:03+00:00,3855,145579000,745.438,,41.1148
2026-01-03T15:10:03+00:00,3602,145579000,745.5,,40.6536
2026-01-03T15:15:03+00:00,3320,145580000,745.562,,40.154
2026-01-03T15:20:03+00:00,3065,145580000,745.625,,39.7946
2026-01-03T15:25:03+00:00,2764,145580000,745.438,,39.4314
2026-01-03T15:30:03+00:00,2510,145580000,745.562,,39.0928
2026-01-03T15:35:03+00:00,2238,145581000,745.938,,38.5214
2026-01-03T15:40:03+00:00,1952,145581000,745.375,,37.9994
2026-01-03T15:45:03+00:00,1696,145581000,745.312,,37.529
2026-01-03T15:50:03+00:00,1363,145581000,745.438,,36.9626
2026-01-03T15:55:03+00:00,1127,145581000,745.375,,36.4483
2026-01-03T16:00:03+00:00,961,145581000,745.375,,35.9269
2026-01-03T16:05:03+00:00,808,145581000,745.375,,35.5545
2026-01-03T16:10:03+00:00,655,145581000,745.375,,35.0838
2026-01-03T16:15:03+00:00,473,145581000,745.312,,34.6785
2026-01-03T16:20:03+00:00,338,145582000,745.312,,34.3893
2026-01-03T16:25:03+00:00,247,145582000,745.375,,34.044
2026-01-03T16:30:03+00:00,154,145582000,745.375,,33.8028
2026-01-03T16:35:03+00:00,69,145582000,745.562,,33.4783
2026-01-03T16:40:03+00:00,77,145582000,745.125,,33.3057
2026-01-03T16:45:03+00:00,82,145582000,744.125,,33.0588
2026-01-03T16:50:03+00:00,0,145582000,347.812,,31.6903
2026-01-03T16:55:03+00:00,0,145582000,312.75,,30.7583
2026-01-03T17:00:03+00:00,0,145582000,41.5625,,29.5506
2026-01-03T17:05:03+00:00,0,145582000,26.25,,28.4541
2026-01-03T17:10:03+00:00,0,145582000,1.375,,27.6094
2026-01-03T17:15:03+00:00,0,145582000,1.3125,,27.4752
2026-01-03T17:20:03+00:00,0,145582000,1.3125,,27.4752
2026-01-03T18:55:03+00:00,0,145582000,0,,0
2026-01-04T04:55:03+00:00,0,145582000,0,,0
2026-01-04T06:30:03+00:00,0,145582000,42,,9.88598
2026-01-04T06:35:03+00:00,0,145582000,72.8125,,10.2115
2026-01-04T06:40:03+00:00,0,145582000,443.188,,11.3766
2026-01-04T06:45:03+00:00,0,145582000,711.375,,12.5203
2026-01-04T06:50:03+00:00,118,145582000,745.562,,13.2391
2026-01-04T06:55:03+00:00,76,145582000,745.875,,14.7062
2026-01-04T07:00:03+00:00,106,145582000,746,,15.2717
2026-01-04T07:05:03+00:00,178,145582000,745.312,,16.0324
2026-01-04T07:10:03+00:00,258,145582000,745.375,,16.5849
2026-01-04T07:15:03+00:00,363,145582000,745.562,,17.1467
2026-01-04T07:20:03+00:00,486,145582000,745.562,,17.5658
2026-01-04T07:25:03+00:00,620,145582000,745.25,,17.8751
2026-01-04T07:30:03+00:00,778,145582000,745.312,,18.3312
2026-01-04T07:35:03+00:00,964,145582000,745.375,,18.6797
2026-01-04T07:40:03+00:00,1115,145582000,745.375,,18.9009
2026-01-04T07:45:03+00:00,1324,145582000,745.312,,19.1683
2026-01-04T07:50:03+00:00,1581,145582000,745.5,,19.5039
2026-01-04T07:55:03+00:00,1852,145582000,745.938,,19.8032
2026-01-04T08:00:03+00:00,2059,145582000,745.312,,20.1987
2026-01-04T08:05:03+00:00,2293,145583000,745.75,,20.6719
2026-01-04T08:10:03+00:00,2438,145583000,745.25,,21.0768
2026-01-04T08:15:03+00:00,2726,145583000,745.812,,21.5845
2026-01-04T08:20:03+00:00,3083,145583000,745.25,,22.0024
2026-01-04T08:25:03+00:00,3300,145584000,745.812,,22.4925
2026-01-04T08:30:03+00:00,3596,145584000,746,,22.9862
2026-01-04T08:35:03+00:00,3915,145584000,745.125,,23.5083
2026-01-04T08:40:03+00:00,4147,145585000,746.25,,24.1183
2026-01-04T08:45:03+00:00,4406,145585000,745.375,,24.6656
2026-01-04T08:50:03+00:00,4648,145585000,745.25,,25.3542
2026-01-04T08:55:03+00:00,4844,145586000,745.875,,26.1395
2026-01-04T09:00:03+00:00,5024,145586000,745.312,,26.7668
2026-01-04T09:05:03+00:00,5241,145587000,745.375,,27.2319
2026-01-04T09:10:03+00:00,5410,145587000,745.438,,27.7963
2026-01-04T09:15:03+00:00,5629,145588000,745.938,,28.2845
2026-01-04T09:20:03+00:00,5816,145588000,745.188,,28.8158
2026-01-04T09:25:03+00:00,6022,145589000,745.375,,29.4253
2026-01-04T09:30:03+00:00,6208,145589000,745.375,,30.092
2026-01-04T09:35:03+00:00,6398,145590000,745.812,,30.6103
2026-01-04T09:40:03+00:00,6591,145590000,745.438,,31.3342
2026-01-04T09:45:03+00:00,6763,145591000,745.438,,32.0236
2026-01-04T09:50:03+00:00,6929,145591000,746,,32.7081
2026-01-04T09:55:03+00:00,7132,145592000,745.375,,33.3694
2026-01-04T10:00:03+00:00,7327,145593000,746,,34.0707
2026-01-04T10:05:03+00:00,7515,145593000,745.375,,34.783
2026-01-04T10:10:03+00:00,7715,145594000,745.25,,35.6168
2026-01-04T10:15:03+00:00,7913,145595000,745.312,,36.4179
2026-01-04T10:20:03+00:00,8117,145595000,745.438,,37.2021
2026-01-04T10:25:03+00:00,8274,145596000,745.438,,37.8824
2026-01-04T10:30:03+00:00,8382,145597000,745.625,,38.4926
2026-01-04T10:35:03+00:00,8524,145597000,745.688,,39.2625
2026-01-04T10:40:03+00:00,8631,145598000,745.312,,39.8502
2026-01-04T10:45:03+00:00,8699,145599000,745.938,,40.46
2026-01-04T10:50:03+00:00,8788,145600000,745.438,,41.1148
2026-01-04T10:55:03+00:00,8860,145600000,745.375,,41.8295
2026-01-04T11:00:03+00:00,8897,145601000,745.938,,42.2835
2026-01-04T11:05:03+00:00,8960,145602000,745.938,,42.8533
2026-01-04T11:10:03+00:00,8975,145603000,745.938,,43.3845
2026-01-04T11:15:03+00:00,8985,145603000,745.812,,43.8477
2026-01-04T11:20:03+00:00,9037,145604000,746.125,,44.4219
2026-01-04T11:25:03+00:00,9022,145605000,745.125,,44.8187
2026-01-04T11:30:03+00:00,9065,145606000,745.812,,43.8784
2026-01-04T11:35:03+00:00,9070,145607000,745.5,,41.9903
2026-01-04T11:40:03+00:00,9083,145607000,745.562,,41.8939
2026-01-04T11:45:03+00:00,9036,145608000,745.562,,42.1824
2026-01-04T11:50:03+00:00,9036,145609000,745.375,,42.4372
2026-01-04T11:55:03+00:00,9006,145610000,745.375,,42.659
2026-01-04T12:00:03+00:00,8980,145610000,745.312,,42.6906
2026-01-04T12:05:03+00:00,9039,145611000,745.375,,42.7851
2026-01-04T12:10:03+00:00,9024,145612000,745.312,,43.005
2026-01-04T12:15:03+00:00,8995,145613000,746.062,,43.0729
2026-01-04T12:20:03+00:00,7929,145613000,746.062,,43.1354
2026-01-04T12:25:03+00:00,8087,145614000,745.438,,43.005
2026-01-04T12:30:03+00:00,9375,145615000,745.125,,42.5641
2026-01-04T12:35:03+00:00,9509,145616000,745.562,,42.5641
2026-01-04T12:40:03+00:00,9368,145616000,745.5,,43.0989
2026-01-04T12:45:03+00:00,6434,145617000,745.25,,42.9737
2026-01-04T12:50:03+00:00,5484,145618000,745.438,,42.8166
2026-01-04T12:55:03+00:00,5070,145618000,746.062,,41.7973
2026-01-04T13:00:03+00:00,6483,145619000,745.562,,41.1802
2026-01-04T13:05:03+00:00,6942,145619000,745.625,,41.3435
2026-01-04T13:10:03+00:00,9049,145620000,745.562,,42.4055
2026-01-04T13:15:03+00:00,4444,145621000,744.938,,42.5641
2026-01-04T13:20:03+00:00,3916,145621000,745.562,,40.9835
2026-01-04T13:25:03+00:00,4790,145621000,745.375,,41.0164
2026-01-04T13:30:03+00:00,8011,145622000,745.625,,40.5542
2026-01-04T13:35:03+00:00,7176,145623000,745.5,,41.4736
2026-01-04T13:40:03+00:00,8071,145623000,745.438,,41.6034
2026-01-04T13:45:03+00:00,6417,145624000,745.312,,41.926
2026-01-04T13:50:03+00:00,7366,145624000,745.562,,41.6358
2026-01-04T13:55:03+00:00,2800,145625000,745.25,,40.6536
2026-01-04T14:00:03+00:00,5209,145625000,746.062,,41.3489
2026-01-04T14:05:03+00:00,3871,145626000,745.125,,42.0865
2026-01-04T14:10:03+00:00,3130,145626000,745.938,,41.8026
2026-01-04T14:15:03+00:00,3063,145626000,745.938,,41.153
2026-01-04T14:20:03+00:00,3149,145626000,745.812,,40.8574
2026-01-04T14:25:03+00:00,3177,145627000,745.875,,40.3935
2026-01-04T14:30:03+00:00,3087,145627000,745.25,,40.2266
2026-01-04T14:35:03+00:00,3569,145627000,746.125,,39.9379
2026-01-04T14:40:03+00:00,3921,145628000,746,,39.9379
2026-01-04T14:45:03+00:00,5411,145628000,745.875,,40.0254
2026-01-04T14:50:03+00:00,6310,145629000,745.438,,41.2456
2026-01-04T14:55:03+00:00,5271,145629000,745.188,,41.3435
2026-01-04T15:00:03+00:00,5041,145629000,745.562,,41.7327
2026-01-04T15:05:03+00:00,4326,145630000,745.75,,41.544
2026-01-04T15:10:03+00:00,3456,145630000,746,,40.9561
2026-01-04T15:15:03+00:00,3244,145631000,745.875,,40.4268
2026-01-04T15:20:03+00:00,1593,145631000,745.812,,39.827
2026-01-04T15:25:03+00:00,1240,145631000,746.062,,39.2107
2026-01-04T15:30:03+00:00,1345,145631000,745.938,,38.4686
2026-01-04T15:35:03+00:00,889,145631000,745.875,,38.0042
2026-01-04T15:40:03+00:00,772,145631000,745.938,,37.3857
2026-01-04T15:45:03+00:00,744,145631000,745.188,,37.0526
2026-01-04T15:50:03+00:00,695,145631000,745.438,,36.6003
2026-01-04T15:55:03+00:00,584,145631000,745.312,,36.2651
2026-01-04T16:00:03+00:00,475,145631000,745.312,,35.9269
2026-01-04T16:05:03+00:00,456,145631000,745.438,,35.7101
2026-01-04T16:10:03+00:00,459,145631000,745.438,,35.4608
2026-01-04T16:15:03+00:00,444,145632000,745.438,,35.2099
2026-01-04T16:20:03+00:00,340,145632000,745.438,,34.9909
2026-01-04T16:25:03+00:00,149,145632000,745.312,,34.809
2026-01-04T16:30:03+00:00,104,145632000,745.25,,34.6523
2026-01-04T16:35:03+00:00,77,145632000,744.438,,34.4947
2026-01-04T16:40:03+00:00,0,145632000,637.062,,33.4783
2026-01-04T16:45:03+00:00,0,145632000,303.125,,33.0405
2026-01-04T16:50:03+00:00,0,145632000,291.812,,31.9477
2026-01-04T16:55:03+00:00,0,145632000,50,,30.935
2026-01-04T17:00:03+00:00,0,145632000,400.312,,30.0719
2026-01-04T17:05:03+00:00,0,145632000,14.4375,,29.8862
2026-01-04T17:10:03+00:00,0,145632000,1.4375,,29.0841
2026-01-04T17:15:03+00:00,0,145632000,1.4375,,29.0841
2026-01-04T19:05:02+00:00,0,145632000,0,,0
2026-01-05T05:05:03+00:00,0,145632000,0,,0
2026-01-05T06:30:03+00:00,0,145632000,37.375,,13.5996
2026-01-05T06:35:03+00:00,0,145632000,62.25,,13.8472
2026-01-05T06:40:03+00:00,0,145632000,400.312,,14.1405
2026-01-05T06:45:03+00:00,0,145632000,603.438,,15.4429
2026-01-05T06:50:03+00:00,128,145632000,745.188,,16.9076
2026-01-05T06:55:03+00:00,76,145632000,745.5,,18.2558
2026-01-05T07:00:03+00:00,144,145632000,745.375,,18.9253
2026-01-05T07:05:03+00:00,228,145632000,745.438,,19.4563
2026-01-05T07:10:03+00:00,315,145632000,745.312,,19.9747
2026-01-05T07:15:03+00:00,426,145632000,745.25,,20.512
2026-01-05T07:20:03+00:00,537,145632000,745.5,,20.9936
2026-01-05T07:25:03+00:00,673,145632000,745.438,,21.4892
2026-01-05T07:30:03+00:00,806,145632000,745.438,,21.8684
2026-01-05T07:35:03+00:00,946,145632000,745.562,,22.1624
2026-01-05T07:40:03+00:00,1110,145632000,745.875,,22.5187
2026-01-05T07:45:03+00:00,1275,145632000,745.5,,22.8184
2026-01-05T07:50:03+00:00,1484,145632000,745.938,,23.2677
2026-01-05T07:55:03+00:00,1698,145632000,745.375,,23.5838
2026-01-05T08:00:03+00:00,1904,145632000,746,,23.9207
2026-01-05T08:05:03+00:00,2101,145633000,745.562,,24.2532
2026-01-05T08:10:03+00:00,2320,145633000,745.375,,24.5933
2026-01-05T08:15:03+00:00,2543,145633000,746.062,,25.1363
2026-01-05T08:20:03+00:00,2815,145633000,744.75,,25.4985
2026-01-05T08:25:03+00:00,3091,145634000,745.5,,26.0689
2026-01-05T08:30:03+00:00,3292,145634000,745.938,,26.5035
2026-01-05T08:35:03+00:00,3550,145634000,745.438,,27.1504
2026-01-05T08:40:03+00:00,3831,145634000,745.312,,27.6897
2026-01-05T08:45:03+00:00,4015,145635000,745.312,,28.1665
2026-01-05T08:50:03+00:00,4230,145635000,746,,28.7258
2026-01-05T08:55:03+00:00,4478,145635000,746.062,,29.1856
2026-01-05T09:00:03+00:00,4663,145636000,745.438,,29.6546
2026-01-05T09:05:03+00:00,4855,145636000,745.438,,30.1522
2026-01-05T09:10:03+00:00,5035,145637000,745,,30.778
2026-01-05T09:15:03+00:00,5239,145637000,744.938,,31.247
2026-01-05T09:20:03+00:00,5399,145638000,744.938,,31.824
2026-01-05T09:25:03+00:00,5627,145638000,745.438,,32.363
2026-01-05T09:30:03+00:00,5834,145639000,744.875,,32.8932
2026-01-05T09:35:03+00:00,6045,145639000,745.5,,33.4511
2026-01-05T09:40:03+00:00,6181,145640000,745.312,,33.9638
2026-01-05T09:45:03+00:00,6318,145640000,745.438,,34.4947
2026-01-05T09:50:03+00:00,6534,145641000,745.688,,35.0522
2026-01-05T09:55:03+00:00,6705,145641000,745.312,,35.648
2026-01-05T10:00:03+00:00,6890,145642000,745.375,,36.1732
2026-01-05T10:05:03+00:00,7083,145642000,745.375,,36.7517
2026-01-05T10:10:03+00:00,7276,145643000,745.438,,37.3511
2026-01-05T10:15:03+00:00,7465,145644000,745.438,,38.116
2026-01-05T10:20:03+00:00,7600,145644000,745.438,,38.6077
2026-01-05T10:25:03+00:00,7736,145645000,745.625,,39.3189
2026-01-05T10:30:03+00:00,7883,145646000,745.438,,39.8502
2026-01-05T10:35:03+00:00,7989,145646000,745.5,,40.3546
2026-01-05T10:40:03+00:00,8086,145647000,745.375,,41.1148
2026-01-05T10:45:03+00:00,8152,145648000,745.438,,41.7704
2026-01-05T10:50:03+00:00,8231,145648000,745.875,,42.2197
2026-01-05T10:55:03+00:00,8297,145649000,746,,42.7904
2026-01-05T11:00:03+00:00,8342,145650000,746,,43.229
2026-01-05T11:05:03+00:00,8416,145651000,745.875,,43.7247
2026-01-05T11:10:03+00:00,8459,145651000,745.875,,43.9703
2026-01-05T11:15:03+00:00,8488,145652000,746.062,,44.6334
2026-01-05T11:20:03+00:00,8519,145653000,747.75,,44.8737
2026-01-05T11:25:03+00:00,8545,145653000,745.562,,43.3793
2026-01-05T11:30:03+00:00,8551,145654000,745.5,,42.4055
2026-01-05T11:35:03+00:00,8530,145655000,745.188,,42.5641
2026-01-05T11:40:03+00:00,8516,145656000,745.625,,42.659
2026-01-05T11:45:03+00:00,8557,145656000,745.5,,42.8795
2026-01-05T11:50:03+00:00,8522,145657000,746.188,,43.255
2026-01-05T11:55:03+00:00,8523,145658000,745.375,,43.3793
2026-01-05T12:00:03+00:00,8500,145659000,746.312,,43.5962
2026-01-05T12:05:03+00:00,8489,145659000,746.312,,43.8118
2026-01-05T12:10:03+00:00,8403,145660000,746.125,,44.0009
2026-01-05T12:15:03+00:00,8372,145661000,746.062,,44.2753
2026-01-05T12:20:03+00:00,8324,145662000,747.25,,44.3967
2026-01-05T12:25:03+00:00,8323,145662000,745.375,,44.4573
2026-01-05T12:30:03+00:00,8267,145663000,746.875,,44.4875
2026-01-05T12:35:03+00:00,8215,145664000,746,,44.5177
2026-01-05T12:40:02+00:00,8136,145664000,745.938,,44.4875
2026-01-05T12:45:02+00:00,8106,145665000,744.812,,44.6334
2026-01-05T12:50:02+00:00,8013,145666000,747.062,,44.7287
2026-01-05T12:55:02+00:00,7911,145666000,746.562,,44.8487
2026-01-05T13:00:02+00:00,7840,145667000,744.812,,45.034
2026-01-05T13:05:02+00:00,7702,145668000,745.438,,45.1783
2026-01-05T13:10:02+00:00,7605,145668000,745.562,,45.2443
2026-01-05T13:15:02+00:00,7522,145669000,745.5,,45.567
2026-01-05T13:20:02+00:00,7397,145670000,745.375,,45.4955
2026-01-05T13:25:02+00:00,7231,145670000,745.562,,45.388
2026-01-05T13:30:02+00:00,7079,145671000,745.125,,45.5372
2026-01-05T13:35:02+00:00,6919,145672000,746,,45.2803
2026-01-05T13:40:02+00:00,6762,145672000,746.188,,45.4597
2026-01-05T13:45:02+00:00,6652,145673000,745,,45.5014
2026-01-05T13:50:02+00:00,6510,145673000,745.5,,45.2083
2026-01-05T13:55:02+00:00,6363,145674000,744.938,,44.7587
2026-01-05T14:00:02+00:00,6204,145674000,746.25,,44.4573
2026-01-05T14:05:02+00:00,6013,145675000,746.125,,43.8784
2026-01-05T14:10:02+00:00,5841,145675000,746.312,,43.3535
2026-01-05T14:15:02+00:00,5649,145676000,745.438,,42.9737
2026-01-05T14:20:02+00:00,5495,145676000,746.188,,42.4743
2026-01-05T14:25:02+00:00,5306,145677000,745.562,,42.0544
2026-01-05T14:30:02+00:00,5121,145677000,745.562,,41.571
2026-01-05T14:35:02+00:00,4929,145678000,745.875,,41.0547
2026-01-05T14:40:02+00:00,4719,145678000,745.562,,40.7529
2026-01-05T14:45:02+00:00,4501,145679000,745.375,,40.3879
2026-01-05T14:50:02+00:00,4280,145679000,745.562,,41.1148
2026-01-05T14:55:02+00:00,4084,145679000,746.062,,41.8349
2026-01-05T15:00:02+00:00,3845,145680000,746.125,,41.8349
2026-01-05T15:05:02+00:00,3637,145680000,746.062,,41.4465
2026-01-05T15:10:02+00:00,3423,145680000,745.875,,41.0218
2026-01-05T15:15:02+00:00,3173,145680000,745.938,,40.5929
2026-01-05T15:20:02+00:00,2919,145681000,746,,40.059
2026-01-05T15:25:02+00:00,2662,145681000,745.938,,39.6321
2026-01-05T15:30:02+00:00,2419,145681000,746.062,,38.9271
2026-01-05T15:35:02+00:00,2167,145681000,745.938,,38.4397
2026-01-05T15:40:02+00:00,1910,145682000,745.5,,37.9409
2026-01-05T15:45:02+00:00,1661,145682000,745.438,,37.4402
2026-01-05T15:50:02+00:00,1412,145682000,746.062,,36.9024
2026-01-05T15:55:02+00:00,1191,145682000,745.375,,36.4179
2026-01-05T16:00:02+00:00,988,145682000,745.438,,35.9269
2026-01-05T16:05:02+00:00,838,145682000,745.625,,35.5233
2026-01-05T16:10:02+00:00,679,145682000,745.562,,35.0522
2026-01-05T16:15:02+00:00,524,145682000,745.875,,34.6785
2026-01-05T16:20:02+00:00,374,145682000,745.375,,34.4157
2026-01-05T16:25:02+00:00,273,145682000,745.438,,34.1773
2026-01-05T16:30:02+00:00,173,145682000,744.938,,33.8476
2026-01-05T16:35:02+00:00,94,145682000,744.812,,33.5778
2026-01-05T16:40:02+00:00,64,145682000,745.375,,33.2328
2026-01-05T16:45:02+00:00,52,145682000,745.5,,33.0129
2026-01-05T16:50:02+00:00,0,145682000,267.875,,31.5175
2026-01-05T16:55:02+00:00,0,145682000,62.75,,30.4914
2026-01-05T17:00:02+00:00,0,145682000,39.25,,29.2868
2026-01-05T17:05:02+00:00,0,145682000,4,,28.2845
2026-01-05T18:50:03+00:00,0,145682000,0,,0
2026-01-06T04:55:02+00:00,0,145682000,0,,0
2026-01-06T06:30:02+00:00,0,145682000,72.4375,,13.018
2026-01-06T06:35:02+00:00,0,145682000,538.688,,14.2814
2026-01-06T06:40:02+00:00,0,145682000,463.312,,16.0877
2026-01-06T06:45:02+00:00,0,145682000,718.5,,16.639
2026-01-06T06:50:02+00:00,98,145682000,745.5,,17.5398
2026-01-06T06:55:02+00:00,161,145682000,745.938,,18.1802
2026-01-06T07:00:02+00:00,277,145682000,745.438,,18.7783
2026-01-06T07:05:02+00:00,406,145682000,745.5,,19.4563
2026-01-06T07:10:02+00:00,460,145682000,745.438,,19.928
2026-01-06T07:15:02+00:00,710,145683000,745.438,,20.5732
2026-01-06T07:20:02+00:00,636,145683000,745.5,,21.0214
2026-01-06T07:25:02+00:00,686,145683000,746,,21.5574
2026-01-06T07:30:02+00:00,975,145683000,745.5,,22.0559
2026-01-06T07:35:02+00:00,847,145683000,745.438,,22.4268
2026-01-06T07:40:02+00:00,1049,145683000,745.875,,22.8572
2026-01-06T07:45:02+00:00,1297,145683000,745.812,,23.1912
2026-01-06T07:50:02+00:00,1496,145683000,745.312,,23.6591
2026-01-06T07:55:02+00:00,1593,145683000,745.812,,24.0444
2026-01-06T08:00:02+00:00,1849,145683000,746.125,,24.436
2026-01-06T08:05:02+00:00,1303,145683000,745.875,,24.7016
2026-01-06T08:10:02+00:00,1837,145684000,745.25,,25.2091
2026-01-06T08:15:02+00:00,2270,145684000,745.375,,25.556
2026-01-06T08:20:02+00:00,2872,145684000,746,,26.252
2026-01-06T08:25:02+00:00,2363,145684000,746.125,,26.6977
2026-01-06T08:30:02+00:00,2942,145684000,745.375,,27.2319
2026-01-06T08:35:02+00:00,3517,145685000,745.875,,27.783
2026-01-06T08:40:02+00:00,3786,145685000,744.938,,28.428
2026-01-06T08:45:02+00:00,3870,145685000,744.875,,29.0968
2026-01-06T08:50:02+00:00,3470,145686000,745.312,,29.638
2026-01-06T08:55:02+00:00,4351,145686000,745.438,,30.1322
2026-01-06T09:00:02+00:00,4516,145686000,746.062,,30.9056
2026-01-06T09:05:02+00:00,4484,145687000,745.5,,31.5752
2026-01-06T09:10:02+00:00,4805,145687000,745.188,,32.2314
2026-01-06T09:15:02+00:00,4966,145688000,745.375,,32.9301
2026-01-06T09:20:02+00:00,5149,145688000,745.5,,33.5326
2026-01-06T09:25:02+00:00,5356,145689000,745.188,,34.124
2026-01-06T09:30:02+00:00,5528,145689000,745.438,,34.7569
2026-01-06T09:35:02+00:00,5741,145689000,745.625,,35.2728
2026-01-06T09:40:02+00:00,5875,145690000,745.75,,35.9578
2026-01-06T09:45:02+00:00,6040,145690000,745.5,,36.6003
2026-01-06T09:50:02+00:00,6204,145691000,745.312,,37.1723
2026-01-06T09:55:02+00:00,6411,145692000,745.438,,37.9702
2026-01-06T10:00:02+00:00,6588,145692000,745.312,,38.4638
2026-01-06T10:05:02+00:00,6758,145693000,745.438,,39.2343
2026-01-06T10:10:02+00:00,6941,145693000,745.312,,39.8224
2026-01-06T10:15:02+00:00,7093,145694000,745.875,,40.5929
2026-01-06T10:20:02+00:00,7261,145694000,745.812,,41.2184
2026-01-06T10:25:02+00:00,7410,145695000,745.375,,41.9582
2026-01-06T10:30:02+00:00,7563,145696000,745.938,,42.6326
2026-01-06T10:35:02+00:00,7684,145696000,745.375,,43.2861
2026-01-06T10:40:02+00:00,7751,145697000,745.438,,43.8732
2026-01-06T10:45:02+00:00,7818,145698000,745.875,,44.3967
2026-01-06T10:50:02+00:00,7928,145698000,745.5,,44.4522
2026-01-06T10:55:02+00:00,7981,145699000,746,,42.6642
2026-01-06T11:00:02+00:00,8042,145700000,745.875,,42.7904
2026-01-06T11:05:02+00:00,8087,145700000,746.062,,43.0729
2026-01-06T11:10:02+00:00,8152,145701000,746.125,,43.5085
2026-01-06T11:15:02+00:00,8173,145702000,745.812,,43.909
2026-01-06T11:20:02+00:00,8199,145703000,745.5,,44.2399
2026-01-06T11:25:02+00:00,8196,145703000,745.812,,44.6083
2026-01-06T11:30:02+00:00,8215,145704000,745.438,,44.9036
2026-01-06T11:35:02+00:00,8227,145705000,745.875,,45.4597
2026-01-06T11:40:02+00:00,8280,145705000,744.875,,45.7513
2026-01-06T11:45:02+00:00,8309,145706000,745.688,,45.8165
2026-01-06T11:50:02+00:00,8336,145707000,745.312,,46.0648
2026-01-06T11:55:02+00:00,8324,145708000,745.125,,46.388
2026-01-06T12:00:02+00:00,8228,145708000,746.125,,46.3118
2026-01-06T12:05:02+00:00,8199,145709000,745.562,,46.3821
2026-01-06T12:10:02+00:00,7938,145710000,745.375,,46.4874
2026-01-06T12:15:02+00:00,8240,145710000,744.625,,46.7381
2026-01-06T12:20:02+00:00,7911,145711000,745.375,,46.8079
2026-01-06T12:25:02+00:00,8170,145712000,745.5,,46.8021
2026-01-06T12:30:02+00:00,8114,145712000,744.938,,46.8775
2026-01-06T12:35:02+00:00,8029,145713000,745.312,,46.9065
2026-01-06T12:40:02+00:00,7986,145714000,745.5,,47.1147
2026-01-06T12:45:02+00:00,7933,145714000,744.875,,47.3277
2026-01-06T12:50:02+00:00,7927,145715000,744.625,,47.3277
2026-01-06T12:55:02+00:00,7850,145716000,744.938,,47.2932
2026-01-06T13:00:02+00:00,7583,145716000,745,,47.3621
2026-01-06T13:05:02+00:00,7785,145717000,745.125,,47.4997
2026-01-06T13:10:02+00:00,7558,145718000,744.938,,47.5684
2026-01-06T13:15:02+00:00,7438,145718000,745.312,,47.6027
2026-01-06T13:20:02+00:00,5925,145719000,744.812,,47.2242
2026-01-06T13:25:02+00:00,6419,145719000,744.938,,47.0511
2026-01-06T13:30:02+00:00,7084,145720000,745.375,,47.1147
2026-01-06T13:35:02+00:00,7431,145721000,745.5,,47.1493
2026-01-06T13:40:02+00:00,6521,145721000,744.812,,47.2242
2026-01-06T13:45:02+00:00,6499,145722000,744.812,,47.0165
2026-01-06T13:50:02+00:00,5668,145722000,745.438,,46.8021
2026-01-06T13:55:02+00:00,5203,145723000,746.125,,46.5225
2026-01-06T14:00:02+00:00,6294,145723000,745.5,,46.4524
2026-01-06T14:05:02+00:00,5739,145724000,744.875,,46.5634
2026-01-06T14:10:02+00:00,5743,145724000,745.625,,46.4524
2026-01-06T14:15:02+00:00,5457,145725000,745.5,,46.4874
2026-01-06T14:20:02+00:00,4550,145725000,745.375,,45.994
2026-01-06T14:25:02+00:00,4046,145726000,745,,45.6444
2026-01-06T14:30:02+00:00,4865,145726000,745.375,,45.3162
2026-01-06T14:35:02+00:00,4988,145726000,746.125,,45.0641
2026-01-06T14:40:02+00:00,3477,145727000,746.062,,44.3057
2026-01-06T14:45:02+00:00,4721,145727000,745.062,,43.8426
2026-01-06T14:50:02+00:00,4851,145728000,746.062,,43.5395
2026-01-06T14:55:02+00:00,4652,145728000,745.938,,43.2601
2026-01-06T15:00:02+00:00,4286,145728000,746.062,,43.229
2026-01-06T15:05:02+00:00,3855,145729000,745.938,,42.7274
2026-01-06T15:10:02+00:00,3460,145729000,746.062,,42.506
2026-01-06T15:15:02+00:00,3214,145729000,746,,42.1877
2026-01-06T15:20:02+00:00,2552,145730000,746.125,,41.7704
2026-01-06T15:25:02+00:00,2406,145730000,746.062,,41.1857
2026-01-06T15:30:02+00:00,2653,145730000,746.125,,40.7253
2026-01-06T15:35:02+00:00,2075,145730000,745.562,,40.3546
2026-01-06T15:40:02+00:00,1897,145730000,746,,40.8903
2026-01-06T15:45:02+00:00,1802,145731000,745.438,,41.5386
2026-01-06T15:50:02+00:00,1324,145731000,745.438,,41.5061
2026-01-06T15:55:02+00:00,1356,145731000,746,,41.1857
2026-01-06T16:00:02+00:00,899,145731000,745.375,,40.9177
2026-01-06T16:05:02+00:00,842,145731000,745.875,,40.2266
2026-01-06T16:10:02+00:00,697,145731000,745.312,,39.8502
2026-01-06T16:15:02+00:00,677,145731000,745.875,,39.5762
2026-01-06T16:20:02+00:00,540,145731000,746,,39.3799
2026-01-06T16:25:02+00:00,459,145731000,745.938,,39.1542
2026-01-06T16:30:02+00:00,317,145731000,746,,38.813
2026-01-06T16:35:02+00:00,177,145731000,745.438,,38.5214
2026-01-06T16:40:02+00:00,87,145731000,745.438,,38.1451
2026-01-06T16:45:02+00:00,69,145731000,745.562,,37.8237
2026-01-06T16:50:02+00:00,26,145731000,745.812,,37.6226
2026-01-06T16:55:02+00:00,0,145731000,126.938,,36.0195
2026-01-06T17:00:02+00:00,0,145731000,54.9375,,34.6261
2026-01-06T17:05:02+00:00,0,145731000,36.75,,33.4058
2026-01-06T17:10:02+00:00,0,145731000,1.5,,32.5966
2026-01-06T17:15:02+00:00,0,145731000,25,,30.9937
2026-01-06T17:20:02+00:00,0,145731000,24.9375,,30.1923
2026-01-06T17:25:02+00:00,0,145731000,24.9375,,29.5881
2026-01-06T17:30:02+00:00,0,145731000,24.875,,28.9567
2026-01-06T17:35:02+00:00,0,145731000,24.875,,28.415
2026-01-06T17:40:02+00:00,0,145731000,24.9375,,27.9159
2026-01-06T17:45:02+00:00,0,145731000,24.875,,27.5424
2026-01-06T17:50:02+00:00,0,145731000,24.875,,27.1095
2026-01-06T17:55:02+00:00,0,145731000,24.875,,26.7253
2026-01-06T18:00:02+00:00,0,145731000,24.875,,26.3361
2026-01-06T18:05:02+00:00,0,145731000,24.9375,,26.0548
2026-01-06T18:10:02+00:00,0,145731000,24.875,,25.6994
2026-01-06T18:15:02+00:00,0,145731000,24.9375,,25.5273
2026-01-06T18:20:02+00:00,0,145731000,24.9375,,25.2962
2026-01-06T18:25:02+00:00,0,145731000,24.875,,25.0634
2026-01-06T18:30:02+00:00,0,145731000,24.875,,24.8572
2026-01-06T18:35:02+00:00,0,145731000,24.875,,24.6415
2026-01-06T18:40:02+00:00,0,145731000,24.875,,24.4238
2026-01-06T18:45:02+00:00,0,145731000,24.9375,,24.2287
2026-01-06T18:50:02+00:00,0,145731000,24.9375,,24.0567
2026-01-06T18:51:44+00:00,0,145731000,24.9375,,23.9826
2026-01-06T18:55:04+00:00,0,145731000,24.9375,,23.8338
2026-01-06T19:00:04+00:00,0,145731000,24.9375,,23.6841
2026-01-06T19:05:04+00:00,0,145731000,24.9375,,23.5335
2026-01-06T19:10:04+00:00,0,145731000,24.9375,,23.255
2026-01-06T19:15:04+00:00,0,145731000,24.9375,,23.1017
2026-01-06T19:20:04+00:00,0,145731000,24.9375,,22.8701
2026-01-06T19:25:04+00:00,0,145731000,24.9375,,22.7145
2026-01-06T19:30:04+00:00,0,145731000,24.9375,,22.558
2026-01-06T19:35:04+00:00,0,145731000,24.9375,,22.3214
2026-01-06T19:40:04+00:00,0,145731000,24.875,,22.1624
2026-01-06T19:45:04+00:00,0,145731000,24.9375,,22.0559
2026-01-06T19:50:04+00:00,0,145731000,24.9375,,21.8415
2026-01-06T19:55:04+00:00,0,145731000,24.9375,,21.6524
2026-01-06T20:00:04+00:00,0,145731000,24.875,,21.3799
2026-01-06T20:05:04+00:00,0,145731000,24.875,,21.215
2026-01-06T20:10:04+00:00,0,145731000,24.875,,21.1322
2026-01-06T20:15:04+00:00,0,145731000,24.9375,,20.9658
2026-01-06T20:20:04+00:00,0,145731000,24.875,,20.7982
2026-01-06T20:25:04+00:00,0,145731000,24.9375,,20.686
2026-01-06T20:30:04+00:00,0,145731000,24.9375,,20.512
2026-01-06T20:35:04+00:00,0,145731000,24.875,,20.3985
2026-01-06T20:40:04+00:00,0,145731000,24.875,,20.17
2026-01-06T20:45:04+00:00,0,145731000,24.875,,19.9514
2026-01-06T20:50:04+00:00,0,145731000,24.875,,19.8579
2026-01-06T20:55:04+00:00,0,145731000,24.875,,19.6698
2026-01-06T21:00:04+00:00,0,145731000,24.875,,19.5515
2026-01-06T21:05:04+00:00,0,145731000,24.875,,19.3128
2026-01-06T21:10:04+00:00,0,145731000,24.875,,19.2406
2026-01-06T21:15:04+00:00,0,145731000,24.875,,19.0471
2026-01-06T21:20:04+00:00,0,145731000,24.875,,18.8764
2026-01-06T21:25:04+00:00,0,145731000,24.875,,18.7291
2026-01-06T21:30:04+00:00,0,145731000,24.875,,18.6303
2026-01-06T21:35:04+00:00,0,145731000,24.875,,18.5061
2026-01-06T21:40:04+00:00,0,145731000,24.875,,18.4064
2026-01-06T21:45:04+00:00,0,145731000,24.875,,18.3312
2026-01-06T21:50:04+00:00,0,145731000,24.875,,18.281
2026-01-06T21:55:04+00:00,0,145731000,24.875,,18.1802
2026-01-06T22:00:04+00:00,0,145731000,24.875,,18.1549
2026-01-06T22:05:04+00:00,0,145731000,24.875,,18.1043
2026-01-06T22:10:04+00:00,0,145731000,24.875,,18.0027
2026-01-06T22:15:04+00:00,0,145731000,24.875,,17.9006
2026-01-06T22:20:04+00:00,0,145731000,24.875,,17.9006
2026-01-06T22:25:04+00:00,0,145731000,24.8125,,17.8238
2026-01-06T22:30:04+00:00,0,145731000,24.875,,17.7981
2026-01-06T22:35:04+00:00,0,145731000,24.8125,,17.7209
2026-01-06T22:40:04+00:00,0,145731000,24.875,,17.6435
2026-01-06T22:45:04+00:00,0,145731000,24.875,,17.6435
2026-01-06T22:50:04+00:00,0,145731000,24.8125,,17.4878
2026-01-06T22:55:04+00:00,0,145731000,24.8125,,17.4356
2026-01-06T23:00:04+00:00,0,145731000,24.875,,17.4095
2026-01-06T23:05:04+00:00,0,145731000,24.875,,17.331
2026-01-06T23:10:04+00:00,0,145731000,24.875,,17.2785
2026-01-06T23:15:04+00:00,0,145731000,24.875,,17.1731
2026-01-06T23:20:04+00:00,0,145731000,24.875,,17.1203
2026-01-06T23:25:04+00:00,0,145731000,24.8125,,17.0673
2026-01-06T23:30:04+00:00,0,145731000,24.8125,,16.8809
2026-01-06T23:35:04+00:00,0,145731000,24.8125,,16.8274
2026-01-06T23:40:04+00:00,0,145731000,24.8125,,16.7737
2026-01-06T23:45:04+00:00,0,145731000,24.8125,,16.693
2026-01-06T23:50:04+00:00,0,145731000,24.8125,,16.693
2026-01-06T23:55:04+00:00,0,145731000,24.8125,,16.5307
2026-01-07T00:00:04+00:00,0,145731000,24.875,,16.5578
2026-01-07T00:05:04+00:00,0,145731000,24.8125,,16.5849
2026-01-07T00:10:04+00:00,0,145731000,24.8125,,16.3673
2026-01-07T00:15:04+00:00,0,145731000,24.8125,,16.3673
2026-01-07T00:20:04+00:00,0,145731000,24.8125,,16.3399
2026-01-07T00:25:04+00:00,0,145731000,24.8125,,16.2851
2026-01-07T00:30:04+00:00,0,145731000,24.8125,,16.1154
2026-01-07T00:35:04+00:00,0,145731000,24.875,,16.0601
2026-01-07T00:40:04+00:00,0,145731000,24.8125,,15.949
2026-01-07T00:45:04+00:00,0,145731000,24.8125,,15.9768
2026-01-07T00:50:04+00:00,0,145731000,24.8125,,15.8933
2026-01-07T00:55:04+00:00,0,145731000,24.8125,,15.8095
2026-01-07T01:00:04+00:00,0,145731000,24.8125,,15.7815
2026-01-07T01:05:04+00:00,0,145731000,24.8125,,15.6692
2026-01-07T01:10:04+00:00,0,145731000,24.8125,,15.5563
2026-01-07T01:15:04+00:00,0,145731000,24.8125,,15.641
2026-01-07T01:20:04+00:00,0,145731000,24.8125,,15.5563
2026-01-07T01:25:04+00:00,0,145731000,24.8125,,15.4996
2026-01-07T01:30:04+00:00,0,145731000,24.8125,,15.3859
2026-01-07T01:35:04+00:00,0,145731000,24.8125,,15.3859
2026-01-07T01:40:04+00:00,0,145731000,24.8125,,15.3289
2026-01-07T01:45:04+00:00,0,145731000,24.8125,,15.1857
2026-01-07T01:50:04+00:00,0,145731000,24.8125,,15.1569
2026-01-07T01:55:04+00:00,0,145731000,24.8125,,15.0416
2026-01-07T02:00:04+00:00,0,145731000,24.8125,,14.9869
2026-01-07T02:05:04+00:00,0,145731000,24.8125,,14.9637
2026-01-07T02:10:04+00:00,0,145731000,24.8125,,14.9404
2026-01-07T02:15:04+00:00,0,145731000,24.8125,,14.8471
2026-01-07T02:20:04+00:00,0,145731000,24.8125,,14.8938
2026-01-07T02:25:04+00:00,0,145731000,24.8125,,14.8471
2026-01-07T02:30:04+00:00,0,145731000,24.8125,,14.8003
2026-01-07T02:35:04+00:00,0,145731000,24.8125,,14.7533
2026-01-07T02:40:04+00:00,0,145731000,24.8125,,14.659
2026-01-07T02:45:04+00:00,0,145731000,24.8125,,14.5881
2026-01-07T02:50:04+00:00,0,145731000,24.8125,,14.5643
2026-01-07T02:55:04+00:00,0,145731000,24.8125,,14.5881
2026-01-07T03:00:04+00:00,0,145731000,24.8125,,14.493
2026-01-07T03:05:04+00:00,0,145731000,24.8125,,14.4453
2026-01-07T03:10:04+00:00,0,145731000,24.8125,,14.4214
2026-01-07T03:15:04+00:00,0,145731000,24.8125,,14.3255
2026-01-07T03:20:04+00:00,0,145731000,24.8125,,14.3255
2026-01-07T03:25:04+00:00,0,145731000,24.8125,,14.2292
2026-01-07T03:30:04+00:00,0,145731000,24.8125,,14.2292
2026-01-07T03:35:04+00:00,0,145731000,24.8125,,14.1324
2026-01-07T03:40:04+00:00,0,145731000,24.8125,,14.1566
2026-01-07T03:45:04+00:00,0,145731000,24.8125,,14.0838
2026-01-07T03:50:04+00:00,0,145731000,24.8125,,14.0838
2026-01-07T03:55:04+00:00,0,145731000,24.8125,,14.0594
2026-01-07T04:00:04+00:00,0,145731000,24.8125,,13.9373
2026-01-07T04:05:04+00:00,0,145731000,24.8125,,14.0107
2026-01-07T04:10:04+00:00,0,145731000,24.8125,,13.9862
2026-01-07T04:15:04+00:00,0,145731000,24.8125,,13.9862
2026-01-07T04:20:04+00:00,0,145731000,24.8125,,13.9373
2026-01-07T04:25:04+00:00,0,145731000,24.8125,,13.839
2026-01-07T04:30:04+00:00,0,145731000,24.8125,,13.8144
2026-01-07T04:35:04+00:00,0,145731000,24.8125,,13.8637
2026-01-07T04:40:04+00:00,0,145731000,24.8125,,13.7155
2026-01-07T04:45:04+00:00,0,145731000,24.8125,,13.765
2026-01-07T04:50:04+00:00,0,145731000,24.8125,,13.7155
2026-01-07T04:52:18+00:00,0,145731000,24.8125,,13.6162
2026-01-07T04:55:02+00:00,0,145731000,24.8125,,13.6659
2026-01-07T05:00:02+00:00,0,145731000,24.8125,,13.6411
2026-01-07T05:05:02+00:00,0,145731000,24.8125,,13.4913
2026-01-07T05:10:02+00:00,0,145731000,24.8125,,13.5663
2026-01-07T05:15:02+00:00,0,145731000,24.8125,,13.4913
2026-01-07T05:20:02+00:00,0,145731000,24.8125,,13.4662
2026-01-07T05:25:02+00:00,0,145731000,24.8125,,13.416
2026-01-07T05:30:02+00:00,0,145731000,24.8125,,13.4411
2026-01-07T05:35:02+00:00,0,145731000,24.8125,,13.3908
2026-01-07T05:40:02+00:00,0,145731000,24.8125,,13.3908
2026-01-07T05:45:02+00:00,0,145731000,24.8125,,13.3404
2026-01-07T05:50:02+00:00,0,145731000,24.8125,,13.3151
2026-01-07T05:55:02+00:00,0,145731000,24.8125,,13.2645
2026-01-07T06:00:02+00:00,0,145731000,24.8125,,13.2645
2026-01-07T06:05:02+00:00,0,145731000,24.8125,,13.2645
2026-01-07T06:10:02+00:00,0,145731000,24.8125,,13.2137
2026-01-07T06:15:02+00:00,0,145731000,24.8125,,13.1374
2026-01-07T06:20:02+00:00,0,145731000,24.8125,,13.1629
2026-01-07T06:25:02+00:00,0,145731000,24.8125,,13.0351
2026-01-07T06:30:02+00:00,0,145731000,57.125,,13.0351
2026-01-07T06:35:02+00:00,0,145731000,377.188,,13.2391
2026-01-07T06:40:02+00:00,0,145731000,507.062,,14.4214
2026-01-07T06:45:02+00:00,0,145731000,718.125,,15.1857
2026-01-07T06:50:02+00:00,123,145731000,746.062,,16.4491
2026-01-07T06:55:02+00:00,246,145731000,745.562,,17.2259
2026-01-07T07:00:02+00:00,366,145731000,745.438,,17.8751
2026-01-07T07:05:02+00:00,495,145731000,745.5,,18.4812
2026-01-07T07:10:02+00:00,664,145731000,745.312,,19.0228
2026-01-07T07:15:02+00:00,619,145731000,745.5,,19.5752
2026-01-07T07:20:02+00:00,805,145731000,745.375,,20.0263
2026-01-07T07:25:02+00:00,874,145732000,745.438,,20.512
2026-01-07T07:30:02+00:00,838,145732000,745.438,,20.8542
2026-01-07T07:35:02+00:00,1137,145732000,745.625,,21.3799
2026-01-07T07:40:02+00:00,1852,145732000,745.562,,21.9221
2026-01-07T07:45:02+00:00,1695,145732000,745.5,,22.3741
2026-01-07T07:50:02+00:00,1954,145732000,746.25,,22.9991
2026-01-07T07:55:02+00:00,1442,145732000,745.938,,23.3312
2026-01-07T08:00:02+00:00,1764,145732000,745.812,,23.7466
2026-01-07T08:05:02+00:00,2003,145733000,745.438,,24.0814
2026-01-07T08:10:02+00:00,2272,145733000,746.062,,24.5329
2026-01-07T08:15:02+00:00,1160,145733000,745.938,,24.7256
2026-01-07T08:20:02+00:00,2529,145733000,746.125,,25.0488
2026-01-07T08:25:02+00:00,2575,145733000,746.062,,25.7137
2026-01-07T08:30:02+00:00,1690,145733000,745.375,,26.0689
2026-01-07T08:35:02+00:00,2708,145734000,745.5,,26.378
2026-01-07T08:40:02+00:00,3377,145734000,746,,26.9729
2026-01-07T08:45:02+00:00,4185,145734000,746,,27.703
2026-01-07T08:50:02+00:00,3005,145735000,745.5,,28.3759
2026-01-07T08:55:02+00:00,4607,145735000,745.375,,28.9694
2026-01-07T09:00:02+00:00,4525,145735000,745.562,,29.7541
2026-01-07T09:05:02+00:00,5109,145736000,745.625,,30.5112
2026-01-07T09:10:02+00:00,5287,145736000,744.938,,31.3922
2026-01-07T09:15:02+00:00,5481,145737000,745.438,,32.2785
2026-01-07T09:20:02+00:00,5519,145737000,745.25,,32.9577
2026-01-07T09:25:02+00:00,5754,145738000,745.625,,33.668
2026-01-07T09:30:02+00:00,6086,145738000,745.438,,34.3628
2026-01-07T09:35:02+00:00,6118,145739000,745.375,,35.1153
2026-01-07T09:40:02+00:00,5943,145739000,745.5,,35.7412
2026-01-07T09:45:02+00:00,6687,145740000,745.188,,36.5092
2026-01-07T09:50:02+00:00,6037,145740000,745.5,,36.7819
2026-01-07T09:55:02+00:00,6422,145741000,745.438,,37.3808
2026-01-07T10:00:02+00:00,6534,145741000,745.438,,38.3193
2026-01-07T10:05:02+00:00,6574,145742000,745.688,,39.0692
2026-01-07T10:10:02+00:00,7086,145742000,745.75,,39.6879
2026-01-07T10:15:02+00:00,7753,145743000,745.875,,40.626
2026-01-07T10:20:02+00:00,6580,145744000,745.375,,41.7004
2026-01-07T10:25:02+00:00,8269,145744000,745.875,,42.5377
2026-01-07T10:30:02+00:00,9001,145745000,745.812,,43.6322
2026-01-07T10:35:02+00:00,7395,145746000,745.812,,43.7247
2026-01-07T10:40:02+00:00,4732,145746000,745.938,,43.3535
2026-01-07T10:45:02+00:00,7962,145747000,745.562,,44.331
2026-01-07T10:50:02+00:00,4207,145747000,745.375,,44.2399
2026-01-07T10:55:02+00:00,9400,145748000,745.312,,44.179
2026-01-07T11:00:02+00:00,10617,145749000,745.562,,43.9039
2026-01-07T11:05:02+00:00,5630,145750000,746,,43.8784
2026-01-07T11:10:02+00:00,3829,145750000,745.625,,42.7536
2026-01-07T11:15:02+00:00,8087,145751000,745.625,,42.8166
2026-01-07T11:20:02+00:00,3713,145751000,745.5,,42.3737
2026-01-07T11:25:02+00:00,7783,145751000,745.375,,41.4736
2026-01-07T11:30:02+00:00,8942,145752000,745.438,,41.7327
2026-01-07T11:35:02+00:00,7904,145753000,745.375,,43.1302
2026-01-07T11:40:02+00:00,7900,145753000,745.5,,43.6579
2026-01-07T11:45:02+00:00,8603,145754000,745.562,,44.331
2026-01-07T11:50:02+00:00,9119,145755000,745.438,,44.6635
2026-01-07T11:55:02+00:00,8927,145756000,745.938,,45.3521
2026-01-07T12:00:02+00:00,9083,145756000,745.812,,45.6027
2026-01-07T12:05:02+00:00,9002,145757000,746,,46.0294
2026-01-07T12:10:02+00:00,8483,145758000,746.062,,46.4172
2026-01-07T12:15:02+00:00,6323,145758000,746.062,,46.4524
2026-01-07T12:20:02+00:00,8882,145759000,745.438,,46.8775
2026-01-07T12:25:02+00:00,8350,145760000,745.312,,47.1493
2026-01-07T12:30:02+00:00,8456,145761000,745.438,,47.4654
2026-01-07T12:35:02+00:00,8459,145761000,744.812,,47.6369
2026-01-07T12:40:02+00:00,8187,145762000,745.375,,47.7054
2026-01-07T12:45:02+00:00,8441,145763000,745.625,,47.7054
2026-01-07T12:50:02+00:00,8537,145763000,744.812,,47.9782
2026-01-07T12:55:02+00:00,7451,145764000,746.125,,47.8022
2026-01-07T13:00:02+00:00,8143,145765000,746.188,,48.0065
2026-01-07T13:05:02+00:00,7194,145765000,746.125,,47.6312
2026-01-07T13:10:02+00:00,6915,145766000,745.062,,47.431
2026-01-07T13:15:02+00:00,6886,145766000,744.938,,47.5684
2026-01-07T13:20:02+00:00,7421,145767000,744.875,,47.5341
2026-01-07T13:25:02+00:00,7400,145768000,745.5,,47.5627
2026-01-07T13:30:02+00:00,7190,145768000,744.875,,47.7054
2026-01-07T13:35:02+00:00,7005,145769000,745.438,,47.494
2026-01-07T13:40:02+00:00,6822,145769000,745.375,,47.6027
2026-01-07T13:45:02+00:00,6648,145770000,745,,47.4654
2026-01-07T13:50:02+00:00,6470,145771000,745.312,,47.431
2026-01-07T13:55:02+00:00,6316,145771000,745.438,,47.3277
2026-01-07T14:00:02+00:00,6181,145772000,745.438,,47.2529
2026-01-07T14:05:02+00:00,6034,145772000,745.25,,47.2587
2026-01-07T14:10:02+00:00,5877,145773000,744.938,,47.1204
2026-01-07T14:15:02+00:00,5725,145773000,745.312,,47.0858
2026-01-07T14:20:02+00:00,5438,145774000,745.375,,46.8079
2026-01-07T14:25:02+00:00,5284,145774000,745.562,,46.773
2026-01-07T14:30:02+00:00,5171,145775000,745.438,,46.5283
2026-01-07T14:35:02+00:00,4973,145775000,745.5,,46.3176
2026-01-07T14:40:02+00:00,4757,145775000,744.875,,46.0707
2026-01-07T14:45:02+00:00,4576,145776000,744.875,,45.7513
2026-01-07T14:50:02+00:00,4368,145776000,745.438,,45.5014
2026-01-07T14:55:02+00:00,4125,145777000,745.438,,45.2503
2026-01-07T15:00:02+00:00,3841,145777000,744.938,,45.0702
2026-01-07T15:05:02+00:00,3632,145777000,745.625,,44.7887
2026-01-07T15:10:02+00:00,3380,145778000,746.062,,44.3664
2026-01-07T15:15:02+00:00,3113,145778000,746.125,,44.1536
2026-01-07T15:20:02+00:00,2878,145778000,746.062,,43.6939
2026-01-07T15:25:02+00:00,2616,145778000,746,,43.3845
2026-01-07T15:30:02+00:00,2376,145779000,745.938,,43.0416
2026-01-07T15:35:02+00:00,2148,145779000,746.125,,42.5694
2026-01-07T15:40:02+00:00,1898,145779000,745.938,,42.2197
2026-01-07T15:45:02+00:00,1670,145779000,746.062,,41.7381
2026-01-07T15:50:02+00:00,1444,145779000,746.062,,41.3815
2026-01-07T15:55:02+00:00,1209,145779000,745.438,,40.8519
2026-01-07T16:00:02+00:00,1015,145779000,745.625,,40.521
2026-01-07T16:05:02+00:00,848,145779000,745.438,,40.0534
2026-01-07T16:10:02+00:00,692,145780000,746.125,,41.414
2026-01-07T16:15:02+00:00,570,145780000,746.062,,41.5764
2026-01-07T16:20:02+00:00,397,145780000,746.125,,41.3489
2026-01-07T16:25:02+00:00,299,145780000,745.438,,41.1802
2026-01-07T16:30:02+00:00,216,145780000,746,,40.8903
2026-01-07T16:35:02+00:00,116,145780000,746.062,,40.6592
2026-01-07T16:40:02+00:00,59,145780000,745.438,,40.4877
2026-01-07T16:45:02+00:00,96,145780000,745.875,,40.26
2026-01-07T16:50:02+00:00,65,145780000,744.062,,39.9333
2026-01-07T16:55:02+00:00,0,145780000,397.5,,38.5502
2026-01-07T17:00:02+00:00,0,145780000,63.125,,37.5044
2026-01-07T17:05:02+00:00,0,145780000,34.0625,,36.1476
2026-01-07T17:10:02+00:00,0,145780000,1.6875,,35.2413
2026-01-07T18:55:03+00:00,0,145780000,0,,0
2026-01-08T04:55:02+00:00,0,145780000,0,,0
2026-01-08T06:30:02+00:00,0,145780000,58.375,,15.2574
2026-01-08T06:35:02+00:00,0,145780000,663.25,,16.5578
2026-01-08T06:40:02+00:00,0,145780000,615.688,,18.3813
2026-01-08T06:45:02+00:00,0,145780000,827.188,,19.1924
2026-01-08T06:50:02+00:00,100,145780000,746,,19.9979
2026-01-08T06:55:02+00:00,102,145780000,745.625,,20.6578
2026-01-08T07:00:02+00:00,203,145780000,745.5,,21.3251
2026-01-08T07:05:02+00:00,327,145780000,745.938,,21.9623
2026-01-08T07:10:02+00:00,476,145780000,745.5,,22.5842
2026-01-08T07:15:02+00:00,653,145780000,745.312,,23.0761
2026-01-08T07:20:02+00:00,742,145780000,745.5,,23.5083
2026-01-08T07:25:02+00:00,862,145780000,745.375,,23.9579
2026-01-08T07:30:02+00:00,758,145780000,745.625,,24.2532
2026-01-08T07:35:02+00:00,749,145780000,745.5,,24.6415
2026-01-08T07:40:02+00:00,1230,145780000,745.562,,25.0049
2026-01-08T07:45:02+00:00,1489,145780000,745.5,,25.3542
2026-01-08T07:50:02+00:00,1593,145780000,745.438,,25.8136
2026-01-08T07:55:02+00:00,1820,145781000,745.875,,26.252
2026-01-08T08:00:02+00:00,2696,145781000,745.375,,26.8494
2026-01-08T08:05:02+00:00,2619,145781000,745.875,,27.3808
2026-01-08T08:10:02+00:00,1107,145781000,745.438,,27.7697
2026-01-08T08:15:02+00:00,2319,145781000,745.375,,27.9291
2026-01-08T08:20:02+00:00,1381,145782000,744.75,,28.2976
2026-01-08T08:25:02+00:00,2767,145782000,745.438,,28.5708
2026-01-08T08:30:02+00:00,3224,145782000,744.812,,29.0968
2026-01-08T08:35:02+00:00,3484,145782000,744.812,,29.5798
2026-01-08T08:40:02+00:00,3738,145782000,744.75,,30.092
2026-01-08T08:45:02+00:00,3784,145783000,744.875,,30.6893
2026-01-08T08:50:02+00:00,4099,145783000,745.938,,31.3729
2026-01-08T08:55:02+00:00,4294,145784000,745.625,,31.9762
2026-01-08T09:00:02+00:00,4523,145784000,745,,32.5034
2026-01-08T09:05:02+00:00,4707,145784000,745.5,,33.0405
2026-01-08T09:10:02+00:00,4868,145785000,745.312,,33.749
2026-01-08T09:15:02+00:00,5026,145785000,745.438,,34.4684
2026-01-08T09:20:02+00:00,5174,145786000,745.5,,34.9391
2026-01-08T09:25:02+00:00,5363,145786000,745.562,,35.6791
2026-01-08T09:30:02+00:00,5590,145786000,746.062,,36.2651
2026-01-08T09:35:02+00:00,5769,145787000,746.188,,37.1125
2026-01-08T09:40:02+00:00,5894,145787000,745.562,,37.7061
2026-01-08T09:45:02+00:00,6099,145788000,745.312,,38.4638
2026-01-08T09:50:02+00:00,6275,145789000,745.438,,39.1778
2026-01-08T09:55:02+00:00,6458,145789000,745.562,,39.7946
2026-01-08T10:00:02+00:00,6633,145790000,745.688,,40.4877
2026-01-08T10:05:02+00:00,6828,145790000,745.688,,41.2456
2026-01-08T10:10:02+00:00,6996,145791000,746.062,,42.0918
2026-01-08T10:15:02+00:00,7154,145791000,746.062,,42.8533
2026-01-08T10:20:02+00:00,7334,145792000,745.938,,43.5395
2026-01-08T10:25:02+00:00,7479,145793000,745,,44.3006
2026-01-08T10:30:02+00:00,7610,145793000,745.438,,44.8187
2026-01-08T10:35:02+00:00,7786,145794000,745.5,,42.9423
2026-01-08T10:40:02+00:00,7853,145795000,745.375,,43.1614
2026-01-08T10:45:02+00:00,7905,145795000,745.25,,43.4776
2026-01-08T10:50:02+00:00,8047,145796000,745.938,,43.9397
2026-01-08T10:55:02+00:00,8129,145797000,746,,44.2449
2026-01-08T11:00:02+00:00,8223,145797000,745.5,,44.8787
2026-01-08T11:05:02+00:00,8329,145798000,745.438,,45.2143
2026-01-08T11:10:02+00:00,8373,145799000,745.375,,45.6087
2026-01-08T11:15:02+00:00,8424,145800000,746.188,,45.9231
2026-01-08T11:20:02+00:00,8454,145800000,745.625,,46.388
2026-01-08T11:25:02+00:00,8412,145801000,745.562,,46.5634
2026-01-08T11:30:02+00:00,8306,145802000,745.938,,46.7323
2026-01-08T11:35:02+00:00,8298,145802000,746,,46.9412
2026-01-08T11:40:02+00:00,8700,145803000,746.125,,47.3908
2026-01-08T11:45:02+00:00,8540,145804000,745.688,,47.7396
2026-01-08T11:50:02+00:00,7924,145805000,746,,47.768
2026-01-08T11:55:02+00:00,8259,145805000,745.188,,47.6369
2026-01-08T12:00:02+00:00,6025,145806000,745.688,,46.9065
2026-01-08T12:05:02+00:00,8612,145806000,746.062,,47.5627
2026-01-08T12:10:02+00:00,8676,145807000,744.812,,48.0462
2026-01-08T12:15:02+00:00,8272,145808000,745.625,,48.0405
2026-01-08T12:20:02+00:00,8564,145808000,745.438,,48.0462
2026-01-08T12:25:02+00:00,8219,145809000,744.938,,48.3171
2026-01-08T12:30:02+00:00,8207,145810000,745.125,,48.5192
2026-01-08T12:35:02+00:00,7868,145811000,744.75,,48.5529
2026-01-08T12:40:02+00:00,8393,145811000,744.875,,48.7206
2026-01-08T12:45:02+00:00,7848,145812000,745.062,,48.62
2026-01-08T12:50:02+00:00,7908,145813000,745.375,,48.7875
2026-01-08T12:55:02+00:00,8040,145813000,745.625,,48.7485
2026-01-08T13:00:02+00:00,8096,145814000,745.562,,48.8877
2026-01-08T13:05:02+00:00,7434,145815000,744.875,,48.9211
2026-01-08T13:10:02+00:00,7524,145815000,745.5,,48.8153
2026-01-08T13:15:02+00:00,7596,145816000,744.875,,48.7875
2026-01-08T13:20:02+00:00,7851,145817000,744.812,,48.9211
2026-01-08T13:25:02+00:00,6552,145817000,744.938,,48.9211
2026-01-08T13:30:02+00:00,6484,145818000,744.938,,48.7206
2026-01-08T13:35:02+00:00,7482,145818000,745,,48.6536
2026-01-08T13:40:02+00:00,7068,145819000,745.062,,48.6871
2026-01-08T13:45:02+00:00,6504,145820000,745.062,,48.6536
2026-01-08T13:50:02+00:00,6518,145820000,744.75,,48.5529
2026-01-08T13:55:02+00:00,5869,145821000,745,,48.3846
2026-01-08T14:00:02+00:00,6364,145821000,745.688,,48.2157
2026-01-08T14:05:02+00:00,5888,145822000,745.562,,48.1084
2026-01-08T14:10:02+00:00,5624,145822000,744.812,,47.9101
2026-01-08T14:15:02+00:00,5929,145823000,744.812,,47.842
2026-01-08T14:20:02+00:00,5061,145823000,745.312,,47.4654
2026-01-08T14:25:02+00:00,5459,145824000,745.438,,47.4654
2026-01-08T14:30:02+00:00,4665,145824000,746,,47.2184
2026-01-08T14:35:02+00:00,4972,145824000,745.5,,46.9065
2026-01-08T14:40:02+00:00,4497,145825000,745.625,,46.8427
2026-01-08T14:45:02+00:00,4091,145825000,745.438,,46.347
2026-01-08T14:50:02+00:00,3860,145826000,745.625,,45.9231
2026-01-08T14:55:02+00:00,4065,145826000,745.562,,45.6741
2026-01-08T15:00:02+00:00,4009,145826000,745.438,,45.5014
2026-01-08T15:05:02+00:00,4025,145827000,745.938,,45.1002
2026-01-08T15:10:02+00:00,2734,145827000,745.375,,44.9385
2026-01-08T15:15:02+00:00,2360,145827000,746,,44.5479
2026-01-08T15:20:02+00:00,3045,145827000,746.062,,44.1536
2026-01-08T15:25:02+00:00,3252,145828000,745.375,,43.9346
2026-01-08T15:30:02+00:00,2825,145828000,746.188,,43.6322
2026-01-08T15:35:02+00:00,2389,145828000,745.688,,43.3224
2026-01-08T15:40:02+00:00,2117,145828000,746.188,,42.9476
2026-01-08T15:45:02+00:00,2329,145828000,746.125,,42.6958
2026-01-08T15:50:02+00:00,1851,145829000,746.062,,42.4108
2026-01-08T15:55:02+00:00,1181,145829000,745.875,,42.0598
2026-01-08T16:00:02+00:00,1211,145829000,746.188,,41.7704
2026-01-08T16:05:02+00:00,896,145829000,745.688,,41.3435
2026-01-08T16:10:02+00:00,713,145829000,745.438,,41.1148
2026-01-08T16:15:02+00:00,529,145829000,745.875,,40.7253
2026-01-08T16:20:02+00:00,410,145829000,745.562,,40.4877
2026-01-08T16:25:02+00:00,285,145829000,745.562,,40.087
2026-01-08T16:30:02+00:00,188,145829000,745.875,,41.414
2026-01-08T16:35:02+00:00,105,145829000,744.812,,41.7973
2026-01-08T16:40:02+00:00,76,145829000,746.062,,41.6735
2026-01-08T16:45:02+00:00,88,145829000,744.562,,41.5115
2026-01-08T16:50:02+00:00,0,145829000,336.875,,40.154
2026-01-08T16:55:02+00:00,0,145829000,40.25,,38.9556
2026-01-08T17:00:02+00:00,0,145829000,35.375,,37.7699
2026-01-08T17:05:02+00:00,0,145829000,1.75,,36.9375
2026-01-08T17:10:02+00:00,0,145829000,25,,35.3408
2026-01-08T17:15:02+00:00,0,145829000,25,,34.5517
2026-01-08T17:20:02+00:00,0,145829000,25,,33.9638
2026-01-08T17:25:02+00:00,0,145829000,25,,33.3148
2026-01-08T17:30:02+00:00,0,145829000,25,,32.6803
2026-01-08T17:35:02+00:00,0,145829000,25,,32.1466
2026-01-08T17:40:02+00:00,0,145829000,25,,31.6615
2026-01-08T17:45:02+00:00,0,145829000,25,,31.3148
2026-01-08T17:50:02+00:00,0,145829000,25,,30.9644
2026-01-08T17:55:02+00:00,0,145829000,25,,30.6103
2026-01-08T18:00:02+00:00,0,145829000,25,,30.092
2026-01-08T18:05:02+00:00,0,145829000,25,,29.7624
2026-01-08T18:10:02+00:00,0,145829000,24.9375,,29.5506
2026-01-08T18:15:02+00:00,0,145829000,24.9375,,29.1476
2026-01-08T18:20:02+00:00,0,145829000,24.9375,,29.0205
2026-01-08T18:25:02+00:00,0,145829000,24.9375,,28.7387
2026-01-08T18:30:02+00:00,0,145829000,24.9375,,28.402
2026-01-08T18:35:02+00:00,0,145829000,24.9375,,28.1665
2026-01-08T18:40:02+00:00,0,145829000,24.9375,,27.9556
2026-01-08T18:45:02+00:00,0,145829000,24.9375,,27.663
2026-01-08T18:47:41+00:00,0,145829000,24.9375,,27.6362
2026-01-08T18:50:04+00:00,0,145829000,24.9375,,27.4482
2026-01-08T18:55:04+00:00,0,145829000,24.9375,,27.2047
2026-01-08T19:00:04+00:00,0,145829000,24.9375,,26.9866
2026-01-08T19:05:04+00:00,0,145829000,24.875,,26.6562
2026-01-08T19:10:04+00:00,0,145829000,24.9375,,26.4618
2026-01-08T19:15:04+00:00,0,145829000,24.875,,26.294
2026-01-08T19:20:04+00:00,0,145829000,24.875,,26.0124
2026-01-08T19:25:04+00:00,0,145829000,24.9375,,25.8705
2026-01-08T19:30:04+00:00,0,145829000,25,,25.6708
2026-01-08T19:35:04+00:00,0,145829000,24.875,,25.3831
2026-01-08T19:40:04+00:00,0,145829000,24.9375,,25.2962
2026-01-08T19:45:04+00:00,0,145829000,24.875,,25.0926
2026-01-08T19:50:04+00:00,0,145829000,24.875,,24.8811
2026-01-08T19:55:04+00:00,0,145829000,24.9375,,24.7616
2026-01-08T20:00:04+00:00,0,145829000,24.9375,,24.6174
2026-01-08T20:05:04+00:00,0,145829000,24.9375,,24.4724
2026-01-08T20:10:04+00:00,0,145829000,24.875,,24.2776
2026-01-08T20:15:04+00:00,0,145829000,24.9375,,24.1797
2026-01-08T20:20:04+00:00,0,145829000,24.9375,,24.0321
2026-01-08T20:25:04+00:00,0,145829000,24.9375,,23.8835
2026-01-08T20:30:04+00:00,0,145829000,24.9375,,23.784
2026-01-08T20:35:04+00:00,0,145829000,24.9375,,23.6591
2026-01-08T20:40:04+00:00,0,145829000,24.9375,,23.6089
2026-01-08T20:45:04+00:00,0,145829000,24.9375,,23.5335
2026-01-08T20:50:04+00:00,0,145829000,24.9375,,23.4073
2026-01-08T20:55:04+00:00,0,145829000,24.9375,,23.4073
2026-01-08T21:00:04+00:00,0,145829000,24.875,,23.2804
2026-01-08T21:05:04+00:00,0,145829000,24.9375,,23.204
2026-01-08T21:10:04+00:00,0,145829000,24.9375,,23.1273
2026-01-08T21:15:04+00:00,0,145829000,24.9375,,22.9991
2026-01-08T21:20:04+00:00,0,145829000,24.9375,,22.8184
2026-01-08T21:25:04+00:00,0,145829000,24.9375,,22.7145
2026-01-08T21:30:04+00:00,0,145829000,24.9375,,22.6885
2026-01-08T21:35:04+00:00,0,145829000,24.9375,,22.6364
2026-01-08T21:40:04+00:00,0,145829000,24.9375,,22.5318
2026-01-08T21:45:04+00:00,0,145829000,24.9375,,22.4531
2026-01-08T21:50:04+00:00,0,145829000,24.875,,22.2949
2026-01-08T21:55:04+00:00,0,145829000,24.875,,22.2949
2026-01-08T22:00:04+00:00,0,145829000,24.9375,,22.1358
2026-01-08T22:05:04+00:00,0,145829000,24.9375,,22.0825
2026-01-08T22:10:04+00:00,0,145829000,24.9375,,21.9757
2026-01-08T22:15:04+00:00,0,145829000,24.9375,,21.7876
2026-01-08T22:20:04+00:00,0,145829000,24.875,,21.7606
2026-01-08T22:25:04+00:00,0,145829000,24.9375,,21.6795
2026-01-08T22:30:04+00:00,0,145829000,24.875,,21.6253
2026-01-08T22:35:04+00:00,0,145829000,24.875,,21.5165
2026-01-08T22:40:04+00:00,0,145829000,24.875,,21.4892
2026-01-08T22:45:04+00:00,0,145829000,24.875,,21.3799
2026-01-08T22:50:04+00:00,0,145829000,24.875,,21.3251
2026-01-08T22:55:04+00:00,0,145829000,24.9375,,21.2976
2026-01-08T23:00:04+00:00,0,145829000,24.875,,21.1598
2026-01-08T23:05:04+00:00,0,145829000,24.875,,21.1322
2026-01-08T23:10:04+00:00,0,145829000,24.875,,21.0768
2026-01-08T23:15:04+00:00,0,145829000,24.9375,,20.9658
2026-01-08T23:20:04+00:00,0,145829000,24.875,,20.91
2026-01-08T23:25:04+00:00,0,145829000,24.875,,20.91
2026-01-08T23:30:04+00:00,0,145829000,24.9375,,20.8542
2026-01-08T23:35:04+00:00,0,145829000,24.875,,20.7141
2026-01-08T23:40:04+00:00,0,145829000,24.875,,20.7982
2026-01-08T23:45:04+00:00,0,145829000,24.875,,20.7982
2026-01-08T23:50:04+00:00,0,145829000,24.875,,20.7422
2026-01-08T23:55:04+00:00,0,145829000,24.875,,20.686
2026-01-09T00:00:04+00:00,0,145829000,24.875,,20.686
2026-01-09T00:05:04+00:00,0,145829000,24.875,,20.6015
2026-01-09T00:10:04+00:00,0,145829000,24.875,,20.6015
2026-01-09T00:15:04+00:00,0,145829000,24.875,,20.6578
2026-01-09T00:20:04+00:00,0,145829000,24.875,,20.5732
2026-01-09T00:25:04+00:00,0,145829000,24.875,,20.545
2026-01-09T00:30:04+00:00,0,145829000,24.875,,20.4836
2026-01-09T00:35:04+00:00,0,145829000,24.875,,20.4836
2026-01-09T00:40:04+00:00,0,145829000,24.875,,20.4269
2026-01-09T00:45:04+00:00,0,145829000,24.875,,20.4553
2026-01-09T00:50:04+00:00,0,145829000,24.8125,,20.37
2026-01-09T00:55:04+00:00,0,145829000,24.875,,20.2845
2026-01-09T01:00:04+00:00,0,145829000,24.875,,20.2273
2026-01-09T01:05:04+00:00,0,145829000,24.875,,20.1414
2026-01-09T01:10:04+00:00,0,145829000,24.875,,20.0839
2026-01-09T01:15:04+00:00,0,145829000,24.875,,20.0551
2026-01-09T01:20:04+00:00,0,145829000,24.875,,19.9514
2026-01-09T01:25:04+00:00,0,145829000,24.875,,19.9514
2026-01-09T01:30:04+00:00,0,145829000,24.875,,19.928
2026-01-09T01:35:04+00:00,0,145829000,24.875,,19.9047
2026-01-09T01:40:04+00:00,0,145829000,24.875,,19.9047
2026-01-09T01:45:04+00:00,0,145829000,24.875,,19.8345
2026-01-09T01:50:04+00:00,0,145829000,24.875,,19.7876
2026-01-09T01:55:04+00:00,0,145829000,24.875,,19.8345
2026-01-09T02:00:04+00:00,0,145829000,24.875,,19.717
2026-01-09T02:05:04+00:00,0,145829000,24.875,,19.7876
2026-01-09T02:10:04+00:00,0,145829000,24.875,,19.6462
2026-01-09T02:15:04+00:00,0,145829000,24.875,,19.5989
2026-01-09T02:20:04+00:00,0,145829000,24.875,,19.5277
2026-01-09T02:25:04+00:00,0,145829000,24.875,,19.5515
2026-01-09T02:30:04+00:00,0,145829000,24.875,,19.5515
2026-01-09T02:35:04+00:00,0,145829000,24.875,,19.5039
2026-01-09T02:40:04+00:00,0,145829000,24.875,,19.5277
2026-01-09T02:45:04+00:00,0,145829000,24.875,,19.3846
2026-01-09T02:50:04+00:00,0,145829000,24.875,,19.4086
2026-01-09T02:55:04+00:00,0,145829000,24.875,,19.2887
2026-01-09T03:00:04+00:00,0,145829000,24.875,,19.3128
2026-01-09T03:05:04+00:00,0,145829000,24.875,,19.2887
2026-01-09T03:10:04+00:00,0,145829000,24.875,,19.2887
2026-01-09T03:15:04+00:00,0,145829000,24.875,,19.2887
2026-01-09T03:20:04+00:00,0,145829000,24.875,,19.2406
2026-01-09T03:25:04+00:00,0,145829000,24.875,,19.1683
2026-01-09T03:30:04+00:00,0,145829000,24.875,,19.0714
2026-01-09T03:35:04+00:00,0,145829000,24.875,,19.0471
2026-01-09T03:40:04+00:00,0,145829000,24.8125,,18.9741
2026-01-09T03:45:04+00:00,0,145829000,24.875,,19.0228
2026-01-09T03:50:04+00:00,0,145829000,24.875,,18.9985
2026-01-09T03:55:04+00:00,0,145829000,24.875,,18.9009
2026-01-09T04:00:04+00:00,0,145829000,24.875,,18.8764
2026-01-09T04:05:04+00:00,0,145829000,24.875,,18.8029
2026-01-09T04:10:04+00:00,0,145829000,24.875,,18.8029
2026-01-09T04:15:04+00:00,0,145829000,24.875,,18.7783
2026-01-09T04:20:04+00:00,0,145829000,24.875,,18.6797
2026-01-09T04:25:04+00:00,0,145829000,24.875,,18.6055
2026-01-09T04:30:04+00:00,0,145829000,24.875,,18.5559
2026-01-09T04:35:04+00:00,0,145829000,24.875,,18.4563
2026-01-09T04:40:04+00:00,0,145829000,24.8125,,18.4563
2026-01-09T04:45:04+00:00,0,145829000,24.875,,18.531
2026-01-09T04:48:16+00:00,0,145829000,24.875,,18.5559
2026-01-09T04:50:03+00:00,0,145829000,24.875,,18.5559
2026-01-09T04:55:03+00:00,0,145829000,24.875,,18.655
2026-01-09T05:00:03+00:00,0,145829000,24.875,,18.531
2026-01-09T05:05:03+00:00,0,145829000,24.875,,18.5061
2026-01-09T05:10:03+00:00,0,145829000,24.875,,18.4812
2026-01-09T05:15:03+00:00,0,145829000,24.875,,18.4313
2026-01-09T05:20:03+00:00,0,145829000,24.8125,,18.3563
2026-01-09T05:25:03+00:00,0,145829000,24.875,,18.3312
2026-01-09T05:30:03+00:00,0,145829000,24.875,,18.3563
2026-01-09T05:35:03+00:00,0,145829000,24.875,,18.2306
2026-01-09T05:40:03+00:00,0,145829000,24.875,,18.1802
2026-01-09T05:45:03+00:00,0,145829000,24.875,,18.1549
2026-01-09T05:50:03+00:00,0,145829000,24.875,,18.1043
2026-01-09T05:55:03+00:00,0,145829000,24.875,,18.1296
2026-01-09T06:00:03+00:00,0,145829000,24.875,,18.0789
2026-01-09T06:05:03+00:00,0,145829000,24.875,,18.0536
2026-01-09T06:10:03+00:00,0,145829000,24.875,,18.1296
2026-01-09T06:15:03+00:00,0,145829000,24.875,,18.0789
2026-01-09T06:20:03+00:00,0,145829000,24.875,,18.0027
2026-01-09T06:25:03+00:00,0,145829000,24.875,,17.9262
2026-01-09T06:30:03+00:00,0,145829000,24.875,,17.7981
2026-01-09T06:35:03+00:00,0,145829000,24.875,,17.5917
2026-01-09T06:40:03+00:00,0,145829000,24.8125,,17.2259
2026-01-09T06:45:03+00:00,0,145829000,25.0625,,16.9343
2026-01-09T06:50:03+00:00,0,145829000,24.875,,16.8274
2026-01-09T06:55:03+00:00,0,145829000,32.9375,,16.693
2026-01-09T07:00:03+00:00,0,145829000,32.1875,,16.5849
2026-01-09T07:05:03+00:00,0,145829000,43,,16.5578
2026-01-09T07:10:03+00:00,0,145829000,46.3125,,16.4491
2026-01-09T07:15:03+00:00,0,145829000,234.812,,17.2259
2026-01-09T07:20:03+00:00,96,145829000,745.375,,18.0536
2026-01-09T07:25:03+00:00,58,145829000,744.812,,19.5039
2026-01-09T07:30:03+00:00,93,145829000,745.312,,19.8579
2026-01-09T07:35:03+00:00,147,145829000,745.562,,20.7422
2026-01-09T07:40:03+00:00,274,145829000,746.062,,21.0768
2026-01-09T07:45:03+00:00,406,145829000,746.062,,21.3799
2026-01-09T07:50:03+00:00,312,145829000,745.5,,21.4892
2026-01-09T07:55:03+00:00,119,145829000,745.938,,21.7471
2026-01-09T08:00:03+00:00,109,145829000,745.312,,22.0292
2026-01-09T08:05:03+00:00,314,145829000,745.938,,22.2553
2026-01-09T08:10:03+00:00,417,145829000,744.75,,22.4005
2026-01-09T08:15:03+00:00,262,145829000,746.438,,22.5711
2026-01-09T08:20:03+00:00,359,145829000,745.375,,22.7405
2026-01-09T08:25:03+00:00,713,145829000,746.562,,23.0119
2026-01-09T08:30:03+00:00,825,145829000,745.312,,23.1657
2026-01-09T08:35:03+00:00,631,145830000,746,,23.2167
2026-01-09T08:40:03+00:00,902,145830000,745.5,,23.3058
2026-01-09T08:45:03+00:00,1304,145830000,746.438,,23.5461
2026-01-09T08:50:03+00:00,1183,145830000,745.312,,23.6591
2026-01-09T08:55:03+00:00,1289,145830000,745.375,,23.7965
2026-01-09T09:00:03+00:00,1462,145830000,746,,24.0197
2026-01-09T09:05:03+00:00,1610,145830000,744.625,,24.2776
2026-01-09T09:10:03+00:00,1020,145830000,745.438,,24.4602
2026-01-09T09:15:03+00:00,429,145830000,745.375,,24.4238
2026-01-09T09:20:03+00:00,240,145830000,745.375,,24.3021
2026-01-09T09:25:03+00:00,202,145830000,745.375,,24.2287
2026-01-09T09:30:03+00:00,333,145830000,745.938,,24.2165
2026-01-09T09:35:03+00:00,449,145830000,745.875,,24.192
2026-01-09T09:40:03+00:00,371,145830000,746,,24.0444
2026-01-09T09:45:03+00:00,419,145831000,745.438,,23.9331
2026-01-09T09:50:03+00:00,645,145831000,745.562,,23.9083
2026-01-09T09:55:03+00:00,183,145831000,744.875,,23.9331
2026-01-09T10:00:03+00:00,557,145831000,746,,23.9455
2026-01-09T10:05:03+00:00,525,145831000,745.875,,24.0444
2026-01-09T10:10:03+00:00,757,145831000,745.438,,23.9826
2026-01-09T10:15:03+00:00,588,145831000,745.875,,23.995
2026-01-09T10:20:03+00:00,584,145831000,745.188,,23.8835
2026-01-09T10:25:03+00:00,3415,145831000,745.312,,24.3265
2026-01-09T10:30:03+00:00,2063,145831000,745.5,,24.545
2026-01-09T10:35:03+00:00,824,145831000,745.688,,24.7376
2026-01-09T10:40:03+00:00,2070,145832000,745.312,,24.8334
2026-01-09T10:45:03+00:00,485,145832000,745.875,,24.8692
2026-01-09T10:50:03+00:00,2192,145832000,745.938,,24.7736
2026-01-09T10:55:03+00:00,3425,145832000,745.938,,25.0926
2026-01-09T11:00:03+00:00,1174,145832000,746,,25.1072
2026-01-09T11:05:03+00:00,3938,145832000,745.375,,25.8705
2026-01-09T11:10:03+00:00,2302,145833000,745.312,,26.4339
2026-01-09T11:15:03+00:00,3484,145833000,745.75,,26.6701
2026-01-09T11:20:03+00:00,1812,145833000,746,,26.5869
2026-01-09T11:25:03+00:00,975,145833000,744.812,,26.4339
2026-01-09T11:30:03+00:00,3459,145833000,745.375,,26.294
2026-01-09T11:35:03+00:00,3217,145834000,745.938,,26.6285
2026-01-09T11:40:03+00:00,8317,145834000,745.688,,28.8158
2026-01-09T11:45:03+00:00,10435,145835000,745.812,,30.541
2026-01-09T11:50:03+00:00,3194,145836000,745.25,,31.7954
2026-01-09T11:55:03+00:00,2033,145836000,745.875,,30.1021
2026-01-09T12:00:03+00:00,6301,145836000,745.312,,29.9273
2026-01-09T12:05:03+00:00,2442,145837000,745.25,,31.247
2026-01-09T12:10:03+00:00,9462,145837000,745.562,,31.6903
2026-01-09T12:15:03+00:00,10733,145838000,745.375,,33.686
2026-01-09T12:20:03+00:00,9975,145839000,745.5,,34.6261
2026-01-09T12:25:03+00:00,10359,145839000,745.688,,35.0838
2026-01-09T12:30:03+00:00,2949,145840000,745.188,,34.2569
2026-01-09T12:35:03+00:00,10298,145840000,745.188,,35.4921
2026-01-09T12:40:03+00:00,10111,145841000,745.125,,36.1732
2026-01-09T12:45:03+00:00,9793,145842000,745.875,,35.5857
2026-01-09T12:50:03+00:00,11032,145843000,745.938,,37.4698
2026-01-09T12:55:03+00:00,10771,145843000,745.375,,39.4595
2026-01-09T13:00:03+00:00,8789,145844000,745.375,,40.4545
2026-01-09T13:05:03+00:00,9458,145845000,745.375,,39.3189
2026-01-09T13:10:03+00:00,5809,145846000,745.438,,38.9793
2026-01-09T13:15:03+00:00,0,145846000,817.5,,36.3874
2026-01-09T13:20:03+00:00,3937,145846000,745.75,,33.7849
2026-01-09T13:25:03+00:00,5500,145846000,745.25,,34.5473
2026-01-09T13:30:03+00:00,3011,145847000,745.125,,34.521
2026-01-09T13:35:03+00:00,1097,145847000,745.812,,33.2875
2026-01-09T13:40:03+00:00,1945,145847000,745.188,,32.4005
2026-01-09T13:45:03+00:00,3682,145847000,745.75,,32.2032
2026-01-09T13:50:03+00:00,3776,145848000,745.938,,32.0615
2026-01-09T13:55:03+00:00,4029,145848000,745.562,,32.3349
2026-01-09T14:00:03+00:00,6371,145848000,745.25,,32.363
2026-01-09T14:05:03+00:00,2020,145849000,745.312,,32.6431
2026-01-09T14:10:03+00:00,3545,145849000,745.438,,32.3067
2026-01-09T14:15:03+00:00,2160,145849000,745.875,,32.2314
2026-01-09T14:20:03+00:00,3838,145850000,745.438,,32.1655
2026-01-09T14:25:03+00:00,2872,145850000,745.812,,32.0047
2026-01-09T14:30:03+00:00,2480,145850000,745.938,,31.6615
2026-01-09T14:35:03+00:00,2691,145850000,745.75,,31.2857
2026-01-09T14:40:03+00:00,2071,145851000,745.938,,30.9937
2026-01-09T14:45:03+00:00,910,145851000,745.188,,29.8532
2026-01-09T14:50:03+00:00,643,145851000,745.375,,29.0459
2026-01-09T14:55:03+00:00,461,145851000,745.312,,28.532
2026-01-09T15:00:03+00:00,785,145851000,745.312,,27.7164
2026-01-09T15:05:03+00:00,896,145851000,745.375,,27.1504
2026-01-09T15:10:03+00:00,778,145851000,745.375,,26.6839
2026-01-09T15:15:03+00:00,397,145851000,745.875,,26.6562
2026-01-09T15:20:03+00:00,87,145851000,743.188,,26.7392
2026-01-09T15:25:03+00:00,73,145851000,744.062,,26.7115
2026-01-09T15:30:03+00:00,0,145851000,437,,24.8572
2026-01-09T15:35:03+00:00,0,145851000,446.312,,23.4199
2026-01-09T15:40:03+00:00,446,145851000,745.312,,22.2155
2026-01-09T15:45:03+00:00,79,145851000,745.188,,22.3478
2026-01-09T15:50:03+00:00,248,145851000,745.312,,22.0292
2026-01-09T15:55:03+00:00,158,145851000,745.312,,21.8415
2026-01-09T16:00:03+00:00,601,145851000,745.25,,21.8415
2026-01-09T16:05:03+00:00,214,145851000,745.375,,21.8684
2026-01-09T16:10:03+00:00,55,145851000,744.875,,21.9042
2026-01-09T16:15:03+00:00,97,145851000,745.688,,21.9087
2026-01-09T16:20:03+00:00,0,145851000,323.625,,20.5732
2026-01-09T16:25:03+00:00,0,145851000,417.812,,19.8579
2026-01-09T16:30:03+00:00,0,145851000,359,,19.2406
2026-01-09T16:35:03+00:00,64,145851000,745.25,,19.6934
2026-01-09T16:40:03+00:00,72,145851000,744.938,,19.8579
2026-01-09T16:45:03+00:00,0,145851000,334.5,,19.0309
2026-01-09T16:50:03+00:00,0,145851000,351.25,,18.7291
2026-01-09T16:55:03+00:00,0,145851000,41.5625,,18.1043
2026-01-09T17:00:03+00:00,0,145851000,36.875,,17.5138
2026-01-09T17:05:03+00:00,0,145851000,3.125,,17.0408
2026-01-09T17:10:03+00:00,0,145851000,1.25,,16.8809
2026-01-09T17:15:03+00:00,0,145851000,1.25,,16.8809
2026-01-09T18:55:03+00:00,0,145851000,0,,0
2026-01-10T04:55:03+00:00,0,145851000,0,,0
2026-01-10T06:30:03+00:00,0,145851000,29.3125,,10.9087
2026-01-10T06:35:03+00:00,0,145851000,49.375,,11.1627
2026-01-10T06:40:03+00:00,0,145851000,306.438,,11.3303
2026-01-10T06:45:03+00:00,0,145851000,467.5,,12.6731
2026-01-10T06:50:03+00:00,84,145851000,745.375,,13.6659
2026-01-10T06:55:03+00:00,121,145851000,745.938,,15.0416
2026-01-10T07:00:03+00:00,240,145851000,745.5,,16.0601
2026-01-10T07:05:03+00:00,416,145851000,746.125,,16.8274
2026-01-10T07:10:03+00:00,390,145851000,745.5,,17.4878
2026-01-10T07:15:03+00:00,229,145851000,745.438,,18.1802
2026-01-10T07:20:03+00:00,130,145851000,745.312,,18.6797
2026-01-10T07:25:03+00:00,89,145851000,745.438,,19.0471
2026-01-10T07:30:03+00:00,294,145851000,745.5,,19.3846
2026-01-10T07:35:03+00:00,580,145851000,745.375,,19.5752
2026-01-10T07:40:03+00:00,1651,145852000,745.5,,20.0839
2026-01-10T07:45:03+00:00,2128,145852000,745.375,,20.7702
2026-01-10T07:50:03+00:00,1072,145852000,745.5,,21.3251
2026-01-10T07:55:03+00:00,1109,145852000,745.188,,21.6253
2026-01-10T08:00:03+00:00,814,145852000,745.312,,21.8952
2026-01-10T08:05:03+00:00,1806,145852000,745.312,,22.1624
2026-01-10T08:10:03+00:00,1775,145852000,745.312,,22.6625
2026-01-10T08:15:03+00:00,1445,145852000,745.188,,23.0504
2026-01-10T08:20:03+00:00,1069,145853000,745.188,,23.204
2026-01-10T08:25:03+00:00,2676,145853000,745.25,,23.5335
2026-01-10T08:30:03+00:00,1067,145853000,745.375,,23.9331
2026-01-10T08:35:03+00:00,831,145853000,745.375,,24.0567
2026-01-10T08:40:03+00:00,1794,145853000,745.312,,24.3265
2026-01-10T08:45:03+00:00,1018,145853000,745.438,,24.5208
2026-01-10T08:50:03+00:00,679,145853000,745.5,,24.5691
2026-01-10T08:55:03+00:00,1000,145853000,745.125,,24.6415
2026-01-10T09:00:03+00:00,1414,145853000,745.375,,24.7136
2026-01-10T09:05:03+00:00,1384,145854000,745.438,,24.9287
2026-01-10T09:10:03+00:00,2401,145854000,745.5,,25.2091
2026-01-10T09:15:03+00:00,3109,145854000,745.438,,25.9557
2026-01-10T09:20:03+00:00,3510,145854000,745.438,,26.4339
2026-01-10T09:25:03+00:00,2214,145854000,745.312,,27.1231
2026-01-10T09:30:03+00:00,3717,145855000,745.438,,27.5558
2026-01-10T09:35:03+00:00,5529,145855000,745.562,,28.1665
2026-01-10T09:40:03+00:00,3273,145855000,745.438,,28.7644
2026-01-10T09:45:03+00:00,2606,145856000,745.375,,28.7387
2026-01-10T09:50:03+00:00,3658,145856000,745.25,,29.1222
2026-01-10T09:55:03+00:00,4515,145856000,746.062,,30.3123
2026-01-10T10:00:03+00:00,6481,145857000,745.25,,32.7545
2026-01-10T10:05:03+00:00,5046,145858000,745.312,,33.4783
2026-01-10T10:10:03+00:00,4470,145858000,745.438,,33.8028
2026-01-10T10:15:03+00:00,7304,145859000,745.562,,35.3669
2026-01-10T10:20:03+00:00,3281,145859000,744.875,,35.4556
2026-01-10T10:25:03+00:00,3190,145860000,745.438,,36.6609
2026-01-10T10:30:03+00:00,11666,145860000,745.875,,35.896
2026-01-10T10:35:03+00:00,6106,145861000,745.438,,37.2021
2026-01-10T10:40:03+00:00,5728,145862000,746.062,,37.3808
2026-01-10T10:45:03+00:00,4879,145862000,745.812,,38.7272
2026-01-10T10:50:03+00:00,4899,145863000,745.375,,38.9793
2026-01-10T10:55:03+00:00,4143,145863000,745.188,,38.1742
2026-01-10T11:00:03+00:00,3492,145864000,745.375,,37.4994
2026-01-10T11:05:03+00:00,2401,145864000,745.438,,36.6609
2026-01-10T11:10:03+00:00,3219,145864000,745.25,,36.0503
2026-01-10T11:15:03+00:00,2870,145864000,745.188,,35.7412
2026-01-10T11:20:03+00:00,2984,145865000,745.312,,35.3355
2026-01-10T11:25:03+00:00,2232,145865000,745.188,,34.9909
2026-01-10T11:30:03+00:00,2554,145865000,745.375,,34.809
2026-01-10T11:35:03+00:00,2018,145865000,745.125,,34.7046
2026-01-10T11:40:03+00:00,2664,145865000,745.25,,34.3364
2026-01-10T11:45:03+00:00,3717,145866000,745.5,,34.6523
2026-01-10T11:50:03+00:00,4292,145866000,745.438,,35.1153
2026-01-10T11:55:03+00:00,2773,145866000,745.438,,34.9909
2026-01-10T12:00:03+00:00,1967,145867000,745.375,,34.6523
2026-01-10T12:05:03+00:00,2771,145867000,745.438,,34.2038
2026-01-10T12:10:03+00:00,3812,145867000,745.312,,34.7046
2026-01-10T12:15:03+00:00,6345,145868000,745.375,,35.8651
2026-01-10T12:20:03+00:00,6647,145868000,745.625,,38.2613
2026-01-10T12:25:03+00:00,9631,145869000,745.625,,38.6651
2026-01-10T12:30:03+00:00,4619,145870000,745.375,,39.2625
2026-01-10T12:35:03+00:00,3785,145870000,745.688,,39.1542
2026-01-10T12:40:03+00:00,5123,145871000,745.312,,39.5715
2026-01-10T12:45:03+00:00,2618,145871000,745.812,,38.8986
2026-01-10T12:50:03+00:00,3338,145871000,745.938,,38.0042
2026-01-10T12:55:03+00:00,4417,145872000,745.5,,37.765
2026-01-10T13:00:03+00:00,9163,145872000,745.5,,40.3879
2026-01-10T13:05:03+00:00,11306,145873000,745.875,,40.8244
2026-01-10T13:10:03+00:00,4153,145874000,745.188,,40.9506
2026-01-10T13:15:03+00:00,10597,145874000,745.875,,40.8903
2026-01-10T13:20:03+00:00,4948,145875000,745.438,,40.7529
2026-01-10T13:25:03+00:00,6348,145875000,745.875,,41.2511
2026-01-10T13:30:03+00:00,3393,145876000,745.812,,40.5597
2026-01-10T13:35:03+00:00,3913,145876000,745.875,,39.7714
2026-01-10T13:40:03+00:00,1628,145876000,745.375,,39.0077
2026-01-10T13:45:03+00:00,1651,145876000,745.625,,38.0334
2026-01-10T13:50:03+00:00,1746,145877000,745.375,,37.4402
2026-01-10T13:55:03+00:00,1938,145877000,745.375,,36.9626
2026-01-10T14:00:03+00:00,6980,145877000,745.5,,36.9926
2026-01-10T14:05:03+00:00,7541,145878000,745.438,,38.2903
2026-01-10T14:10:03+00:00,3702,145878000,745.188,,38.8653
2026-01-10T14:15:03+00:00,6686,145879000,745.438,,39.347
2026-01-10T14:20:03+00:00,7132,145879000,745.312,,39.2907
2026-01-10T14:25:03+00:00,4498,145880000,745.188,,39.5155
2026-01-10T14:30:03+00:00,4193,145880000,745.25,,39.0077
2026-01-10T14:35:03+00:00,4062,145880000,745.312,,38.6938
2026-01-10T14:40:03+00:00,5680,145881000,745.25,,38.3193
2026-01-10T14:45:03+00:00,6157,145881000,745.312,,38.7511
2026-01-10T14:50:03+00:00,5843,145882000,745.312,,39.0645
2026-01-10T14:55:03+00:00,5627,145882000,745.438,,39.2907
2026-01-10T15:00:03+00:00,3623,145883000,745.375,,39.206
2026-01-10T15:05:03+00:00,2978,145883000,745.438,,38.0578
2026-01-10T15:10:03+00:00,4077,145883000,745.938,,37.9458
2026-01-10T15:15:03+00:00,3679,145884000,745.438,,37.9994
2026-01-10T15:20:03+00:00,3508,145884000,745.438,,37.5586
2026-01-10T15:25:03+00:00,2050,145884000,745.438,,37.0826
2026-01-10T15:30:03+00:00,3341,145884000,745.188,,36.9024
2026-01-10T15:35:03+00:00,2584,145885000,745.312,,36.6306
2026-01-10T15:40:03+00:00,1660,145885000,745.25,,36.2039
2026-01-10T15:45:03+00:00,2201,145885000,745.625,,35.963
2026-01-10T15:50:03+00:00,1836,145885000,745.312,,35.7412
2026-01-10T15:55:03+00:00,1586,145885000,745.375,,35.3042
2026-01-10T16:00:03+00:00,1263,145885000,745.375,,35.0205
2026-01-10T16:05:03+00:00,905,145885000,745.375,,34.7046
2026-01-10T16:10:03+00:00,817,145886000,745.25,,34.5473
2026-01-10T16:15:03+00:00,633,145886000,745.438,,34.3364
2026-01-10T16:20:03+00:00,402,145886000,745.5,,34.2038
2026-01-10T16:25:03+00:00,304,145886000,745.375,,33.9638
2026-01-10T16:30:03+00:00,179,145886000,745.438,,33.8028
2026-01-10T16:35:03+00:00,60,145886000,745.375,,33.6139
2026-01-10T16:40:03+00:00,88,145886000,745.438,,33.4239
2026-01-10T16:45:03+00:00,57,145886000,745.562,,33.3694
2026-01-10T16:50:03+00:00,0,145886000,399.312,,32.4005
2026-01-10T16:55:03+00:00,0,145886000,415.312,,31.6615
2026-01-10T17:00:03+00:00,0,145886000,62.3125,,30.4019
2026-01-10T17:05:03+00:00,0,145886000,36.8125,,29.1856
2026-01-10T17:10:03+00:00,0,145886000,2.5,,28.389
2026-01-10T17:15:03+00:00,0,145886000,1.375,,27.9159
2026-01-10T17:20:03+00:00,0,145886000,1.375,,27.9159
2026-01-10T18:55:02+00:00,0,145886000,0,,0
2026-01-11T04:55:03+00:00,0,145886000,0,,0
2026-01-11T06:30:03+00:00,0,145886000,34.9375,,9.2086
2026-01-11T06:35:03+00:00,0,145886000,51,,9.47783
2026-01-11T06:40:03+00:00,0,145886000,395.938,,10.2944
2026-01-11T06:45:03+00:00,0,145886000,467.688,,11.6022
2026-01-11T06:50:03+00:00,0,145886000,822.688,,12.7555
2026-01-11T06:55:03+00:00,105,145886000,745.375,,13.9414
2026-01-11T07:00:03+00:00,79,145886000,745.938,,14.5643
2026-01-11T07:05:03+00:00,87,145886000,745.312,,15.3003
2026-01-11T07:10:03+00:00,239,145886000,745.312,,16.0139
2026-01-11T07:15:03+00:00,333,145886000,746,,16.666
2026-01-11T07:20:03+00:00,457,145886000,745.312,,17.3048
2026-01-11T07:25:03+00:00,605,145886000,745.562,,17.7981
2026-01-11T07:30:03+00:00,776,145886000,745.438,,18.2306
2026-01-11T07:35:03+00:00,1038,145886000,745.562,,18.7291
2026-01-11T07:40:03+00:00,1244,145886000,745.438,,19.2406
2026-01-11T07:45:03+00:00,1415,145886000,745.312,,19.6934
2026-01-11T07:50:03+00:00,1348,145886000,745.312,,20.0839
2026-01-11T07:55:03+00:00,1914,145886000,745.375,,20.6297
2026-01-11T08:00:03+00:00,2176,145887000,746.375,,21.2288
2026-01-11T08:05:03+00:00,2398,145887000,745.25,,21.7876
2026-01-11T08:10:03+00:00,2624,145887000,745.312,,22.4268
2026-01-11T08:15:03+00:00,2897,145887000,745.875,,23.0248
2026-01-11T08:20:03+00:00,3192,145888000,745.938,,23.4578
2026-01-11T08:25:03+00:00,3438,145888000,745.5,,24.0567
2026-01-11T08:30:03+00:00,3693,145888000,745.375,,24.6656
2026-01-11T08:35:03+00:00,3981,145888000,745.938,,25.3542
2026-01-11T08:40:03+00:00,4216,145889000,745.188,,26.0972
2026-01-11T08:45:03+00:00,4448,145889000,745.312,,26.8769
2026-01-11T08:50:03+00:00,4650,145890000,745.375,,27.5826
2026-01-11T08:55:03+00:00,4852,145890000,745.438,,28.2714
2026-01-11T09:00:03+00:00,5037,145890000,745.312,,28.9694
2026-01-11T09:05:03+00:00,5238,145891000,745.25,,29.6546
2026-01-11T09:10:03+00:00,5399,145891000,745.375,,30.3322
2026-01-11T09:15:03+00:00,5599,145892000,745.312,,31.1595
2026-01-11T09:20:03+00:00,5783,145892000,745.375,,31.7954
2026-01-11T09:25:03+00:00,5976,145893000,745.375,,32.5873
2026-01-11T09:30:03+00:00,6172,145893000,746.125,,33.2601
2026-01-11T09:35:03+00:00,6384,145894000,744.875,,34.0351
2026-01-11T09:40:03+00:00,6549,145894000,745.812,,34.6785
2026-01-11T09:45:03+00:00,6711,145895000,745.375,,35.3669
2026-01-11T09:50:03+00:00,6883,145896000,745.312,,36.1425
2026-01-11T09:55:03+00:00,7082,145896000,745.25,,36.8422
2026-01-11T10:00:03+00:00,7266,145897000,745.812,,37.6177
2026-01-11T10:05:03+00:00,7460,145897000,745.375,,38.3193
2026-01-11T10:10:03+00:00,7685,145898000,746.062,,39.0361
2026-01-11T10:15:03+00:00,7893,145899000,745.312,,39.739
2026-01-11T10:20:03+00:00,8067,145899000,745.875,,40.4933
2026-01-11T10:25:03+00:00,8260,145900000,745.125,,41.2456
2026-01-11T10:30:03+00:00,8396,145901000,745.312,,41.9582
2026-01-11T10:35:03+00:00,8482,145902000,745.938,,42.7589
2026-01-11T10:40:03+00:00,8621,145902000,746.062,,43.4156
2026-01-11T10:45:03+00:00,8723,145903000,745.812,,44.0009
2026-01-11T10:50:03+00:00,8829,145904000,745.812,,44.6685
2026-01-11T10:55:03+00:00,8887,145905000,745.938,,43.4466
2026-01-11T11:00:03+00:00,8975,145905000,745.5,,42.3419
2026-01-11T11:05:03+00:00,9025,145906000,746,,42.4108
2026-01-11T11:10:03+00:00,9052,145907000,745.938,,42.8219
2026-01-11T11:15:03+00:00,9099,145908000,745.5,,43.1926
2026-01-11T11:20:03+00:00,9124,145908000,745.938,,43.5395
2026-01-11T11:25:03+00:00,9137,145909000,745.688,,43.7555
2026-01-11T11:30:03+00:00,9170,145910000,746,,44.0009
2026-01-11T11:35:03+00:00,9193,145911000,745.312,,44.2703
2026-01-11T11:40:03+00:00,9218,145912000,745.875,,44.3967
2026-01-11T11:45:03+00:00,9213,145912000,745.125,,44.8487
2026-01-11T11:50:03+00:00,9203,145913000,745.312,,44.9983
2026-01-11T11:55:03+00:00,9179,145914000,745.75,,45.028
2026-01-11T12:00:03+00:00,9123,145915000,745.938,,45.3162
2026-01-11T12:05:03+00:00,9112,145916000,745.375,,45.5372
2026-01-11T12:10:03+00:00,9120,145916000,745.562,,45.68
2026-01-11T12:15:03+00:00,9067,145917000,745.438,,45.7157
2026-01-11T12:20:03+00:00,8999,145918000,746.188,,45.8165
2026-01-11T12:25:03+00:00,8937,145919000,746.125,,45.9231
2026-01-11T12:30:03+00:00,8918,145919000,745.312,,46.106
2026-01-11T12:35:03+00:00,8834,145920000,745.312,,46.1414
2026-01-11T12:40:03+00:00,8731,145921000,746.062,,46.2061
2026-01-11T12:45:03+00:00,8665,145922000,746.062,,46.1001
2026-01-11T12:50:03+00:00,8588,145922000,746.188,,46.1708
2026-01-11T12:55:03+00:00,8514,145923000,746.188,,46.3118
2026-01-11T13:00:03+00:00,8441,145924000,746.125,,46.4524
2026-01-11T13:05:03+00:00,8322,145925000,746,,46.4524
2026-01-11T13:10:03+00:00,8226,145925000,745.875,,46.5225
2026-01-11T13:15:03+00:00,8066,145926000,745.5,,46.388
2026-01-11T13:20:03+00:00,8003,145927000,745.375,,46.4231
2026-01-11T13:25:03+00:00,7890,145927000,745.438,,46.4933
2026-01-11T13:30:03+00:00,7751,145928000,745.438,,46.3176
2026-01-11T13:35:03+00:00,7589,145929000,745.562,,46.3176
2026-01-11T13:40:03+00:00,7411,145929000,745.812,,46.1001
2026-01-11T13:45:03+00:00,7254,145930000,745.438,,46.2824
2026-01-11T13:50:03+00:00,7092,145931000,745.25,,46.2119
2026-01-11T13:55:03+00:00,6950,145931000,745.438,,46.0707
2026-01-11T14:00:03+00:00,6766,145932000,745.562,,46.0707
2026-01-11T14:05:03+00:00,6594,145932000,745.438,,45.7869
2026-01-11T14:10:03+00:00,6395,145933000,745.5,,45.5372
2026-01-11T14:15:03+00:00,6215,145933000,745.938,,45.2803
2026-01-11T14:20:03+00:00,6037,145934000,745.688,,45.2503
2026-01-11T14:25:03+00:00,5863,145934000,746,,44.8737
2026-01-11T14:30:03+00:00,5685,145935000,746.062,,44.6083
2026-01-11T14:35:03+00:00,5461,145935000,745.938,,44.3664
2026-01-11T14:40:03+00:00,5339,145936000,745.5,,44.118
2026-01-11T14:45:03+00:00,5084,145936000,746.188,,43.7862
2026-01-11T14:50:03+00:00,4853,145937000,746,,43.4156
2026-01-11T14:55:03+00:00,4659,145937000,746.062,,43.0103
2026-01-11T15:00:03+00:00,4450,145938000,746,,42.6642
2026-01-11T15:05:03+00:00,4205,145938000,746,,42.2197
2026-01-11T15:10:03+00:00,3956,145938000,746,,41.8026
2026-01-11T15:15:03+00:00,3712,145939000,746.062,,41.3163
2026-01-11T15:20:03+00:00,3485,145939000,746,,40.8903
2026-01-11T15:25:03+00:00,3235,145939000,745.875,,40.4268
2026-01-11T15:30:03+00:00,2981,145939000,745.5,,40.8519
2026-01-11T15:35:03+00:00,2710,145940000,745.938,,41.6088
2026-01-11T15:40:03+00:00,2422,145940000,746.062,,41.479
2026-01-11T15:45:03+00:00,2154,145940000,746,,41.1202
2026-01-11T15:50:03+00:00,1851,145940000,745.5,,40.7859
2026-01-11T15:55:03+00:00,1556,145940000,745.5,,40.2878
2026-01-11T16:00:03+00:00,1219,145941000,745.875,,39.7714
2026-01-11T16:05:03+00:00,1034,145941000,746,,39.347
2026-01-11T16:10:03+00:00,847,145941000,745.812,,39.0692
2026-01-11T16:15:03+00:00,674,145941000,745.562,,38.6938
2026-01-11T16:20:03+00:00,528,145941000,745.5,,38.3772
2026-01-11T16:25:03+00:00,342,145941000,746.062,,38.0918
2026-01-11T16:30:03+00:00,245,145941000,745.625,,37.853
2026-01-11T16:35:03+00:00,149,145941000,745,,37.529
2026-01-11T16:40:03+00:00,75,145941000,745.25,,37.232
2026-01-11T16:45:03+00:00,83,145941000,746.062,,36.9626
2026-01-11T16:50:03+00:00,60,145941000,745.375,,36.6912
2026-01-11T16:55:03+00:00,0,145941000,456.75,,35.3669
2026-01-11T17:00:03+00:00,0,145941000,194.812,,34.521
2026-01-11T17:05:03+00:00,0,145941000,37.0625,,33.3421
2026-01-11T17:10:03+00:00,0,145941000,3.0625,,32.0899
2026-01-11T18:55:03+00:00,0,145941000,0,,0
2026-01-12T04:55:02+00:00,0,145941000,0,,0
2026-01-12T06:30:02+00:00,0,145941000,25.8125,,8.2417
2026-01-12T06:35:02+00:00,0,145941000,49.25,,8.60242
2026-01-12T06:40:02+00:00,0,145941000,402.75,,9.15508
2026-01-12T06:45:02+00:00,0,145941000,425.312,,10.2115
2026-01-12T06:50:02+00:00,0,145941000,759.438,,11.2932
2026-01-12T06:55:02+00:00,120,145941000,745.75,,11.7073
2026-01-12T07:00:02+00:00,137,145941000,745.188,,13.2898
2026-01-12T07:05:02+00:00,228,145941000,745.875,,13.9373
2026-01-12T07:10:02+00:00,321,145941000,745.938,,14.6117
2026-01-12T07:15:02+00:00,408,145941000,745.875,,15.2431
2026-01-12T07:20:02+00:00,540,145941000,745.875,,15.8933
2026-01-12T07:25:02+00:00,677,145941000,746,,16.5035
2026-01-12T07:30:02+00:00,823,145941000,745.688,,17.0938
2026-01-12T07:35:02+00:00,999,145941000,745.875,,17.5917
2026-01-12T07:40:02+00:00,1189,145941000,745.875,,18.0536
2026-01-12T07:45:02+00:00,1403,145941000,744.75,,18.5144
2026-01-12T07:50:02+00:00,1633,145942000,744.875,,19.0309
2026-01-12T07:55:02+00:00,1872,145942000,745.25,,19.5989
2026-01-12T08:00:02+00:00,2100,145942000,745.375,,19.9747
2026-01-12T08:05:02+00:00,2322,145942000,745.438,,20.6015
2026-01-12T08:10:02+00:00,2551,145942000,744.812,,21.2793
2026-01-12T08:15:02+00:00,2803,145943000,745.312,,21.8684
2026-01-12T08:20:02+00:00,3105,145943000,745.312,,22.5056
2026-01-12T08:25:02+00:00,3350,145943000,745.438,,23.1017
2026-01-12T08:30:02+00:00,3607,145943000,745.312,,23.634
2026-01-12T08:35:02+00:00,3871,145944000,745.375,,24.2042
2026-01-12T08:40:02+00:00,4132,145944000,745.438,,24.7616
2026-01-12T08:45:02+00:00,4386,145944000,745.438,,25.4697
2026-01-12T08:50:02+00:00,4581,145945000,745.438,,26.1254
2026-01-12T08:55:02+00:00,4798,145945000,745.562,,26.7115
2026-01-12T09:00:02+00:00,4990,145946000,745.438,,27.259
2026-01-12T09:05:02+00:00,5218,145946000,745.438,,27.8495
2026-01-12T09:10:02+00:00,5396,145947000,745.5,,28.428
2026-01-12T09:15:02+00:00,5583,145947000,745.312,,29.0205
2026-01-12T09:20:02+00:00,5798,145947000,745.312,,29.6048
2026-01-12T09:25:02+00:00,6001,145948000,745.625,,30.0619
2026-01-12T09:30:02+00:00,6206,145948000,745.562,,30.6004
2026-01-12T09:35:02+00:00,6382,145949000,745.438,,31.2761
2026-01-12T09:40:02+00:00,6564,145950000,745.625,,31.9382
2026-01-12T09:45:02+00:00,6676,145950000,745.562,,32.6431
2026-01-12T09:50:02+00:00,6864,145951000,746.125,,33.4511
2026-01-12T09:55:02+00:00,6998,145951000,746,,34.0974
2026-01-12T10:00:02+00:00,7225,145952000,745.375,,34.7046
2026-01-12T10:05:02+00:00,7496,145953000,746.125,,35.3355
2026-01-12T10:10:02+00:00,7673,145953000,745.5,,35.9887
2026-01-12T10:15:02+00:00,7914,145954000,745.312,,36.6306
2026-01-12T10:20:02+00:00,8165,145955000,744.75,,37.1075
2026-01-12T10:25:02+00:00,8329,145955000,746,,37.7061
2026-01-12T10:30:02+00:00,8446,145956000,745.625,,38.2903
2026-01-12T10:35:02+00:00,8669,145957000,745.438,,38.7224
2026-01-12T10:40:02+00:00,8743,145958000,745.25,,39.0361
2026-01-12T10:45:02+00:00,8824,145958000,745.438,,39.5995
2026-01-12T10:50:02+00:00,8915,145959000,745.312,,39.9056
2026-01-12T10:55:02+00:00,8931,145960000,745.438,,40.4545
2026-01-12T11:00:02+00:00,9111,145961000,745.5,,40.8519
2026-01-12T11:05:02+00:00,9137,145961000,745.375,,41.2783
2026-01-12T11:10:02+00:00,9111,145962000,745.375,,41.765
2026-01-12T11:15:02+00:00,9180,145963000,745.625,,42.0224
2026-01-12T11:20:02+00:00,9268,145964000,745.438,,42.31
2026-01-12T11:25:02+00:00,9277,145964000,745.438,,42.5007
2026-01-12T11:30:02+00:00,9368,145965000,745.438,,42.8166
2026-01-12T11:35:02+00:00,9172,145966000,745.312,,43.0364
2026-01-12T11:40:02+00:00,9434,145967000,745.25,,43.1614
2026-01-12T11:45:02+00:00,9423,145968000,745.938,,43.0989
2026-01-12T11:50:02+00:00,9437,145968000,745.438,,43.255
2026-01-12T11:55:02+00:00,9448,145969000,745.375,,43.5343
2026-01-12T12:00:02+00:00,9754,145970000,745.438,,43.4724
2026-01-12T12:05:02+00:00,9519,145971000,746.5,,43.6322
2026-01-12T12:10:02+00:00,9467,145972000,745.312,,43.8118
2026-01-12T12:15:02+00:00,9160,145972000,745.312,,43.9652
2026-01-12T12:20:02+00:00,9164,145973000,745.875,,44.0315
2026-01-12T12:25:02+00:00,8981,145974000,745.375,,43.9652
2026-01-12T12:30:02+00:00,8934,145975000,745.938,,43.8477
2026-01-12T12:35:02+00:00,8873,145976000,745.938,,43.9703
2026-01-12T12:40:02+00:00,8821,145976000,745.875,,44.0009
2026-01-12T12:45:02+00:00,8767,145977000,744.938,,44.057
2026-01-12T12:50:02+00:00,9047,145978000,745.375,,43.9958
2026-01-12T12:55:02+00:00,8773,145979000,745.812,,44.1231
2026-01-12T13:00:02+00:00,8600,145979000,745.438,,43.7503
2026-01-12T13:05:02+00:00,8737,145980000,746,,43.9346
2026-01-12T13:10:02+00:00,9557,145981000,745.938,,43.7555
2026-01-12T13:15:02+00:00,8552,145981000,745.062,,43.9958
2026-01-12T13:20:02+00:00,7981,145982000,745.125,,43.8732
2026-01-12T13:25:02+00:00,8024,145983000,745.562,,43.7811
2026-01-12T13:30:02+00:00,8166,145984000,744.938,,43.7503
2026-01-12T13:35:02+00:00,7971,145984000,746.562,,43.663
2026-01-12T13:40:02+00:00,7603,145985000,746.062,,43.7555
2026-01-12T13:45:02+00:00,7507,145985000,745.438,,42.9109
2026-01-12T13:50:02+00:00,7233,145986000,745.5,,42.7851
2026-01-12T13:55:02+00:00,2082,145986000,745.75,,41.6412
2026-01-12T14:00:02+00:00,7194,145987000,745.75,,40.8574
2026-01-12T14:05:02+00:00,7451,145987000,745.438,,41.3435
2026-01-12T14:10:02+00:00,7082,145988000,745.438,,41.6358
2026-01-12T14:15:02+00:00,7157,145989000,745.812,,41.9635
2026-01-12T14:20:02+00:00,6566,145989000,745.5,,41.9582
2026-01-12T14:25:02+00:00,6108,145990000,746,,41.7004
2026-01-12T14:30:02+00:00,5983,145990000,745.438,,41.3109
2026-01-12T14:35:02+00:00,2531,145991000,745.375,,40.2878
2026-01-12T14:40:02+00:00,1666,145991000,745.312,,39.1212
2026-01-12T14:45:02+00:00,3076,145991000,745.625,,38.3482
2026-01-12T14:50:02+00:00,1295,145991000,745.438,,37.5882
2026-01-12T14:55:02+00:00,1882,145991000,745.375,,36.7517
2026-01-12T15:00:02+00:00,4120,145991000,745.438,,36.2039
2026-01-12T15:05:02+00:00,4640,145992000,745.188,,36.5396
2026-01-12T15:10:02+00:00,3843,145992000,745.438,,36.5396
2026-01-12T15:15:02+00:00,1520,145992000,745.312,,35.9269
2026-01-12T15:20:02+00:00,2407,145993000,745.25,,35.1153
2026-01-12T15:25:02+00:00,2493,145993000,745.188,,34.8351
2026-01-12T15:30:02+00:00,2313,145993000,745.25,,34.3628
2026-01-12T15:35:02+00:00,2147,145993000,745.312,,34.0974
2026-01-12T15:40:02+00:00,1895,145993000,745.438,,33.8566
2026-01-12T15:45:02+00:00,1405,145993000,745.875,,33.641
2026-01-12T15:50:02+00:00,886,145994000,745.938,,33.2328
2026-01-12T15:55:02+00:00,849,145994000,745.75,,32.8193
2026-01-12T16:00:02+00:00,966,145994000,745.812,,32.4566
2026-01-12T16:05:02+00:00,698,145994000,745.938,,32.2314
2026-01-12T16:10:02+00:00,578,145994000,745.875,,31.9762
2026-01-12T16:15:02+00:00,609,145994000,745.938,,31.7763
2026-01-12T16:20:02+00:00,459,145994000,746.125,,31.6328
2026-01-12T16:25:02+00:00,313,145994000,745.875,,31.3438
2026-01-12T16:30:02+00:00,286,145994000,745.188,,31.0426
2026-01-12T16:35:02+00:00,188,145994000,745.438,,30.7484
2026-01-12T16:40:02+00:00,98,145994000,745.375,,30.4815
2026-01-12T16:45:02+00:00,83,145994000,745.375,,30.3322
2026-01-12T16:50:02+00:00,88,145994000,745.25,,30.1221
2026-01-12T16:55:02+00:00,0,145994000,358,,29.0459
2026-01-12T17:00:02+00:00,0,145994000,198.438,,28.3498
2026-01-12T17:05:02+00:00,0,145994000,38.875,,27.2047
2026-01-12T17:10:02+00:00,0,145994000,14.25,,26.0124
2026-01-12T17:15:02+00:00,0,145994000,1.375,,25.2382
2026-01-12T17:20:02+00:00,0,145994000,1.375,,25.2382
2026-01-12T19:00:03+00:00,0,145994000,0,,0
2026-01-13T05:00:03+00:00,0,145994000,0,,0
2026-01-13T06:30:03+00:00,0,145994000,26.125,,9.71907
2026-01-13T06:35:03+00:00,0,145994000,44.375,,10.0398
2026-01-13T06:40:03+00:00,0,145994000,81.25,,10.275
2026-01-13T06:45:03+00:00,0,145994000,781.125,,11.6251
2026-01-13T06:50:03+00:00,89,145994000,745.375,,13.7444
2026-01-13T06:55:03+00:00,224,145994000,745.438,,14.7807
2026-01-13T07:00:03+00:00,288,145994000,745.312,,15.4807
2026-01-13T07:05:03+00:00,592,145994000,746.062,,16.2302
2026-01-13T07:10:03+00:00,744,145994000,745.25,,16.7468
2026-01-13T07:15:03+00:00,612,145994000,745.875,,17.2785
2026-01-13T07:20:03+00:00,1020,145994000,746,,17.5138
2026-01-13T07:25:03+00:00,1063,145994000,745.375,,17.9517
2026-01-13T07:30:03+00:00,542,145994000,745.812,,18.1802
2026-01-13T07:35:03+00:00,1083,145994000,745.438,,18.4563
2026-01-13T07:40:03+00:00,1148,145995000,745.188,,18.7291
2026-01-13T07:45:03+00:00,1121,145995000,745.812,,18.9498
2026-01-13T07:50:03+00:00,1048,145995000,745.25,,19.1441
2026-01-13T07:55:03+00:00,582,145995000,745.312,,19.2406
2026-01-13T08:00:03+00:00,1355,145995000,745.375,,19.3367
2026-01-13T08:05:03+00:00,2161,145995000,745.75,,19.5752
2026-01-13T08:10:03+00:00,2492,145995000,745.188,,20.17
2026-01-13T08:15:03+00:00,1267,145995000,745.375,,20.1987
2026-01-13T08:20:03+00:00,1114,145996000,745.375,,20.1414
2026-01-13T08:25:03+00:00,1558,145996000,745.125,,20.17
2026-01-13T08:30:03+00:00,1653,145996000,745.312,,20.4553
2026-01-13T08:35:03+00:00,2647,145996000,745.875,,20.7702
2026-01-13T08:40:03+00:00,1361,145996000,745.938,,20.9658
2026-01-13T08:45:03+00:00,1655,145996000,745.312,,20.7702
2026-01-13T08:50:03+00:00,1441,145996000,745.312,,20.8262
2026-01-13T08:55:03+00:00,2577,145997000,745.25,,20.9658
2026-01-13T09:00:03+00:00,2991,145997000,745.25,,21.5981
2026-01-13T09:05:03+00:00,3110,145997000,745.312,,21.7606
2026-01-13T09:10:03+00:00,5352,145997000,745.75,,22.2155
2026-01-13T09:15:03+00:00,5089,145998000,745.438,,23.0504
2026-01-13T09:20:03+00:00,2712,145998000,746.688,,23.9207
2026-01-13T09:25:03+00:00,3037,145999000,746.625,,23.7216
2026-01-13T09:30:03+00:00,1663,145999000,745.438,,23.1785
2026-01-13T09:35:03+00:00,2704,145999000,745.562,,23.2804
2026-01-13T09:40:03+00:00,1987,145999000,746,,23.204
2026-01-13T09:45:03+00:00,1272,145999000,746.062,,22.883
2026-01-13T09:50:03+00:00,1619,146000000,745.875,,22.7795
2026-01-13T09:55:03+00:00,1876,146000000,746.438,,22.7795
2026-01-13T10:00:03+00:00,343,146000000,745.5,,22.5056
2026-01-13T10:05:03+00:00,954,146000000,745.312,,22.3478
2026-01-13T10:10:03+00:00,1468,146000000,745.5,,22.2949
2026-01-13T10:15:03+00:00,1026,146000000,745.875,,22.2155
2026-01-13T10:20:03+00:00,1144,146000000,745.25,,22.1358
2026-01-13T10:25:03+00:00,1377,146000000,745.25,,22.1358
2026-01-13T10:30:03+00:00,1010,146000000,745.438,,22.1624
2026-01-13T10:35:03+00:00,2400,146000000,746.125,,22.3741
2026-01-13T10:40:03+00:00,1741,146001000,745.562,,22.3741
2026-01-13T10:45:03+00:00,2952,146001000,745.562,,22.7405
2026-01-13T10:50:03+00:00,4173,146001000,745.438,,23.3058
2026-01-13T10:55:03+00:00,11605,146002000,746,,26.4896
2026-01-13T11:00:03+00:00,2818,146002000,745.938,,26.6977
2026-01-13T11:05:03+00:00,4209,146003000,745.312,,26.9592
2026-01-13T11:10:03+00:00,2160,146003000,745.375,,26.4618
2026-01-13T11:15:03+00:00,2452,146003000,745.438,,25.6708
2026-01-13T11:20:03+00:00,2074,146004000,746,,25.5991
2026-01-13T11:25:03+00:00,857,146004000,746.375,,24.7736
2026-01-13T11:30:03+00:00,1978,146004000,745.375,,24.2776
2026-01-13T11:35:03+00:00,852,146004000,745.75,,23.8835
2026-01-13T11:40:03+00:00,1186,146004000,745.5,,23.1529
2026-01-13T11:45:03+00:00,1882,146004000,745.25,,22.8443
2026-01-13T11:50:03+00:00,2506,146004000,745.625,,23.1017
2026-01-13T11:55:03+00:00,2404,146005000,746,,24.2899
2026-01-13T12:00:03+00:00,3204,146005000,745.438,,23.9083
2026-01-13T12:05:03+00:00,3307,146005000,745.875,,24.9049
2026-01-13T12:10:03+00:00,3591,146006000,746,,25.2237
2026-01-13T12:15:03+00:00,4191,146006000,746,,25.9557
2026-01-13T12:20:03+00:00,2250,146006000,745.75,,25.1363
2026-01-13T12:25:03+00:00,571,146006000,746.062,,24.4602
2026-01-13T12:30:03+00:00,579,146006000,746,,23.9083
2026-01-13T12:35:03+00:00,528,146007000,745.812,,23.3439
2026-01-13T12:40:03+00:00,716,146007000,745.5,,22.7665
2026-01-13T12:45:03+00:00,2704,146007000,745.375,,22.4268
2026-01-13T12:50:03+00:00,472,146007000,746.188,,22.4005
2026-01-13T12:55:03+00:00,733,146007000,745.625,,21.1322
2026-01-13T13:00:03+00:00,1690,146007000,745.438,,20.1414
2026-01-13T13:05:03+00:00,3344,146007000,745.312,,20.9379
2026-01-13T13:10:03+00:00,642,146007000,745.438,,20.6297
2026-01-13T13:15:03+00:00,733,146008000,745.438,,20.313
2026-01-13T13:20:03+00:00,464,146008000,745.688,,20.2845
2026-01-13T13:25:03+00:00,1319,146008000,745.5,,20.17
2026-01-13T13:30:03+00:00,1323,146008000,745.688,,20.3416
2026-01-13T13:35:03+00:00,882,146008000,745.438,,20.4836
2026-01-13T13:40:03+00:00,482,146008000,745.375,,20.7141
2026-01-13T13:45:03+00:00,391,146008000,745.5,,20.8821
2026-01-13T13:50:03+00:00,796,146008000,745.25,,20.5732
2026-01-13T13:55:03+00:00,859,146008000,745.562,,20.2845
2026-01-13T14:00:03+00:00,1117,146008000,745.5,,20.1414
2026-01-13T14:05:03+00:00,608,146008000,744.875,,20.0407
2026-01-13T14:10:03+00:00,935,146008000,745.438,,19.9047
2026-01-13T14:15:03+00:00,1244,146008000,745.5,,19.8111
2026-01-13T14:20:03+00:00,706,146008000,745.438,,19.8813
2026-01-13T14:25:03+00:00,655,146009000,745.375,,19.8813
2026-01-13T14:30:03+00:00,250,146009000,745.312,,20.0263
2026-01-13T14:35:03+00:00,801,146009000,745.5,,20.17
2026-01-13T14:40:03+00:00,1378,146009000,745.25,,20.313
2026-01-13T14:45:03+00:00,422,146009000,744.938,,20.2416
2026-01-13T14:50:03+00:00,500,146009000,745.5,,20.313
2026-01-13T14:55:03+00:00,305,146009000,745.312,,20.2273
2026-01-13T15:00:03+00:00,538,146009000,745.438,,20.0839
2026-01-13T15:05:03+00:00,271,146009000,745.5,,20.0839
2026-01-13T15:10:03+00:00,329,146009000,745.688,,19.9747
2026-01-13T15:15:03+00:00,794,146009000,745.5,,19.8579
2026-01-13T15:20:03+00:00,396,146009000,744.812,,19.8189
2026-01-13T15:25:03+00:00,280,146009000,745.438,,19.8813
2026-01-13T15:30:03+00:00,77,146009000,745.375,,19.928
2026-01-13T15:35:03+00:00,17,146009000,745.438,,19.8579
2026-01-13T15:40:03+00:00,107,146009000,745.375,,19.9047
2026-01-13T15:45:03+00:00,113,146009000,745.25,,19.8579
2026-01-13T15:50:03+00:00,0,146009000,814,,18.7044
2026-01-13T15:55:03+00:00,384,146009000,745.312,,18.6797
2026-01-13T16:00:03+00:00,193,146009000,745.438,,18.8274
2026-01-13T16:05:03+00:00,322,146009000,745.875,,18.8764
2026-01-13T16:10:03+00:00,367,146009000,745.5,,19.0228
2026-01-13T16:15:03+00:00,493,146009000,745.438,,19.1199
2026-01-13T16:20:03+00:00,607,146009000,745.312,,19.2406
2026-01-13T16:25:03+00:00,335,146009000,745.5,,19.4801
2026-01-13T16:30:03+00:00,188,146009000,745.375,,19.6226
2026-01-13T16:35:03+00:00,24,146009000,745.375,,19.7641
2026-01-13T16:40:03+00:00,71,146009000,743.312,,19.8579
2026-01-13T16:45:03+00:00,0,146009000,380,,18.5061
2026-01-13T16:50:03+00:00,0,146009000,388.25,,17.5398
2026-01-13T16:55:03+00:00,0,146009000,334.438,,17.1467
2026-01-13T17:00:03+00:00,0,146009000,204.438,,16.5578
2026-01-13T17:05:03+00:00,0,146009000,21.8125,,15.8095
2026-01-13T17:10:03+00:00,0,146009000,9.375,,15.3289
2026-01-13T17:15:03+00:00,0,146009000,2.9375,,15.1281
2026-01-13T17:20:03+00:00,0,146009000,2.9375,,15.1281
2026-01-13T19:00:03+00:00,0,146009000,0,,0
2026-01-14T05:00:03+00:00,0,146009000,0,,0
2026-01-14T06:40:03+00:00,0,146009000,25.375,,9.71907
2026-01-14T06:45:03+00:00,0,146009000,33.25,,9.98064
2026-01-14T06:50:03+00:00,0,146009000,36.4375,,10.1234
2026-01-14T06:55:03+00:00,0,146009000,77.5,,10.4448
2026-01-14T07:00:03+00:00,0,146009000,496.75,,11.5472
2026-01-14T07:05:03+00:00,0,146009000,655.812,,12.5947
2026-01-14T07:10:03+00:00,114,146009000,745.562,,13.8923
2026-01-14T07:15:03+00:00,142,146009000,745.438,,14.7337
2026-01-14T07:20:03+00:00,129,146009000,744.938,,15.4807
2026-01-14T07:25:03+00:00,146,146009000,745.5,,16.1476
2026-01-14T07:30:03+00:00,299,146009000,745.625,,16.693
2026-01-14T07:35:03+00:00,480,146009000,745.188,,17.1467
2026-01-14T07:40:03+00:00,440,146009000,745.375,,17.6176
2026-01-14T07:45:03+00:00,441,146010000,745.438,,17.9262
2026-01-14T07:50:03+00:00,348,146010000,745.312,,18.2558
2026-01-14T07:55:03+00:00,408,146010000,745.438,,18.5807
2026-01-14T08:00:03+00:00,559,146010000,745.438,,18.7783
2026-01-14T08:05:03+00:00,967,146010000,745.375,,18.9985
2026-01-14T08:10:03+00:00,971,146010000,745.375,,19.3607
2026-01-14T08:15:03+00:00,1262,146010000,745.5,,19.4563
2026-01-14T08:20:03+00:00,1602,146010000,745.312,,19.7641
2026-01-14T08:25:03+00:00,5262,146010000,745.312,,20.9658
2026-01-14T08:30:03+00:00,3842,146011000,745.375,,22.2155
2026-01-14T08:35:03+00:00,1846,146011000,745.375,,22.3214
2026-01-14T08:40:03+00:00,3215,146011000,745.375,,22.4794
2026-01-14T08:45:03+00:00,2203,146011000,745.312,,22.5842
2026-01-14T08:50:03+00:00,1955,146012000,745.438,,22.5056
2026-01-14T08:55:03+00:00,4057,146012000,745.438,,22.9476
2026-01-14T09:00:03+00:00,1687,146012000,745.438,,23.2295
2026-01-14T09:05:03+00:00,2253,146012000,745.375,,23.1529
2026-01-14T09:10:03+00:00,1898,146012000,745.438,,23.4831
2026-01-14T09:15:03+00:00,1419,146013000,745.5,,23.2804
2026-01-14T09:20:03+00:00,1733,146013000,746.062,,23.2804
2026-01-14T09:25:03+00:00,2621,146013000,745.312,,23.3819
2026-01-14T09:30:03+00:00,1647,146013000,745.562,,23.5838
2026-01-14T09:35:03+00:00,1295,146013000,746,,23.634
2026-01-14T09:40:03+00:00,1691,146013000,745.562,,23.5335
2026-01-14T09:45:03+00:00,1609,146014000,745.5,,23.7091
2026-01-14T09:50:03+00:00,1334,146014000,745.5,,23.7091
2026-01-14T09:55:03+00:00,1358,146014000,746.562,,23.8214
2026-01-14T10:00:03+00:00,1338,146014000,745.625,,23.8089
2026-01-14T10:05:03+00:00,2193,146014000,746,,23.8835
2026-01-14T10:10:03+00:00,997,146014000,745.5,,24.0321
2026-01-14T10:15:03+00:00,987,146014000,745.562,,23.9083
2026-01-14T10:20:03+00:00,1065,146014000,746.125,,23.784
2026-01-14T10:25:03+00:00,770,146014000,745.688,,23.7341
2026-01-14T10:30:03+00:00,1020,146015000,745.688,,23.6089
2026-01-14T10:35:03+00:00,1426,146015000,745.5,,23.5838
2026-01-14T10:40:03+00:00,1097,146015000,745.5,,23.6591
2026-01-14T10:45:03+00:00,2247,146015000,745.375,,23.8587
2026-01-14T10:50:03+00:00,2794,146015000,745.938,,24.1797
2026-01-14T10:55:03+00:00,1878,146015000,746.188,,24.5691
2026-01-14T11:00:03+00:00,1677,146015000,745.562,,24.4724
2026-01-14T11:05:03+00:00,0,146015000,815.75,,23.0761
2026-01-14T11:10:03+00:00,3261,146016000,745.312,,24.0321
2026-01-14T11:15:03+00:00,3737,146016000,745.938,,24.8214
2026-01-14T11:20:03+00:00,4309,146016000,745.25,,25.6708
2026-01-14T11:25:03+00:00,3848,146017000,745.375,,26.378
2026-01-14T11:30:03+00:00,2086,146017000,745.438,,26.6839
2026-01-14T11:35:03+00:00,2350,146017000,745.438,,26.294
2026-01-14T11:40:03+00:00,889,146017000,745.438,,26.0972
2026-01-14T11:45:03+00:00,2228,146017000,745.75,,25.7851
2026-01-14T11:50:03+00:00,3238,146018000,745.25,,26.0407
2026-01-14T11:55:03+00:00,5145,146018000,745.25,,27.0139
2026-01-14T12:00:03+00:00,3966,146018000,745.25,,27.5289
2026-01-14T12:05:03+00:00,4224,146019000,745.438,,27.8495
2026-01-14T12:10:03+00:00,2519,146019000,745.312,,28.0613
2026-01-14T12:15:03+00:00,1909,146019000,746.062,,27.596
2026-01-14T12:20:03+00:00,2954,146019000,745.188,,27.3673
2026-01-14T12:25:03+00:00,1912,146020000,745.312,,27.3403
2026-01-14T12:30:03+00:00,3055,146020000,745.562,,27.3943
2026-01-14T12:35:03+00:00,3450,146020000,745.438,,27.9026
2026-01-14T12:40:03+00:00,2391,146020000,745.5,,28.2452
2026-01-14T12:45:03+00:00,1792,146021000,745.562,,27.9291
2026-01-14T12:50:03+00:00,1754,146021000,745.625,,27.7697
2026-01-14T12:55:03+00:00,1873,146021000,745.375,,27.6362
2026-01-14T13:00:03+00:00,3925,146021000,745.375,,28.7387
2026-01-14T13:05:03+00:00,2871,146022000,745.5,,29.4504
2026-01-14T13:10:03+00:00,1997,146022000,745.438,,28.7644
2026-01-14T13:15:03+00:00,1730,146022000,745.438,,28.428
2026-01-14T13:20:03+00:00,10615,146022000,745.562,,28.7901
2026-01-14T13:25:03+00:00,1833,146023000,745.625,,28.7901
2026-01-14T13:30:03+00:00,2823,146023000,745.312,,29.2742
2026-01-14T13:35:03+00:00,1744,146023000,745.375,,28.7129
2026-01-14T13:40:03+00:00,5970,146023000,745.125,,28.1928
2026-01-14T13:45:03+00:00,7916,146024000,745.5,,29.7541
2026-01-14T13:50:03+00:00,7791,146025000,745.75,,31.3051
2026-01-14T13:55:03+00:00,7449,146025000,745.562,,32.3349
2026-01-14T14:00:03+00:00,7601,146026000,745.562,,32.671
2026-01-14T14:05:03+00:00,8482,146027000,745.562,,33.6049
2026-01-14T14:10:03+00:00,2138,146027000,745.938,,33.7759
2026-01-14T14:15:03+00:00,1196,146027000,744.875,,31.9382
2026-01-14T14:20:03+00:00,2074,146027000,745.688,,30.8664
2026-01-14T14:25:03+00:00,1623,146028000,745.25,,30.4517
2026-01-14T14:30:03+00:00,4473,146028000,745.438,,30.2723
2026-01-14T14:35:03+00:00,6443,146028000,745.438,,31.7094
2026-01-14T14:40:03+00:00,6387,146029000,745.375,,32.6152
2026-01-14T14:45:03+00:00,5973,146029000,745.5,,33.0588
2026-01-14T14:50:03+00:00,5373,146030000,744.688,,33.251
2026-01-14T14:55:03+00:00,3959,146030000,744.938,,33.1688
2026-01-14T15:00:03+00:00,1923,146031000,745.938,,32.7638
2026-01-14T15:05:03+00:00,1241,146031000,745.062,,31.5944
2026-01-14T15:10:03+00:00,1109,146031000,745.438,,30.778
2026-01-14T15:15:03+00:00,3718,146031000,745,,30.4218
2026-01-14T15:20:03+00:00,3286,146031000,745.562,,30.1221
2026-01-14T15:25:03+00:00,4171,146032000,744.875,,30.4517
2026-01-14T15:30:03+00:00,4054,146032000,745.125,,30.9252
2026-01-14T15:35:03+00:00,2867,146032000,745.5,,31.0426
2026-01-14T15:40:03+00:00,2905,146033000,745.312,,30.4815
2026-01-14T15:45:03+00:00,551,146033000,745.438,,29.6297
2026-01-14T15:50:03+00:00,582,146033000,745.438,,28.995
2026-01-14T15:55:03+00:00,714,146033000,745.312,,28.6613
2026-01-14T16:00:03+00:00,902,146033000,745.5,,28.3498
2026-01-14T16:05:03+00:00,702,146033000,745.625,,28.219
2026-01-14T16:10:03+00:00,488,146033000,745.625,,28.0349
2026-01-14T16:15:03+00:00,430,146033000,745.5,,27.9026
2026-01-14T16:20:03+00:00,217,146033000,745.562,,27.8229
2026-01-14T16:25:03+00:00,308,146033000,745.5,,27.7697
2026-01-14T16:30:03+00:00,403,146033000,745.875,,27.5692
2026-01-14T16:35:03+00:00,835,146033000,746.062,,27.6496
2026-01-14T16:40:03+00:00,514,146033000,745.5,,27.6094
2026-01-14T16:45:03+00:00,193,146033000,745.5,,27.6362
2026-01-14T16:50:03+00:00,120,146033000,743.188,,27.5289
2026-01-14T16:55:03+00:00,80,146033000,743.438,,27.4213
2026-01-14T17:00:03+00:00,0,146033000,41.6875,,25.899
2026-01-14T17:05:03+00:00,0,146033000,35.1875,,24.7376
2026-01-14T17:10:03+00:00,0,146033000,9.9375,,23.9703
2026-01-14T17:15:03+00:00,0,146033000,1.3125,,23.3693
2026-01-14T17:20:03+00:00,0,146033000,1.3125,,23.3693
2026-01-14T19:00:02+00:00,0,146033000,0,,0
2026-01-15T05:00:04+00:00,0,146033000,0,,0
2026-01-15T06:35:04+00:00,0,146033000,25.875,,10.1822
2026-01-15T06:40:04+00:00,0,146033000,42.8125,,10.5894
2026-01-15T06:45:04+00:00,0,146033000,441.812,,11.214
2026-01-15T06:50:04+00:00,0,146033000,629.562,,12.5422
2026-01-15T06:55:04+00:00,0,146033000,380.25,,13.9169
2026-01-15T07:00:04+00:00,94,146033000,745.188,,13.8185
2026-01-15T07:05:04+00:00,97,146033000,745.875,,15.1857
2026-01-15T07:10:04+00:00,139,146033000,745.75,,15.9212
2026-01-15T07:15:04+00:00,345,146033000,745.75,,16.693
2026-01-15T07:20:04+00:00,456,146033000,745.375,,17.2039
2026-01-15T07:25:04+00:00,325,146033000,745.938,,17.8494
2026-01-15T07:30:04+00:00,525,146033000,746.062,,18.3061
2026-01-15T07:35:04+00:00,657,146033000,745.875,,18.7537
2026-01-15T07:40:04+00:00,631,146034000,745.875,,19.1441
2026-01-15T07:45:04+00:00,637,146034000,746,,19.5039
2026-01-15T07:50:04+00:00,1089,146034000,745.5,,19.9514
2026-01-15T07:55:04+00:00,612,146034000,745.312,,20.2845
2026-01-15T08:00:04+00:00,2238,146034000,745.312,,20.512
2026-01-15T08:05:04+00:00,2524,146034000,745.375,,21.2701
2026-01-15T08:10:04+00:00,2464,146034000,745.375,,21.8684
2026-01-15T08:15:04+00:00,1721,146034000,745.5,,22.0292
2026-01-15T08:20:04+00:00,3476,146035000,745.625,,22.7145
2026-01-15T08:25:04+00:00,1266,146035000,745.5,,22.8701
2026-01-15T08:30:04+00:00,2048,146035000,746,,23.1785
2026-01-15T08:35:04+00:00,1788,146035000,745.188,,23.4831
2026-01-15T08:40:04+00:00,1676,146035000,745.375,,23.7341
2026-01-15T08:45:04+00:00,1818,146035000,745.938,,23.9579
2026-01-15T08:50:04+00:00,2461,146036000,745.375,,24.1306
2026-01-15T08:55:04+00:00,2637,146036000,745.688,,24.5087
2026-01-15T09:00:04+00:00,3285,146036000,746.25,,25.3107
2026-01-15T09:05:04+00:00,2396,146036000,745.875,,25.3975
2026-01-15T09:10:04+00:00,5530,146037000,745.875,,25.6565
2026-01-15T09:15:04+00:00,5923,146037000,745.75,,27.164
2026-01-15T09:20:04+00:00,6274,146038000,745.562,,28.2976
2026-01-15T09:25:04+00:00,1965,146038000,745.25,,28.6613
2026-01-15T09:30:04+00:00,6621,146038000,745.5,,29.0968
2026-01-15T09:35:04+00:00,6764,146039000,745.188,,30.0317
2026-01-15T09:40:04+00:00,7203,146040000,745.438,,31.2761
2026-01-15T09:45:04+00:00,7124,146040000,745.438,,32.1938
2026-01-15T09:50:04+00:00,7342,146041000,745.75,,33.2054
2026-01-15T09:55:04+00:00,7478,146041000,745.875,,33.9906
2026-01-15T10:00:04+00:00,7658,146042000,745.875,,34.9131
2026-01-15T10:05:04+00:00,7798,146043000,745.812,,35.7412
2026-01-15T10:10:04+00:00,7849,146043000,745.312,,36.4483
2026-01-15T10:15:04+00:00,8222,146044000,745.562,,37.2916
2026-01-15T10:20:04+00:00,8218,146045000,745.562,,37.4105
2026-01-15T10:25:04+00:00,8350,146045000,745.625,,38.2903
2026-01-15T10:30:04+00:00,8441,146046000,745.25,,39.0077
2026-01-15T10:35:04+00:00,8603,146047000,745.312,,39.739
2026-01-15T10:40:04+00:00,8680,146048000,745.375,,40.4545
2026-01-15T10:45:04+00:00,8795,146048000,745.312,,41.3109
2026-01-15T10:50:04+00:00,8879,146049000,745.625,,41.9582
2026-01-15T10:55:04+00:00,9068,146050000,745.438,,42.5641
2026-01-15T11:00:04+00:00,9040,146051000,745.625,,43.0364
2026-01-15T11:05:04+00:00,9576,146051000,745.375,,43.8118
2026-01-15T11:10:04+00:00,9987,146052000,746.062,,44.5177
2026-01-15T11:15:04+00:00,10484,146053000,745.938,,42.5007
2026-01-15T11:20:04+00:00,10397,146054000,746.625,,42.3419
2026-01-15T11:25:04+00:00,10681,146055000,745.625,,43.255
2026-01-15T11:30:04+00:00,5451,146056000,745.375,,42.8481
2026-01-15T11:35:04+00:00,11556,146056000,745.688,,43.1302
2026-01-15T11:40:04+00:00,11616,146057000,746.188,,44.057
2026-01-15T11:45:04+00:00,2396,146058000,745.5,,42.5007
2026-01-15T11:50:04+00:00,11447,146058000,745.562,,40.5542
2026-01-15T11:55:04+00:00,10474,146059000,746.375,,40.9506
2026-01-15T12:00:04+00:00,10375,146059000,745.688,,42.3419
2026-01-15T12:05:04+00:00,11070,146060000,746.938,,41.3761
2026-01-15T12:10:04+00:00,3484,146060000,745.562,,41.1148
2026-01-15T12:15:04+00:00,1631,146061000,745.5,,40.7198
2026-01-15T12:20:04+00:00,2822,146061000,745.438,,40.8848
2026-01-15T12:25:04+00:00,5244,146062000,745.062,,43.3172
2026-01-15T12:30:04+00:00,11012,146062000,745.938,,44.1231
2026-01-15T12:35:04+00:00,9778,146063000,746.125,,43.1926
2026-01-15T12:40:04+00:00,9811,146064000,745.375,,43.0364
2026-01-15T12:45:04+00:00,10015,146065000,744.875,,43.4414
2026-01-15T12:50:04+00:00,10106,146066000,745.875,,43.627
2026-01-15T12:55:04+00:00,7212,146067000,745.562,,44.0264
2026-01-15T13:00:04+00:00,9721,146067000,745.562,,42.7221
2026-01-15T13:05:04+00:00,2014,146067000,745.438,,41.4411
2026-01-15T13:10:04+00:00,2541,146068000,745.375,,40.087
2026-01-15T13:15:04+00:00,2618,146068000,746.062,,41.414
2026-01-15T13:20:04+00:00,2113,146068000,745.875,,42.0918
2026-01-15T13:25:04+00:00,1646,146068000,745.188,,41.1802
2026-01-15T13:30:04+00:00,2069,146069000,746.062,,40.3268
2026-01-15T13:35:04+00:00,2024,146069000,745.312,,39.9333
2026-01-15T13:40:04+00:00,4749,146069000,746.438,,39.4641
2026-01-15T13:45:04+00:00,1874,146069000,745.438,,39.1495
2026-01-15T13:50:04+00:00,2424,146069000,745.875,,39.0645
2026-01-15T13:55:04+00:00,2525,146070000,745.312,,38.8653
2026-01-15T14:00:04+00:00,2784,146070000,746.125,,38.5502
2026-01-15T14:05:04+00:00,3265,146070000,745.312,,38.8368
2026-01-15T14:10:04+00:00,2254,146071000,745.438,,38.7511
2026-01-15T14:15:04+00:00,2470,146071000,745.375,,38.1451
2026-01-15T14:20:04+00:00,3452,146071000,745.5,,39.5715
2026-01-15T14:25:04+00:00,7561,146072000,745.562,,40.4877
2026-01-15T14:30:04+00:00,4515,146072000,745.25,,41.082
2026-01-15T14:35:04+00:00,2390,146073000,745.938,,40.8189
2026-01-15T14:40:04+00:00,1322,146073000,745.438,,39.5715
2026-01-15T14:45:04+00:00,1076,146073000,745.5,,38.6364
2026-01-15T14:50:04+00:00,1114,146073000,745.875,,37.853
2026-01-15T14:55:04+00:00,1129,146073000,745.375,,37.5882
2026-01-15T15:00:04+00:00,752,146074000,745.312,,36.9926
2026-01-15T15:05:04+00:00,814,146074000,745.312,,36.2957
2026-01-15T15:10:04+00:00,828,146074000,745.312,,35.8342
2026-01-15T15:15:04+00:00,1448,146074000,745.5,,35.9578
2026-01-15T15:20:04+00:00,2571,146074000,745.312,,36.081
2026-01-15T15:25:04+00:00,3435,146075000,745.312,,36.0195
2026-01-15T15:30:04+00:00,3085,146075000,745.562,,35.5545
2026-01-15T15:35:04+00:00,2930,146075000,745.562,,35.3982
2026-01-15T15:40:04+00:00,2801,146075000,745.438,,35.2413
2026-01-15T15:45:04+00:00,2489,146075000,745.438,,35.1153
2026-01-15T15:50:04+00:00,726,146076000,745.438,,34.7307
2026-01-15T15:55:04+00:00,822,146076000,745.25,,34.2038
2026-01-15T16:00:04+00:00,692,146076000,745.375,,33.9638
2026-01-15T16:05:04+00:00,625,146076000,745.438,,33.641
2026-01-15T16:10:04+00:00,500,146076000,745.875,,33.4783
2026-01-15T16:15:04+00:00,389,146076000,745.312,,33.2328
2026-01-15T16:20:04+00:00,383,146076000,745.375,,33.0405
2026-01-15T16:25:04+00:00,345,146076000,746,,32.9024
2026-01-15T16:30:04+00:00,244,146076000,744.75,,32.8378
2026-01-15T16:35:04+00:00,249,146076000,745.375,,32.5593
2026-01-15T16:40:04+00:00,154,146076000,745.312,,32.4192
2026-01-15T16:45:04+00:00,67,146076000,744.75,,32.222
2026-01-15T16:50:04+00:00,73,146076000,745.938,,32.0615
2026-01-15T16:55:04+00:00,57,146076000,745.438,,32.0236
2026-01-15T17:00:04+00:00,0,146076000,428.062,,30.6004
2026-01-15T17:05:04+00:00,0,146076000,134.312,,29.8037
2026-01-15T17:10:04+00:00,0,146076000,37.125,,28.6226
2026-01-15T17:15:04+00:00,0,146076000,2.625,,27.6228
2026-01-15T17:20:04+00:00,0,146076000,1.375,,27.2319
2026-01-15T17:25:04+00:00,0,146076000,1.375,,27.2319
2026-01-15T19:05:02+00:00,0,146076000,0,,0
2026-01-16T05:05:03+00:00,0,146076000,0,,0
2026-01-16T06:30:03+00:00,0,146076000,42.875,,7.4711
2026-01-16T06:35:03+00:00,0,146076000,71,,7.7672
2026-01-16T06:40:03+00:00,0,146076000,442.25,,8.75484
2026-01-16T06:45:03+00:00,0,146076000,606.438,,9.90969
2026-01-16T06:50:03+00:00,103,146076000,745.562,,10.6469
2026-01-16T06:55:03+00:00,82,146076000,745.5,,12.3311
2026-01-16T07:00:03+00:00,98,146076000,745.5,,13.1161
2026-01-16T07:05:03+00:00,164,146076000,745.562,,13.8185
2026-01-16T07:10:03+00:00,255,146076000,745.438,,14.4254
2026-01-16T07:15:03+00:00,362,146076000,745.25,,14.9482
2026-01-16T07:20:03+00:00,524,146076000,745.5,,15.4239
2026-01-16T07:25:03+00:00,674,146076000,745.938,,16.0324
2026-01-16T07:30:03+00:00,877,146076000,745.938,,16.5307
2026-01-16T07:35:03+00:00,1106,146076000,745.875,,16.9876
2026-01-16T07:40:03+00:00,1303,146076000,745.375,,17.4095
2026-01-16T07:45:03+00:00,1540,146077000,745.312,,17.8494
2026-01-16T07:50:03+00:00,1789,146077000,745.5,,18.4313
2026-01-16T07:55:03+00:00,2039,146077000,745.25,,18.9498
2026-01-16T08:00:03+00:00,2312,146077000,745.5,,19.4324
2026-01-16T08:05:03+00:00,2501,146077000,745.25,,19.9047
2026-01-16T08:10:03+00:00,2751,146077000,745.438,,20.3416
2026-01-16T08:15:03+00:00,2977,146078000,745.375,,20.9379
2026-01-16T08:20:03+00:00,3285,146078000,745.312,,21.5165
2026-01-16T08:25:03+00:00,3561,146078000,746.062,,22.1624
2026-01-16T08:30:03+00:00,3813,146079000,745.5,,22.8184
2026-01-16T08:35:03+00:00,4055,146079000,745.5,,23.3819
2026-01-16T08:40:03+00:00,4276,146079000,745.438,,23.9579
2026-01-16T08:45:03+00:00,4494,146080000,745.438,,24.6656
2026-01-16T08:50:03+00:00,4735,146080000,745.125,,25.412
2026-01-16T08:55:03+00:00,4946,146080000,745.438,,26.0972
2026-01-16T09:00:03+00:00,5145,146081000,745.188,,26.9043
2026-01-16T09:05:03+00:00,5341,146081000,745.5,,27.6094
2026-01-16T09:10:03+00:00,5557,146082000,745.312,,28.3498
2026-01-16T09:15:03+00:00,5764,146082000,745.125,,29.0968
2026-01-16T09:20:03+00:00,5972,146083000,745.5,,29.7293
2026-01-16T09:25:03+00:00,6177,146083000,745.562,,30.392
2026-01-16T09:30:03+00:00,6424,146084000,745.375,,31.1303
2026-01-16T09:35:03+00:00,6582,146084000,745.375,,31.8526
2026-01-16T09:40:03+00:00,6783,146085000,745.25,,32.6989
2026-01-16T09:45:03+00:00,6984,146086000,745.438,,33.3057
2026-01-16T09:50:03+00:00,7155,146086000,744.812,,33.9549
2026-01-16T09:55:03+00:00,7304,146087000,745.25,,34.7046
2026-01-16T10:00:03+00:00,7518,146087000,745.375,,35.4295
2026-01-16T10:05:03+00:00,7731,146088000,745.438,,36.2039
2026-01-16T10:10:03+00:00,7939,146089000,745.938,,36.9325
2026-01-16T10:15:03+00:00,8161,146090000,745.375,,37.6472
2026-01-16T10:20:03+00:00,8363,146090000,745.5,,38.4926
2026-01-16T10:25:03+00:00,8503,146091000,745.375,,39.206
2026-01-16T10:30:03+00:00,8634,146092000,745.312,,39.8502
2026-01-16T10:35:03+00:00,8748,146092000,745.438,,40.7529
2026-01-16T10:40:03+00:00,8902,146093000,745.25,,41.5386
2026-01-16T10:45:03+00:00,8949,146094000,745.25,,42.1185
2026-01-16T10:50:03+00:00,9020,146095000,745.312,,42.8795
2026-01-16T10:55:03+00:00,9056,146095000,745.875,,43.4466
2026-01-16T11:00:03+00:00,9144,146096000,745.062,,44.2094
2026-01-16T11:05:03+00:00,9262,146097000,745.312,,44.8187
2026-01-16T11:10:03+00:00,9287,146098000,745.438,,42.9109
2026-01-16T11:15:03+00:00,9289,146099000,745.438,,42.2463
2026-01-16T11:20:03+00:00,9338,146099000,745.375,,42.31
2026-01-16T11:25:03+00:00,9394,146100000,745.438,,42.6906
2026-01-16T11:30:03+00:00,9362,146101000,746,,42.9789
2026-01-16T11:35:03+00:00,9424,146102000,745.562,,43.3172
2026-01-16T11:40:03+00:00,9426,146103000,746,,43.7862
2026-01-16T11:45:03+00:00,9469,146103000,744.75,,44.0875
2026-01-16T11:50:03+00:00,9431,146104000,745.375,,44.118
2026-01-16T11:55:03+00:00,9574,146105000,745.438,,44.2703
2026-01-16T12:00:03+00:00,9352,146106000,745.25,,44.6032
2026-01-16T12:05:03+00:00,9563,146107000,745.5,,44.8787
2026-01-16T12:10:03+00:00,9504,146108000,745.688,,45.1783
2026-01-16T12:15:03+00:00,9661,146108000,745.875,,45.5312
2026-01-16T12:20:03+00:00,9513,146109000,745.438,,45.7513
2026-01-16T12:25:03+00:00,9652,146110000,745.625,,46.1414
2026-01-16T12:30:03+00:00,9390,146111000,745.312,,46.5283
2026-01-16T12:35:03+00:00,9549,146112000,745.688,,46.4933
2026-01-16T12:40:03+00:00,9883,146112000,745.375,,46.947
2026-01-16T12:45:03+00:00,9955,146113000,745.438,,47.2242
2026-01-16T12:50:03+00:00,10119,146114000,745.562,,47.5684
2026-01-16T12:55:03+00:00,10034,146115000,745.438,,47.9782
2026-01-16T13:00:03+00:00,4966,146116000,745.25,,47.6027
2026-01-16T13:05:03+00:00,10975,146117000,745.312,,48.2157
2026-01-16T13:10:03+00:00,3378,146117000,745.5,,47.0165
2026-01-16T13:15:03+00:00,2969,146117000,745.625,,45.3222
2026-01-16T13:20:03+00:00,2523,146118000,746.188,,43.909
2026-01-16T13:25:03+00:00,2159,146118000,745.562,,42.8481
2026-01-16T13:30:03+00:00,1709,146118000,746,,41.6088
2026-01-16T13:35:03+00:00,1993,146118000,746.125,,40.6592
2026-01-16T13:40:03+00:00,4102,146118000,745.312,,40.0198
2026-01-16T13:45:03+00:00,9894,146119000,746.375,,44.4875
2026-01-16T13:50:03+00:00,3690,146120000,744.688,,43.7811
2026-01-16T13:55:03+00:00,2902,146120000,746.062,,41.7058
2026-01-16T14:00:03+00:00,2885,146121000,745.312,,40.3212
2026-01-16T14:05:03+00:00,2690,146121000,745.875,,41.4465
2026-01-16T14:10:03+00:00,8244,146121000,745.188,,42.4372
2026-01-16T14:15:03+00:00,7331,146122000,745.062,,44.057
2026-01-16T14:20:03+00:00,6803,146122000,746,,44.3967
2026-01-16T14:25:03+00:00,6569,146123000,745.938,,44.5781
2026-01-16T14:30:03+00:00,6367,146124000,745.5,,44.6635
2026-01-16T14:35:03+00:00,6378,146124000,746.125,,44.8137
2026-01-16T14:40:03+00:00,6376,146125000,746,,44.9933
2026-01-16T14:45:03+00:00,6738,146125000,745.625,,42.5957
2026-01-16T14:50:03+00:00,6574,146126000,745.625,,42.5007
2026-01-16T14:55:03+00:00,5521,146126000,745.5,,41.926
2026-01-16T15:00:03+00:00,4010,146127000,745.5,,41.0492
2026-01-16T15:05:03+00:00,4914,146127000,746,,41.2511
2026-01-16T15:10:03+00:00,739,146127000,745.938,,41.3163
2026-01-16T15:15:03+00:00,624,146127000,745.562,,40.7198
2026-01-16T15:20:03+00:00,638,146127000,745.5,,40.1205
2026-01-16T15:25:03+00:00,3615,146127000,745.938,,39.8548
2026-01-16T15:30:03+00:00,3292,146128000,745.5,,39.9333
2026-01-16T15:35:03+00:00,3072,146128000,745.375,,39.7111
2026-01-16T15:40:03+00:00,2733,146128000,745.438,,39.4595
2026-01-16T15:45:03+00:00,2387,146128000,745.438,,39.1495
2026-01-16T15:50:03+00:00,2185,146129000,745.375,,38.8083
2026-01-16T15:55:03+00:00,1797,146129000,745.5,,38.4061
2026-01-16T16:00:03+00:00,1867,146129000,745.5,,37.9994
2026-01-16T16:05:03+00:00,1903,146129000,745.625,,37.7355
2026-01-16T16:10:03+00:00,1830,146129000,745.312,,37.5882
2026-01-16T16:15:03+00:00,1524,146129000,745.375,,37.3808
2026-01-16T16:20:03+00:00,1142,146129000,745.25,,37.0526
2026-01-16T16:25:03+00:00,660,146129000,745.375,,36.6912
2026-01-16T16:30:03+00:00,349,146130000,745.562,,36.1425
2026-01-16T16:35:03+00:00,156,146130000,745.625,,35.7412
2026-01-16T16:40:03+00:00,110,146130000,745.5,,35.2413
2026-01-16T16:45:03+00:00,122,146130000,743.062,,34.8611
2026-01-16T16:50:03+00:00,64,146130000,743.938,,34.5473
2026-01-16T16:55:03+00:00,0,146130000,415.188,,33.1139
2026-01-16T17:00:03+00:00,0,146130000,61.125,,32.0331
2026-01-16T17:05:03+00:00,0,146130000,35.1875,,30.5509
2026-01-16T17:10:03+00:00,0,146130000,2.875,,29.6297
2026-01-16T19:00:03+00:00,0,146130000,0,,0
2026-01-17T05:00:03+00:00,0,146130000,0,,0
2026-01-17T06:30:03+00:00,0,146130000,41.1875,,8.29367
2026-01-17T06:35:03+00:00,0,146130000,72.8125,,8.55133
2026-01-17T06:40:03+00:00,0,146130000,412.875,,9.49806
2026-01-17T06:45:03+00:00,0,146130000,821.438,,10.8471
2026-01-17T06:50:03+00:00,53,146130000,744.812,,12.0417
2026-01-17T06:55:03+00:00,67,146130000,745.312,,13.0906
2026-01-17T07:00:03+00:00,134,146130000,745.188,,13.8431
2026-01-17T07:05:03+00:00,210,146130000,745.375,,14.4731
2026-01-17T07:10:03+00:00,291,146130000,745.5,,15.0801
2026-01-17T07:15:03+00:00,414,146130000,745.5,,15.6785
2026-01-17T07:20:03+00:00,579,146130000,745.875,,16.2851
2026-01-17T07:25:03+00:00,729,146130000,745.375,,16.7513
2026-01-17T07:30:03+00:00,898,146130000,746.062,,17.2522
2026-01-17T07:35:03+00:00,1077,146130000,745.5,,17.7209
2026-01-17T07:40:03+00:00,1238,146130000,745.375,,18.1043
2026-01-17T07:45:03+00:00,1507,146130000,745.375,,18.531
2026-01-17T07:50:03+00:00,1721,146130000,745.312,,18.9498
2026-01-17T07:55:03+00:00,1977,146130000,745.562,,19.3607
2026-01-17T08:00:03+00:00,2232,146131000,745.438,,19.8813
2026-01-17T08:05:03+00:00,2469,146131000,745.375,,20.512
2026-01-17T08:10:03+00:00,2685,146131000,745.188,,21.1322
2026-01-17T08:15:03+00:00,2913,146131000,745.438,,21.7336
2026-01-17T08:20:03+00:00,3214,146132000,745.562,,22.3214
2026-01-17T08:25:03+00:00,3464,146132000,745.375,,22.9991
2026-01-17T08:30:03+00:00,3699,146132000,746.062,,23.5335
2026-01-17T08:35:03+00:00,3988,146132000,745.25,,24.2287
2026-01-17T08:40:03+00:00,4214,146133000,745.25,,24.8094
2026-01-17T08:45:03+00:00,4478,146133000,745.375,,25.5273
2026-01-17T08:50:03+00:00,4611,146134000,745.438,,26.1817
2026-01-17T08:55:03+00:00,4837,146134000,745.562,,26.8219
2026-01-17T09:00:03+00:00,5042,146134000,745.312,,27.6094
2026-01-17T09:05:03+00:00,5176,146135000,745.5,,28.1403
2026-01-17T09:10:03+00:00,5367,146135000,745.625,,28.9439
2026-01-17T09:15:03+00:00,5569,146136000,745.625,,29.4755
2026-01-17T09:20:03+00:00,5720,146136000,745.562,,30.2123
2026-01-17T09:25:03+00:00,5935,146137000,745.25,,31.0426
2026-01-17T09:30:03+00:00,6186,146137000,745.688,,31.8812
2026-01-17T09:35:03+00:00,6341,146138000,745.438,,32.4753
2026-01-17T09:40:03+00:00,6527,146138000,746.062,,33.2054
2026-01-17T09:45:03+00:00,6687,146139000,744.688,,33.8476
2026-01-17T09:50:03+00:00,6921,146139000,745.438,,34.5998
2026-01-17T09:55:03+00:00,7063,146140000,745.312,,35.2413
2026-01-17T10:00:03+00:00,7269,146141000,744.875,,35.9527
2026-01-17T10:05:03+00:00,7444,146141000,745.938,,36.7517
2026-01-17T10:10:03+00:00,7669,146142000,745.5,,37.3213
2026-01-17T10:15:03+00:00,7887,146143000,745.5,,38.1742
2026-01-17T10:20:03+00:00,8137,146143000,745.5,,38.8939
2026-01-17T10:25:03+00:00,8342,146144000,745.375,,39.4875
2026-01-17T10:30:03+00:00,8480,146145000,745.5,,40.1205
2026-01-17T10:35:03+00:00,8520,146145000,745.875,,40.8848
2026-01-17T10:40:03+00:00,8691,146146000,745.312,,41.4086
2026-01-17T10:45:03+00:00,8746,146147000,746.062,,41.8349
2026-01-17T10:50:03+00:00,8843,146148000,745.438,,42.3737
2026-01-17T10:55:03+00:00,8950,146148000,745.5,,42.8481
2026-01-17T11:00:03+00:00,9021,146149000,746.062,,43.4104
2026-01-17T11:05:03+00:00,9076,146150000,745.25,,43.9652
2026-01-17T11:10:03+00:00,9122,146151000,745.938,,44.331
2026-01-17T11:15:03+00:00,9116,146152000,745.562,,44.6936
2026-01-17T11:20:03+00:00,9199,146152000,745.438,,42.659
2026-01-17T11:25:03+00:00,9225,146153000,745.562,,41.8617
2026-01-17T11:30:03+00:00,9284,146154000,745.312,,41.8939
2026-01-17T11:35:03+00:00,9222,146155000,745.625,,42.0865
2026-01-17T11:40:03+00:00,9230,146156000,745.5,,42.2782
2026-01-17T11:45:03+00:00,9306,146156000,745.562,,42.4372
2026-01-17T11:50:03+00:00,9313,146157000,745.312,,42.6906
2026-01-17T11:55:03+00:00,9291,146158000,745.938,,42.8795
2026-01-17T12:00:03+00:00,9358,146159000,745.438,,42.8795
2026-01-17T12:05:03+00:00,9260,146160000,745.875,,43.0729
2026-01-17T12:10:03+00:00,9229,146160000,745.312,,43.2238
2026-01-17T12:15:03+00:00,9090,146161000,745.688,,43.4414
2026-01-17T12:20:03+00:00,9087,146162000,745.75,,43.5652
2026-01-17T12:25:03+00:00,9047,146163000,745.5,,43.6887
2026-01-17T12:30:03+00:00,8981,146163000,745.75,,43.6887
2026-01-17T12:35:03+00:00,8960,146164000,745.375,,43.8118
2026-01-17T12:40:03+00:00,8845,146165000,745.625,,43.9958
2026-01-17T12:45:03+00:00,8692,146166000,745.25,,43.8118
2026-01-17T12:50:03+00:00,8636,146166000,745.688,,43.8118
2026-01-17T12:55:03+00:00,8526,146167000,745.75,,43.8426
2026-01-17T13:00:03+00:00,8459,146168000,745.438,,43.9039
2026-01-17T13:05:03+00:00,8317,146169000,745.438,,43.7503
2026-01-17T13:10:03+00:00,8309,146169000,745.625,,43.6579
2026-01-17T13:15:03+00:00,8127,146170000,745.75,,43.5034
2026-01-17T13:20:03+00:00,8016,146171000,745.562,,43.5034
2026-01-17T13:25:03+00:00,7925,146171000,744.938,,43.4724
2026-01-17T13:30:03+00:00,7747,146172000,745.625,,43.1614
2026-01-17T13:35:03+00:00,7680,146173000,745.5,,43.1926
2026-01-17T13:40:03+00:00,7333,146173000,745.438,,42.7221
2026-01-17T13:45:03+00:00,7511,146174000,745.438,,42.5324
2026-01-17T13:50:03+00:00,7272,146175000,745.562,,42.469
2026-01-17T13:55:03+00:00,7088,146175000,745.688,,42.2463
2026-01-17T14:00:03+00:00,6909,146176000,745.375,,42.0224
2026-01-17T14:05:03+00:00,6693,146177000,745.562,,41.6681
2026-01-17T14:10:03+00:00,6635,146177000,745.5,,41.2456
2026-01-17T14:15:03+00:00,6412,146178000,745.438,,41.082
2026-01-17T14:20:03+00:00,6216,146178000,745.5,,41.0164
2026-01-17T14:25:03+00:00,6005,146179000,746,,40.9835
2026-01-17T14:30:03+00:00,5871,146179000,745.438,,40.7198
2026-01-17T14:35:03+00:00,5623,146180000,746,,40.5874
2026-01-17T14:40:03+00:00,5492,146180000,746.125,,40.3212
2026-01-17T14:45:03+00:00,5346,146181000,745.438,,40.3212
2026-01-17T14:50:03+00:00,5035,146181000,745.438,,41.765
2026-01-17T14:55:03+00:00,4790,146182000,745.438,,42.4372
2026-01-17T15:00:03+00:00,4606,146182000,746.125,,42.1238
2026-01-17T15:05:03+00:00,4413,146182000,745.375,,42.0224
2026-01-17T15:10:03+00:00,4149,146183000,745.25,,41.7973
2026-01-17T15:15:03+00:00,4104,146183000,745.5,,41.6358
2026-01-17T15:20:03+00:00,3727,146183000,745.375,,41.3761
2026-01-17T15:25:03+00:00,3443,146184000,745.375,,40.8189
2026-01-17T15:30:03+00:00,3226,146184000,745.875,,40.3601
2026-01-17T15:35:03+00:00,2916,146184000,745.312,,40.0198
2026-01-17T15:40:03+00:00,2675,146184000,745.375,,39.5155
2026-01-17T15:45:03+00:00,2311,146185000,745.875,,39.0077
2026-01-17T15:50:03+00:00,2072,146185000,745.25,,38.4349
2026-01-17T15:55:03+00:00,1854,146185000,745.25,,38.116
2026-01-17T16:00:03+00:00,1533,146185000,745.375,,37.6177
2026-01-17T16:05:03+00:00,1258,146185000,745.375,,37.232
2026-01-17T16:10:03+00:00,1036,146185000,745.5,,36.7215
2026-01-17T16:15:03+00:00,826,146185000,745.375,,36.3874
2026-01-17T16:20:03+00:00,659,146186000,745.938,,35.8342
2026-01-17T16:25:03+00:00,516,146186000,745.312,,35.648
2026-01-17T16:30:03+00:00,357,146186000,745.375,,35.3982
2026-01-17T16:35:03+00:00,238,146186000,745.062,,35.0205
2026-01-17T16:40:03+00:00,157,146186000,745.188,,34.8351
2026-01-17T16:45:03+00:00,87,146186000,745.375,,34.6785
2026-01-17T16:50:03+00:00,102,146186000,745.375,,34.442
2026-01-17T16:55:03+00:00,85,146186000,744.688,,34.2834
2026-01-17T17:00:03+00:00,0,146186000,412.812,,33.0955
2026-01-17T17:05:03+00:00,0,146186000,341.938,,32.1749
2026-01-17T17:10:03+00:00,0,146186000,43.75,,31.0816
2026-01-17T17:15:03+00:00,0,146186000,12.3125,,29.7541
2026-01-17T19:00:04+00:00,0,146186000,0,,0
2026-01-18T05:00:02+00:00,0,146186000,0,,0
2026-01-18T06:30:02+00:00,0,146186000,23.1875,,0
2026-01-18T06:35:02+00:00,0,146186000,39.1875,,9.52634
2026-01-18T06:40:02+00:00,0,146186000,62.875,,9.76692
2026-01-18T06:45:02+00:00,0,146186000,362,,10.8993
2026-01-18T06:50:02+00:00,0,146186000,815.688,,12.091
2026-01-18T06:55:02+00:00,93,146186000,745.375,,12.0417
2026-01-18T07:00:02+00:00,181,146186000,745.562,,14.1364
2026-01-18T07:05:02+00:00,431,146186000,745.562,,14.9637
2026-01-18T07:10:02+00:00,547,146186000,745.562,,15.949
2026-01-18T07:15:02+00:00,530,146186000,745.625,,16.7244
2026-01-18T07:20:02+00:00,646,146186000,745.438,,17.3572
2026-01-18T07:25:02+00:00,377,146186000,745.5,,17.8751
2026-01-18T07:30:02+00:00,953,146186000,746.062,,18.3563
2026-01-18T07:35:02+00:00,1009,146186000,745.5,,18.8274
2026-01-18T07:40:02+00:00,994,146186000,745.438,,19.1683
2026-01-18T07:45:02+00:00,778,146186000,745.562,,19.5752
2026-01-18T07:50:02+00:00,1327,146186000,745.562,,19.8813
2026-01-18T07:55:02+00:00,2043,146186000,745.625,,20.1987
2026-01-18T08:00:02+00:00,1744,146186000,746.188,,20.7422
2026-01-18T08:05:02+00:00,3016,146187000,746,,21.3525
2026-01-18T08:10:02+00:00,1733,146187000,745.938,,21.8415
2026-01-18T08:15:02+00:00,3540,146187000,745.5,,22.5056
2026-01-18T08:20:02+00:00,3604,146187000,745.25,,22.6885
2026-01-18T08:25:02+00:00,2828,146188000,745.688,,23.4073
2026-01-18T08:30:02+00:00,6002,146188000,745.688,,24.545
2026-01-18T08:35:02+00:00,2585,146188000,745.438,,25.556
2026-01-18T08:40:02+00:00,3856,146189000,746,,25.6851
2026-01-18T08:45:02+00:00,3106,146189000,745.625,,26.1535
2026-01-18T08:50:02+00:00,2175,146189000,745.375,,27.0413
2026-01-18T08:55:02+00:00,2358,146190000,745.812,,27.5424
2026-01-18T09:00:02+00:00,5418,146190000,745.438,,28.6097
2026-01-18T09:05:02+00:00,5402,146191000,745.125,,28.9183
2026-01-18T09:10:02+00:00,5730,146191000,745.312,,29.4755
2026-01-18T09:15:02+00:00,6957,146191000,745.5,,30.4815
2026-01-18T09:20:02+00:00,4735,146192000,745.375,,30.8075
2026-01-18T09:25:02+00:00,6411,146192000,745.188,,31.5656
2026-01-18T09:30:02+00:00,4312,146193000,745.312,,32.0804
2026-01-18T09:35:02+00:00,7063,146193000,746.062,,32.9577
2026-01-18T09:40:02+00:00,3976,146194000,745.875,,32.9024
2026-01-18T09:45:02+00:00,4662,146194000,745.5,,32.9577
2026-01-18T09:50:02+00:00,2419,146194000,745.375,,32.6152
2026-01-18T09:55:02+00:00,3632,146195000,745.188,,32.4005
2026-01-18T10:00:02+00:00,3935,146195000,745.5,,32.3349
2026-01-18T10:05:02+00:00,3184,146195000,744.812,,32.3911
2026-01-18T10:10:02+00:00,3561,146196000,745.312,,32.4566
2026-01-18T10:15:02+00:00,3325,146196000,745.938,,32.1749
2026-01-18T10:20:02+00:00,2815,146196000,745.375,,32.4005
2026-01-18T10:25:02+00:00,2400,146197000,745,,31.824
2026-01-18T10:30:02+00:00,10358,146197000,744.625,,33.7669
2026-01-18T10:35:02+00:00,7417,146198000,745.312,,36.4433
2026-01-18T10:40:02+00:00,5419,146199000,745,,37.227
2026-01-18T10:45:02+00:00,4034,146200000,745.562,,37.4698
2026-01-18T10:50:02+00:00,6123,146200000,745.625,,37.6177
2026-01-18T10:55:02+00:00,3712,146201000,745.438,,37.0526
2026-01-18T11:00:02+00:00,3316,146201000,745.438,,35.8032
2026-01-18T11:05:02+00:00,2673,146201000,745.438,,34.9131
2026-01-18T11:10:02+00:00,1778,146201000,745.5,,33.9638
2026-01-18T11:15:02+00:00,1144,146201000,745.5,,33.1505
2026-01-18T11:20:02+00:00,609,146201000,745.25,,32.2032
2026-01-18T11:25:02+00:00,1040,146202000,745.375,,31.5079
2026-01-18T11:30:02+00:00,895,146202000,745.438,,30.9252
2026-01-18T11:35:02+00:00,293,146202000,745.5,,30.1221
2026-01-18T11:40:02+00:00,542,146202000,745.562,,29.1983
2026-01-18T11:45:02+00:00,1110,146202000,745.625,,28.5579
2026-01-18T11:50:02+00:00,2729,146202000,745.438,,28.6097
2026-01-18T11:55:02+00:00,2416,146202000,745.562,,29.1222
2026-01-18T12:00:02+00:00,2293,146202000,745.375,,28.8158
2026-01-18T12:05:02+00:00,3882,146203000,745.375,,29.1983
2026-01-18T12:10:02+00:00,5622,146203000,745.375,,30.3322
2026-01-18T12:15:02+00:00,7132,146204000,745.688,,31.9382
2026-01-18T12:20:02+00:00,6352,146204000,745.5,,32.3067
2026-01-18T12:25:02+00:00,2411,146205000,745.375,,31.9952
2026-01-18T12:30:02+00:00,3614,146205000,745.375,,31.7381
2026-01-18T12:35:02+00:00,3187,146205000,744.938,,31.5944
2026-01-18T12:40:02+00:00,3833,146205000,745.438,,31.4211
2026-01-18T12:45:02+00:00,2786,146206000,745.562,,31.2178
2026-01-18T12:50:02+00:00,2752,146206000,745.438,,30.837
2026-01-18T12:55:02+00:00,2521,146206000,744.75,,30.6004
2026-01-18T13:00:02+00:00,1839,146206000,745.438,,30.1823
2026-01-18T13:05:02+00:00,1447,146206000,745.625,,29.4253
2026-01-18T13:10:02+00:00,1141,146207000,746.125,,28.7258
2026-01-18T13:15:02+00:00,354,146207000,746.125,,27.9953
2026-01-18T13:20:02+00:00,664,146207000,746.125,,27.4617
2026-01-18T13:25:02+00:00,1375,146207000,745.875,,26.9455
2026-01-18T13:30:02+00:00,1828,146207000,746,,26.5591
2026-01-18T13:35:02+00:00,2636,146207000,745.438,,26.573
2026-01-18T13:40:02+00:00,3924,146207000,745.438,,27.0139
2026-01-18T13:45:02+00:00,4846,146208000,745.375,,27.5558
2026-01-18T13:50:02+00:00,6097,146208000,745.5,,28.7129
2026-01-18T13:55:02+00:00,5282,146209000,745.5,,29.9026
2026-01-18T14:00:02+00:00,7561,146209000,745.938,,30.9056
2026-01-18T14:05:02+00:00,8952,146210000,745,,32.6989
2026-01-18T14:10:02+00:00,2807,146211000,745.312,,32.7545
2026-01-18T14:15:02+00:00,1646,146211000,745.438,,31.9097
2026-01-18T14:20:02+00:00,3080,146211000,745.375,,31.2761
2026-01-18T14:25:02+00:00,7798,146212000,745.5,,32.363
2026-01-18T14:30:02+00:00,6781,146212000,745.5,,33.333
2026-01-18T14:35:02+00:00,4224,146213000,744.688,,33.713
2026-01-18T14:40:02+00:00,6556,146213000,744.812,,34.5167
2026-01-18T14:45:02+00:00,6568,146214000,744.812,,34.8307
2026-01-18T14:50:02+00:00,5832,146214000,745.312,,35.1153
2026-01-18T14:55:02+00:00,4911,146215000,745.188,,34.9347
2026-01-18T15:00:02+00:00,4264,146215000,745.25,,34.5998
2026-01-18T15:05:02+00:00,2098,146215000,745.375,,34.0173
2026-01-18T15:10:02+00:00,1642,146215000,745.5,,33.3421
2026-01-18T15:15:02+00:00,2090,146216000,745.5,,32.7638
2026-01-18T15:20:02+00:00,2293,146216000,745.375,,33.3148
2026-01-18T15:25:02+00:00,3310,146216000,744.812,,33.686
2026-01-18T15:30:02+00:00,3112,146217000,745.375,,33.937
2026-01-18T15:35:02+00:00,2507,146217000,744.812,,33.686
2026-01-18T15:40:02+00:00,1132,146217000,744.938,,33.1413
2026-01-18T15:45:02+00:00,678,146217000,745.438,,32.3724
2026-01-18T15:50:02+00:00,648,146217000,746,,31.7477
2026-01-18T15:55:02+00:00,787,146217000,745.312,,31.3148
2026-01-18T16:00:02+00:00,539,146217000,745,,31.0133
2026-01-18T16:05:02+00:00,425,146217000,745.375,,30.7878
2026-01-18T16:10:02+00:00,391,146217000,745.312,,30.5112
2026-01-18T16:15:02+00:00,640,146217000,745.375,,30.2423
2026-01-18T16:20:02+00:00,1517,146218000,744.812,,30.092
2026-01-18T16:25:02+00:00,1024,146218000,745.938,,30.1923
2026-01-18T16:30:02+00:00,634,146218000,745.312,,30.0317
2026-01-18T16:35:02+00:00,289,146218000,745.438,,29.7789
2026-01-18T16:40:02+00:00,145,146218000,745.312,,29.6795
2026-01-18T16:45:02+00:00,71,146218000,745.938,,29.5131
2026-01-18T16:50:02+00:00,65,146218000,745.25,,29.3247
2026-01-18T16:55:02+00:00,79,146218000,745.375,,29.2742
2026-01-18T17:00:02+00:00,0,146218000,597.312,,28.1928
2026-01-18T17:05:02+00:00,0,146218000,372.062,,27.0549
2026-01-18T17:10:02+00:00,0,146218000,99.4375,,25.9557
2026-01-18T17:15:02+00:00,0,146218000,37,,24.8811
2026-01-18T17:20:02+00:00,0,146218000,21.3125,,24.2776
2026-01-18T17:25:02+00:00,0,146218000,3.6875,,23.8835
2026-01-18T17:30:02+00:00,0,146218000,2.9375,,23.8587
2026-01-18T17:35:02+00:00,0,146218000,2.9375,,23.8587
2026-01-18T19:05:03+00:00,0,146218000,0,,0
2026-01-19T05:05:03+00:00,0,146218000,0,,0
2026-01-19T06:55:03+00:00,0,146218000,65.5625,,12.0954
2026-01-19T07:00:03+00:00,0,146218000,434.312,,13.3404
2026-01-19T07:05:03+00:00,73,146218000,745.438,,15.2526
2026-01-19T07:10:03+00:00,185,146218000,745.375,,16.5035
2026-01-19T07:15:03+00:00,287,146218000,745.375,,17.331
2026-01-19T07:20:03+00:00,253,146218000,745.312,,18.2054
2026-01-19T07:25:03+00:00,243,146218000,745.5,,18.7537
2026-01-19T07:30:03+00:00,317,146218000,745.25,,19.2647
2026-01-19T07:35:03+00:00,314,146218000,745.312,,19.6698
2026-01-19T07:40:03+00:00,416,146218000,745.375,,20.0263
2026-01-19T07:45:03+00:00,499,146218000,745.312,,20.5732
2026-01-19T07:50:03+00:00,777,146218000,745.25,,20.8262
2026-01-19T07:55:03+00:00,620,146218000,745.312,,21.215
2026-01-19T08:00:03+00:00,1197,146218000,745.812,,21.6388
2026-01-19T08:05:03+00:00,1286,146218000,745.312,,21.9757
2026-01-19T08:10:03+00:00,871,146218000,745.875,,22.2553
2026-01-19T08:15:03+00:00,1101,146218000,745.812,,22.4794
2026-01-19T08:20:03+00:00,1357,146219000,745.438,,22.7405
2026-01-19T08:25:03+00:00,1882,146219000,745.438,,23.1529
2026-01-19T08:30:03+00:00,2180,146219000,745.938,,23.7466
2026-01-19T08:35:03+00:00,3220,146219000,745.5,,24.2042
2026-01-19T08:40:03+00:00,4394,146220000,746.062,,25.5991
2026-01-19T08:45:03+00:00,2453,146220000,745.5,,26.378
2026-01-19T08:50:03+00:00,2742,146220000,745.812,,26.5314
2026-01-19T08:55:03+00:00,4810,146221000,745.625,,27.3673
2026-01-19T09:00:03+00:00,3460,146221000,745.375,,28.0085
2026-01-19T09:05:03+00:00,2572,146221000,745.5,,28.3759
2026-01-19T09:10:03+00:00,2254,146221000,745.5,,28.428
2026-01-19T09:15:03+00:00,1487,146222000,745.375,,28.1928
2026-01-19T09:20:03+00:00,2413,146222000,745.438,,28.2714
2026-01-19T09:25:03+00:00,2402,146222000,745.312,,28.428
2026-01-19T09:30:03+00:00,2585,146222000,745.188,,28.6613
2026-01-19T09:35:03+00:00,1614,146222000,745.5,,28.7901
2026-01-19T09:40:03+00:00,1136,146222000,745.5,,28.6097
2026-01-19T09:45:03+00:00,1429,146223000,745.5,,28.532
2026-01-19T09:50:03+00:00,1887,146223000,745.25,,28.7129
2026-01-19T09:55:03+00:00,2577,146223000,745.312,,28.8671
2026-01-19T10:00:03+00:00,2559,146223000,745.375,,29.2994
2026-01-19T10:05:03+00:00,4446,146223000,745.438,,29.9026
2026-01-19T10:10:03+00:00,2142,146224000,745.375,,30.0619
2026-01-19T10:15:03+00:00,1933,146224000,745.375,,29.9273
2026-01-19T10:20:03+00:00,2799,146224000,745.562,,29.8532
2026-01-19T10:25:03+00:00,3225,146224000,745.5,,30.0317
2026-01-19T10:30:03+00:00,3150,146225000,745.25,,30.392
2026-01-19T10:35:03+00:00,2575,146225000,745.312,,30.5112
2026-01-19T10:40:03+00:00,2427,146225000,744.875,,30.2723
2026-01-19T10:45:03+00:00,2734,146225000,745.375,,30.392
2026-01-19T10:50:03+00:00,3069,146226000,745.312,,30.541
2026-01-19T10:55:03+00:00,3912,146226000,745.438,,30.837
2026-01-19T11:00:03+00:00,4473,146226000,745.25,,31.5368
2026-01-19T11:05:03+00:00,4039,146227000,744.75,,32.0236
2026-01-19T11:10:03+00:00,3893,146227000,744.812,,32.2503
2026-01-19T11:15:03+00:00,3864,146227000,745.5,,32.4005
2026-01-19T11:20:03+00:00,3867,146228000,744.875,,32.7267
2026-01-19T11:25:03+00:00,4126,146228000,745,,32.9761
2026-01-19T11:30:03+00:00,3453,146228000,745.188,,33.1688
2026-01-19T11:35:03+00:00,3032,146229000,744.938,,33.1688
2026-01-19T11:40:03+00:00,3721,146229000,744.938,,33.4693
2026-01-19T11:45:03+00:00,4801,146229000,744.938,,33.7938
2026-01-19T11:50:03+00:00,5630,146230000,744.938,,34.5167
2026-01-19T11:55:03+00:00,4145,146230000,745.438,,34.7046
2026-01-19T12:00:03+00:00,3658,146230000,745.375,,34.7569
2026-01-19T12:05:03+00:00,2586,146231000,745.312,,34.3364
2026-01-19T12:10:03+00:00,3048,146231000,745.375,,34.044
2026-01-19T12:15:03+00:00,2807,146231000,745.062,,33.9549
2026-01-19T12:20:03+00:00,3180,146231000,745.438,,33.9102
2026-01-19T12:25:03+00:00,4327,146232000,745.438,,34.0707
2026-01-19T12:30:03+00:00,4382,146232000,745.562,,34.5998
2026-01-19T12:35:03+00:00,3727,146233000,745.375,,34.8351
2026-01-19T12:40:03+00:00,2121,146233000,745.375,,34.4157
2026-01-19T12:45:03+00:00,1677,146233000,745.5,,33.8834
2026-01-19T12:50:03+00:00,2337,146233000,745.438,,33.5868
2026-01-19T12:55:03+00:00,2380,146233000,745.812,,33.3694
2026-01-19T13:00:03+00:00,2375,146234000,745.375,,33.2601
2026-01-19T13:05:03+00:00,2506,146234000,745.25,,33.0955
2026-01-19T13:10:03+00:00,2531,146234000,745.375,,33.3148
2026-01-19T13:15:03+00:00,2103,146234000,745.312,,33.0955
2026-01-19T13:20:03+00:00,3049,146234000,745.25,,33.0405
2026-01-19T13:25:03+00:00,3335,146235000,745.125,,33.4511
2026-01-19T13:30:03+00:00,3012,146235000,745.312,,33.5326
2026-01-19T13:35:03+00:00,2475,146235000,745.312,,33.4511
2026-01-19T13:40:03+00:00,3082,146235000,745.438,,33.3421
2026-01-19T13:45:03+00:00,8828,146236000,745.062,,33.686
2026-01-19T13:50:03+00:00,3291,146236000,745.375,,33.8297
2026-01-19T13:55:03+00:00,2958,146236000,745.812,,33.8566
2026-01-19T14:00:03+00:00,3600,146237000,745.25,,33.9102
2026-01-19T14:05:03+00:00,2811,146237000,744.812,,33.659
2026-01-19T14:10:03+00:00,2845,146237000,745.25,,33.668
2026-01-19T14:15:03+00:00,2752,146237000,745.5,,33.695
2026-01-19T14:20:03+00:00,2881,146238000,745.25,,33.6139
2026-01-19T14:25:03+00:00,3004,146238000,745.438,,33.6139
2026-01-19T14:30:03+00:00,1985,146238000,745.188,,33.2875
2026-01-19T14:35:03+00:00,2434,146238000,745.375,,33.0129
2026-01-19T14:40:03+00:00,2730,146238000,744.938,,32.8932
2026-01-19T14:45:03+00:00,2600,146239000,744.938,,32.9761
2026-01-19T14:50:03+00:00,2897,146239000,744.75,,32.8932
2026-01-19T14:55:03+00:00,3344,146239000,746,,33.1505
2026-01-19T15:00:03+00:00,2629,146239000,744.938,,33.5236
2026-01-19T15:05:03+00:00,2161,146240000,745.312,,33.2784
2026-01-19T15:10:03+00:00,2339,146240000,744.875,,33.1688
2026-01-19T15:15:03+00:00,1788,146240000,744.875,,32.9209
2026-01-19T15:20:03+00:00,1672,146240000,745,,32.5314
2026-01-19T15:25:03+00:00,3009,146240000,745.438,,32.3442
2026-01-19T15:30:03+00:00,1868,146241000,745.062,,32.4753
2026-01-19T15:35:03+00:00,1333,146241000,745.5,,32.222
2026-01-19T15:40:03+00:00,1118,146241000,744.938,,31.8526
2026-01-19T15:45:03+00:00,1787,146241000,744.812,,31.7954
2026-01-19T15:50:03+00:00,1236,146241000,745,,31.6807
2026-01-19T15:55:03+00:00,1150,146241000,745,,31.3632
2026-01-19T16:00:03+00:00,700,146241000,744.938,,31.0719
2026-01-19T16:05:03+00:00,612,146241000,745.062,,30.9546
2026-01-19T16:10:03+00:00,641,146241000,744.812,,30.63
2026-01-19T16:15:03+00:00,900,146241000,745.438,,30.392
2026-01-19T16:20:03+00:00,543,146241000,745.062,,30.0317
2026-01-19T16:25:03+00:00,388,146242000,745.438,,29.7127
2026-01-19T16:30:03+00:00,342,146242000,745.5,,29.4253
2026-01-19T16:35:03+00:00,381,146242000,746.062,,29.0587
2026-01-19T16:40:03+00:00,308,146242000,745,,28.8415
2026-01-19T16:45:03+00:00,207,146242000,745.938,,28.519
2026-01-19T16:50:03+00:00,93,146242000,746.062,,28.2583
2026-01-19T16:55:03+00:00,72,146242000,746,,28.2321
2026-01-19T17:00:03+00:00,50,146242000,745.938,,28.0481
2026-01-19T17:05:03+00:00,0,146242000,340.812,,26.6839
2026-01-19T17:10:03+00:00,0,146242000,60.5,,25.899
2026-01-19T17:15:03+00:00,0,146242000,32.4375,,24.6896
2026-01-19T17:20:03+00:00,0,146242000,1.5,,23.8338
2026-01-19T19:05:05+00:00,0,146242000,0,,0
2026-01-20T05:10:02+00:00,0,146242000,0,,0
2026-01-20T06:30:02+00:00,0,146242000,41.5,,6.49184
2026-01-20T06:35:02+00:00,0,146242000,63.1875,,6.74732
2026-01-20T06:40:02+00:00,0,146242000,405.938,,7.71371
2026-01-20T06:45:02+00:00,0,146242000,821.688,,8.80536
2026-01-20T06:50:02+00:00,103,146242000,744.812,,10.2408
2026-01-20T06:55:02+00:00,98,146242000,745.438,,11.2699
2026-01-20T07:00:02+00:00,173,146242000,745.312,,12.0641
2026-01-20T07:05:02+00:00,250,146242000,745.562,,12.8333
2026-01-20T07:10:02+00:00,358,146242000,745.375,,13.395
2026-01-20T07:15:02+00:00,490,146242000,745.438,,14.0351
2026-01-20T07:20:02+00:00,612,146242000,744.75,,14.4254
2026-01-20T07:25:02+00:00,791,146242000,745.125,,14.8549
2026-01-20T07:30:02+00:00,980,146242000,746,,15.3859
2026-01-20T07:35:02+00:00,1166,146242000,745.875,,15.949
2026-01-20T07:40:02+00:00,1351,146242000,745.375,,16.4491
2026-01-20T07:45:02+00:00,1568,146242000,745.812,,16.8809
2026-01-20T07:50:02+00:00,1787,146242000,745.375,,17.3834
2026-01-20T07:55:02+00:00,2036,146243000,745.375,,17.9517
2026-01-20T08:00:02+00:00,2312,146243000,745.375,,18.4064
2026-01-20T08:05:02+00:00,2526,146243000,745.5,,18.9253
2026-01-20T08:10:02+00:00,2771,146243000,745.5,,19.4563
2026-01-20T08:15:02+00:00,3008,146243000,745.438,,19.9979
2026-01-20T08:20:02+00:00,3310,146244000,745.25,,20.686
2026-01-20T08:25:02+00:00,3559,146244000,745.562,,21.3251
2026-01-20T08:30:02+00:00,3796,146244000,745.688,,21.8952
2026-01-20T08:35:02+00:00,4055,146245000,744.75,,22.5405
2026-01-20T08:40:02+00:00,4286,146245000,745.438,,23.2295
2026-01-20T08:45:02+00:00,4524,146245000,745.312,,23.7591
2026-01-20T08:50:02+00:00,4746,146246000,744.938,,24.4602
2026-01-20T08:55:02+00:00,4988,146246000,745.375,,24.9802
2026-01-20T09:00:02+00:00,5204,146247000,745.375,,25.6708
2026-01-20T09:05:02+00:00,5712,146247000,745.438,,26.4618
2026-01-20T09:10:02+00:00,5398,146248000,745.062,,27.259
2026-01-20T09:15:02+00:00,6135,146248000,745.562,,28.2976
2026-01-20T09:20:02+00:00,5539,146249000,745.375,,29.1222
2026-01-20T09:25:02+00:00,6068,146249000,745.438,,30.0015
2026-01-20T09:30:02+00:00,6843,146250000,745.375,,31.1595
2026-01-20T09:35:02+00:00,5137,146250000,745.438,,31.5368
2026-01-20T09:40:02+00:00,5144,146251000,745.375,,31.8621
2026-01-20T09:45:02+00:00,4931,146251000,745.5,,32.4566
2026-01-20T09:50:02+00:00,5128,146252000,746.188,,33.1779
2026-01-20T09:55:02+00:00,3269,146252000,745.5,,32.5966
2026-01-20T10:00:02+00:00,7190,146253000,745,,33.1688
2026-01-20T10:05:02+00:00,6453,146253000,744.938,,33.8745
2026-01-20T10:10:02+00:00,4309,146254000,744.812,,34.195
2026-01-20T10:15:02+00:00,4701,146254000,745.25,,33.937
2026-01-20T10:20:02+00:00,9493,146255000,745.25,,34.4684
2026-01-20T10:25:02+00:00,8086,146256000,745.312,,36.2039
2026-01-20T10:30:02+00:00,3535,146256000,745.438,,37.3213
2026-01-20T10:35:02+00:00,8184,146257000,745.375,,37.4105
2026-01-20T10:40:02+00:00,9406,146258000,745.5,,38.1742
2026-01-20T10:45:02+00:00,6964,146259000,745.188,,40.0534
2026-01-20T10:50:02+00:00,5387,146259000,745.312,,39.4875
2026-01-20T10:55:02+00:00,3927,146260000,745.438,,38.6938
2026-01-20T11:00:02+00:00,4445,146260000,745.438,,38.1451
2026-01-20T11:05:02+00:00,10575,146260000,746.062,,38.4061
2026-01-20T11:10:02+00:00,4696,146261000,745.375,,38.2903
2026-01-20T11:15:02+00:00,3173,146261000,745.438,,37.6472
2026-01-20T11:20:02+00:00,5901,146262000,745.188,,37.6767
2026-01-20T11:25:02+00:00,10616,146262000,745.812,,38.4638
2026-01-20T11:30:02+00:00,9004,146263000,745.625,,39.3189
2026-01-20T11:35:02+00:00,11744,146264000,745.312,,40.0198
2026-01-20T11:40:02+00:00,4121,146264000,745.562,,40.1875
2026-01-20T11:45:02+00:00,10309,146265000,744.75,,40.9177
2026-01-20T11:50:02+00:00,10695,146266000,745.5,,42.5641
2026-01-20T11:55:02+00:00,3973,146267000,745.5,,42.659
2026-01-20T12:00:02+00:00,9267,146267000,745.438,,42.659
2026-01-20T12:05:02+00:00,11309,146268000,745.938,,43.6939
2026-01-20T12:10:02+00:00,5717,146269000,745.562,,42.9109
2026-01-20T12:15:02+00:00,5923,146269000,745.375,,42.7536
2026-01-20T12:20:02+00:00,9805,146270000,746.062,,41.9635
2026-01-20T12:25:02+00:00,9954,146270000,745.938,,43.1354
2026-01-20T12:30:02+00:00,3154,146271000,745.875,,43.627
2026-01-20T12:35:02+00:00,10052,146272000,745.438,,43.9652
2026-01-20T12:40:02+00:00,10167,146273000,745.938,,44.7837
2026-01-20T12:45:02+00:00,10690,146274000,745.75,,42.9109
2026-01-20T12:50:02+00:00,2854,146274000,745.438,,41.0492
2026-01-20T12:55:02+00:00,2017,146274000,745.438,,40.9177
2026-01-20T13:00:02+00:00,3304,146275000,745.875,,40.7253
2026-01-20T13:05:02+00:00,2401,146275000,745.375,,40.1205
2026-01-20T13:10:02+00:00,3051,146275000,745.312,,39.7668
2026-01-20T13:15:02+00:00,2332,146275000,745.25,,39.3189
2026-01-20T13:20:02+00:00,2739,146276000,745.812,,38.8083
2026-01-20T13:25:02+00:00,9364,146276000,745.312,,40.9177
2026-01-20T13:30:02+00:00,9044,146277000,745.938,,42.1877
2026-01-20T13:35:02+00:00,8659,146278000,746.062,,42.8533
2026-01-20T13:40:02+00:00,2868,146279000,745.438,,43.1302
2026-01-20T13:45:02+00:00,8075,146279000,745.438,,42.5641
2026-01-20T13:50:02+00:00,8038,146280000,745.75,,43.3535
2026-01-20T13:55:02+00:00,7997,146281000,745.312,,43.4104
2026-01-20T14:00:02+00:00,1763,146281000,745.938,,42.0277
2026-01-20T14:05:02+00:00,1950,146281000,745.375,,40.4877
2026-01-20T14:10:02+00:00,7313,146281000,745.938,,40.8903
2026-01-20T14:15:02+00:00,7074,146282000,745.312,,41.4736
2026-01-20T14:20:02+00:00,2254,146283000,744.875,,41.765
2026-01-20T14:25:02+00:00,6683,146283000,745.438,,41.7973
2026-01-20T14:30:02+00:00,2755,146284000,745.25,,41.1802
2026-01-20T14:35:02+00:00,2856,146284000,745.812,,40.6536
2026-01-20T14:40:02+00:00,1852,146284000,745.375,,39.4875
2026-01-20T14:45:02+00:00,4641,146285000,745.312,,38.6077
2026-01-20T14:50:02+00:00,1555,146285000,745.812,,38.3241
2026-01-20T14:55:02+00:00,1590,146285000,745.625,,37.4994
2026-01-20T15:00:02+00:00,1691,146285000,745.375,,36.9626
2026-01-20T15:05:02+00:00,3377,146285000,745.25,,36.4483
2026-01-20T15:10:02+00:00,4352,146286000,745.438,,36.7517
2026-01-20T15:15:02+00:00,4095,146286000,745.25,,36.7517
2026-01-20T15:20:02+00:00,3843,146286000,745.312,,36.4788
2026-01-20T15:25:02+00:00,3510,146287000,745.312,,36.2345
2026-01-20T15:30:02+00:00,3149,146287000,745.438,,35.8651
2026-01-20T15:35:02+00:00,2917,146287000,745.25,,35.4608
2026-01-20T15:40:02+00:00,2634,146287000,745.375,,35.0838
2026-01-20T15:45:02+00:00,2355,146288000,745.562,,34.6523
2026-01-20T15:50:02+00:00,2109,146288000,745.312,,34.3628
2026-01-20T15:55:02+00:00,1897,146288000,745.438,,33.9102
2026-01-20T16:00:02+00:00,1652,146288000,745.312,,33.5055
2026-01-20T16:05:02+00:00,1418,146288000,745.375,,33.123
2026-01-20T16:10:02+00:00,1204,146288000,745.562,,32.736
2026-01-20T16:15:02+00:00,997,146288000,745.25,,32.3442
2026-01-20T16:20:02+00:00,821,146289000,745.562,,31.824
2026-01-20T16:25:02+00:00,659,146289000,745.375,,31.604
2026-01-20T16:30:02+00:00,525,146289000,745.375,,31.1984
2026-01-20T16:35:02+00:00,396,146289000,745.5,,30.8958
2026-01-20T16:40:02+00:00,275,146289000,745.875,,30.6103
2026-01-20T16:45:02+00:00,165,146289000,746,,30.4019
2026-01-20T16:50:02+00:00,79,146289000,745.562,,30.1522
2026-01-20T16:55:02+00:00,113,146289000,745.375,,29.9026
2026-01-20T17:00:02+00:00,56,146289000,745.188,,29.5798
2026-01-20T17:05:02+00:00,0,146289000,319.875,,28.1403
2026-01-20T17:10:02+00:00,0,146289000,46.375,,27.0139
2026-01-20T17:15:02+00:00,0,146289000,29,,25.8136
2026-01-20T19:05:02+00:00,0,146289000,0,,0
2026-01-21T05:05:03+00:00,0,146289000,0,,0
2026-01-21T06:35:03+00:00,0,146289000,40.6875,,9.18392
2026-01-21T06:40:03+00:00,0,146289000,43.25,,9.55055
2026-01-21T06:45:03+00:00,0,146289000,459.438,,9.88598
2026-01-21T06:50:03+00:00,0,146289000,701.812,,11.1252
2026-01-21T06:55:03+00:00,0,146289000,820.875,,11.7664
2026-01-21T07:00:03+00:00,90,146289000,745.438,,13.4453
2026-01-21T07:05:03+00:00,155,146289000,745.938,,14.3735
2026-01-21T07:10:03+00:00,256,146289000,746.188,,14.9869
2026-01-21T07:15:03+00:00,335,146289000,745.875,,15.641
2026-01-21T07:20:03+00:00,491,146289000,745.812,,16.3399
2026-01-21T07:25:03+00:00,631,146289000,745.312,,16.8542
2026-01-21T07:30:03+00:00,692,146289000,745.375,,17.3572
2026-01-21T07:35:03+00:00,718,146289000,745.25,,17.7981
2026-01-21T07:40:03+00:00,901,146289000,745.812,,18.2054
2026-01-21T07:45:03+00:00,915,146289000,745.438,,18.5061
2026-01-21T07:50:03+00:00,961,146289000,745.312,,18.7537
2026-01-21T07:55:03+00:00,1121,146289000,745.312,,18.9985
2026-01-21T08:00:03+00:00,1023,146289000,745.5,,19.1683
2026-01-21T08:05:03+00:00,730,146290000,745.25,,19.3607
2026-01-21T08:10:03+00:00,739,146290000,745.5,,19.3846
2026-01-21T08:15:03+00:00,726,146290000,745.562,,19.4801
2026-01-21T08:20:03+00:00,712,146290000,745.375,,19.6698
2026-01-21T08:25:03+00:00,371,146290000,745.438,,19.8111
2026-01-21T08:30:03+00:00,637,146290000,745.938,,19.8267
2026-01-21T08:35:03+00:00,975,146290000,745.375,,19.4801
2026-01-21T08:40:03+00:00,1308,146290000,745.438,,19.3367
2026-01-21T08:45:03+00:00,1822,146290000,745.375,,19.5277
2026-01-21T08:50:03+00:00,2168,146290000,745.438,,19.8345
2026-01-21T08:55:03+00:00,1936,146290000,745.5,,20.1987
2026-01-21T09:00:03+00:00,1994,146291000,745.375,,20.4553
2026-01-21T09:05:03+00:00,1874,146291000,745.375,,20.8262
2026-01-21T09:10:03+00:00,2219,146291000,746,,21.0075
2026-01-21T09:15:03+00:00,2612,146291000,745.438,,21.4892
2026-01-21T09:20:03+00:00,3023,146291000,745.5,,21.9757
2026-01-21T09:25:03+00:00,3497,146292000,745.438,,22.4531
2026-01-21T09:30:03+00:00,4836,146292000,745.375,,23.3058
2026-01-21T09:35:03+00:00,4131,146292000,745.375,,24.0814
2026-01-21T09:40:03+00:00,2642,146293000,745.625,,24.3508
2026-01-21T09:45:03+00:00,5056,146293000,745.562,,24.8811
2026-01-21T09:50:03+00:00,6319,146293000,745.375,,25.9557
2026-01-21T09:55:03+00:00,5584,146294000,745.562,,27.2319
2026-01-21T10:00:03+00:00,5222,146295000,745.562,,28.0349
2026-01-21T10:05:03+00:00,6577,146295000,745.5,,28.532
2026-01-21T10:10:03+00:00,6923,146296000,745.438,,29.4755
2026-01-21T10:15:03+00:00,7496,146296000,745.188,,30.4815
2026-01-21T10:20:03+00:00,7075,146297000,745.438,,31.2178
2026-01-21T10:25:03+00:00,7151,146297000,745.812,,31.719
2026-01-21T10:30:03+00:00,7625,146298000,745.438,,32.1655
2026-01-21T10:35:03+00:00,8394,146299000,745.375,,32.9209
2026-01-21T10:40:03+00:00,9020,146300000,745.375,,33.8745
2026-01-21T10:45:03+00:00,7858,146300000,745.375,,33.4693
2026-01-21T10:50:03+00:00,10529,146301000,745.188,,34.7786
2026-01-21T10:55:03+00:00,6052,146302000,745.375,,35.3355
2026-01-21T11:00:03+00:00,10764,146302000,745.125,,36.5396
2026-01-21T11:05:03+00:00,9236,146303000,745.5,,38.2323
2026-01-21T11:10:03+00:00,6141,146304000,745.562,,37.3511
2026-01-21T11:15:03+00:00,4280,146304000,745.438,,35.9887
2026-01-21T11:20:03+00:00,5314,146305000,745.938,,35.2728
2026-01-21T11:25:03+00:00,4278,146305000,745.375,,34.4684
2026-01-21T11:30:03+00:00,4095,146306000,745.562,,34.0618
2026-01-21T11:35:03+00:00,9394,146306000,745,,35.8909
2026-01-21T11:40:03+00:00,8354,146307000,745,,37.0176
2026-01-21T11:45:03+00:00,6783,146308000,745.438,,37.6767
2026-01-21T11:50:03+00:00,8950,146309000,745.5,,38.3772
2026-01-21T11:55:03+00:00,8142,146309000,745.438,,38.6651
2026-01-21T12:00:03+00:00,8749,146310000,745.5,,38.9224
2026-01-21T12:05:03+00:00,7322,146311000,745.25,,39.4314
2026-01-21T12:10:03+00:00,4264,146311000,745.312,,38.5214
2026-01-21T12:15:03+00:00,4400,146312000,745.562,,37.2618
2026-01-21T12:20:03+00:00,4040,146312000,745.438,,36.7517
2026-01-21T12:25:03+00:00,5063,146313000,745.312,,36.9325
2026-01-21T12:30:03+00:00,6067,146313000,745.562,,36.4788
2026-01-21T12:35:03+00:00,8170,146314000,745.375,,37.3511
2026-01-21T12:40:03+00:00,5849,146314000,745.5,,37.232
2026-01-21T12:45:03+00:00,8142,146315000,745.562,,36.9024
2026-01-21T12:50:03+00:00,6983,146315000,745.5,,37.5586
2026-01-21T12:55:03+00:00,7528,146316000,745.812,,37.6767
2026-01-21T13:00:03+00:00,4836,146317000,746,,37.2021
2026-01-21T13:05:03+00:00,3647,146317000,745.438,,36.1425
2026-01-21T13:10:03+00:00,6312,146317000,745.438,,35.1784
2026-01-21T13:15:03+00:00,5549,146318000,745.125,,34.9131
2026-01-21T13:20:03+00:00,4747,146318000,745.312,,35.0838
2026-01-21T13:25:03+00:00,6344,146319000,745.812,,35.3669
2026-01-21T13:30:03+00:00,5191,146319000,745.688,,35.648
2026-01-21T13:35:03+00:00,3981,146320000,745.312,,35.0785
2026-01-21T13:40:03+00:00,4390,146320000,745.375,,34.5473
2026-01-21T13:45:03+00:00,4527,146320000,745.125,,34.3849
2026-01-21T13:50:03+00:00,4635,146321000,744.875,,34.0084
2026-01-21T13:55:03+00:00,4520,146321000,745.25,,33.9549
2026-01-21T14:00:03+00:00,3423,146321000,746.062,,33.668
2026-01-21T14:05:03+00:00,3501,146322000,745.438,,33.251
2026-01-21T14:10:03+00:00,4207,146322000,745.375,,33.123
2026-01-21T14:15:03+00:00,3918,146322000,744.75,,33.1139
2026-01-21T14:20:03+00:00,3648,146323000,745.375,,33.1413
2026-01-21T14:25:03+00:00,4061,146323000,745.25,,32.9485
2026-01-21T14:30:03+00:00,3111,146323000,744.875,,32.7267
2026-01-21T14:35:03+00:00,3081,146324000,745.375,,32.2785
2026-01-21T14:40:03+00:00,2993,146324000,745.5,,32.052
2026-01-21T14:45:03+00:00,2840,146324000,744.875,,31.9667
2026-01-21T14:50:03+00:00,3158,146324000,745.875,,31.8621
2026-01-21T14:55:03+00:00,3891,146325000,745.5,,32.0804
2026-01-21T15:00:03+00:00,2652,146325000,745.5,,31.8526
2026-01-21T15:05:03+00:00,1725,146325000,744.938,,31.479
2026-01-21T15:10:03+00:00,1450,146325000,745.438,,30.9937
2026-01-21T15:15:03+00:00,1487,146325000,745.25,,30.8075
2026-01-21T15:20:03+00:00,1255,146326000,745.438,,30.541
2026-01-21T15:25:03+00:00,1039,146326000,745.5,,30.3023
2026-01-21T15:30:03+00:00,1055,146326000,744.75,,29.952
2026-01-21T15:35:03+00:00,953,146326000,745.875,,29.5631
2026-01-21T15:40:03+00:00,637,146326000,745.438,,29.3499
2026-01-21T15:45:03+00:00,585,146326000,745.562,,28.9694
2026-01-21T15:50:03+00:00,602,146326000,745.5,,28.5838
2026-01-21T15:55:03+00:00,518,146326000,745.188,,28.2452
2026-01-21T16:00:03+00:00,399,146326000,745.438,,28.0349
2026-01-21T16:05:03+00:00,349,146326000,745.438,,27.7963
2026-01-21T16:10:03+00:00,317,146326000,745.375,,27.4213
2026-01-21T16:15:03+00:00,370,146326000,745.5,,27.3673
2026-01-21T16:20:03+00:00,285,146326000,745.438,,27.0686
2026-01-21T16:25:03+00:00,192,146326000,745.438,,26.9866
2026-01-21T16:30:03+00:00,180,146326000,745.438,,26.8219
2026-01-21T16:35:03+00:00,180,146326000,745.375,,26.5453
2026-01-21T16:40:03+00:00,16,146326000,745.5,,26.4618
2026-01-21T16:45:03+00:00,24,146326000,744.812,,26.3501
2026-01-21T16:50:03+00:00,0,146326000,392.5,,25.1509
2026-01-21T16:55:03+00:00,0,146326000,438.625,,24.4966
2026-01-21T17:00:03+00:00,0,146326000,36.875,,23.5586
2026-01-21T17:05:03+00:00,0,146326000,15.5,,22.558
2026-01-21T17:10:03+00:00,0,146326000,1.3125,,21.8952
2026-01-21T17:15:03+00:00,0,146326000,1.3125,,21.8952
2026-01-21T19:00:03+00:00,0,146326000,0,,0
2026-01-22T05:00:04+00:00,0,146326000,0,,0
2026-01-22T06:35:04+00:00,0,146326000,28.5625,,13.8718
2026-01-22T06:40:04+00:00,0,146326000,50.875,,14.1405
2026-01-22T06:45:04+00:00,0,146326000,459.812,,14.4692
2026-01-22T06:50:04+00:00,0,146326000,384.75,,15.949
2026-01-22T06:55:04+00:00,0,146326000,764.25,,16.7737
2026-01-22T07:00:04+00:00,78,146326000,745.438,,17.7467
2026-01-22T07:05:04+00:00,109,146326000,745.438,,18.8764
2026-01-22T07:10:04+00:00,170,146326000,746.438,,19.6856
2026-01-22T07:15:04+00:00,162,146326000,745.375,,20.2845
2026-01-22T07:20:04+00:00,162,146326000,745.312,,20.91
2026-01-22T07:25:04+00:00,198,146326000,745.5,,21.571
2026-01-22T07:30:04+00:00,229,146326000,745.375,,22.0292
2026-01-22T07:35:04+00:00,214,146326000,745.438,,22.3741
2026-01-22T07:40:04+00:00,285,146326000,745.5,,22.7145
2026-01-22T07:45:04+00:00,302,146326000,745.375,,23.0761
2026-01-22T07:50:04+00:00,230,146326000,746.062,,23.3185
2026-01-22T07:55:04+00:00,346,146326000,745.625,,23.5586
2026-01-22T08:00:04+00:00,374,146326000,744.938,,23.8338
2026-01-22T08:05:04+00:00,524,146326000,744.938,,24.1306
2026-01-22T08:10:04+00:00,585,146327000,745.375,,24.2776
2026-01-22T08:15:04+00:00,638,146327000,745.438,,24.3752
2026-01-22T08:20:04+00:00,573,146327000,745.375,,24.545
2026-01-22T08:25:04+00:00,471,146327000,745.312,,24.6174
2026-01-22T08:30:04+00:00,561,146327000,745.375,,24.7136
2026-01-22T08:35:04+00:00,528,146327000,745.375,,24.9049
2026-01-22T08:40:04+00:00,561,146327000,745.5,,24.9802
2026-01-22T08:45:04+00:00,554,146327000,745.375,,25.0634
2026-01-22T08:50:04+00:00,625,146327000,745.375,,25.2382
2026-01-22T08:55:04+00:00,739,146327000,745.375,,25.2962
2026-01-22T09:00:04+00:00,811,146327000,745.562,,25.412
2026-01-22T09:05:04+00:00,962,146327000,745.875,,25.4841
2026-01-22T09:10:04+00:00,1031,146327000,745.438,,25.6708
2026-01-22T09:15:04+00:00,959,146327000,745.438,,25.8421
2026-01-22T09:20:04+00:00,905,146327000,745.312,,26.2098
2026-01-22T09:25:04+00:00,933,146327000,745.562,,26.4618
2026-01-22T09:30:04+00:00,897,146328000,745.438,,26.573
2026-01-22T09:35:04+00:00,920,146328000,745.5,,26.7668
2026-01-22T09:40:04+00:00,919,146328000,745.5,,26.7392
2026-01-22T09:45:04+00:00,1023,146328000,745.438,,26.7943
2026-01-22T09:50:04+00:00,1071,146328000,745.312,,26.7943
2026-01-22T09:55:04+00:00,1240,146328000,746,,26.8081
2026-01-22T10:00:04+00:00,1567,146328000,745.375,,26.9866
2026-01-22T10:05:04+00:00,1608,146328000,745.625,,27.0959
2026-01-22T10:10:04+00:00,1612,146328000,745.438,,27.2319
2026-01-22T10:15:04+00:00,1617,146329000,745.375,,27.3943
2026-01-22T10:20:04+00:00,1971,146329000,745.875,,27.5424
2026-01-22T10:25:04+00:00,2643,146329000,745.375,,27.8495
2026-01-22T10:30:04+00:00,2966,146329000,745.625,,28.2714
2026-01-22T10:35:04+00:00,2905,146329000,745.312,,28.7129
2026-01-22T10:40:04+00:00,3154,146330000,745.5,,29.0459
2026-01-22T10:45:04+00:00,3142,146330000,745.438,,29.3499
2026-01-22T10:50:04+00:00,2579,146330000,745.25,,29.6546
2026-01-22T10:55:04+00:00,2494,146330000,745.5,,29.8285
2026-01-22T11:00:04+00:00,3259,146331000,745.438,,30.1221
2026-01-22T11:05:04+00:00,3633,146331000,745.5,,30.5211
2026-01-22T11:10:04+00:00,3320,146331000,745.438,,30.7583
2026-01-22T11:15:04+00:00,3729,146331000,745.312,,31.1984
2026-01-22T11:20:04+00:00,3894,146332000,745.375,,31.4308
2026-01-22T11:25:04+00:00,4964,146332000,745.875,,31.9477
2026-01-22T11:30:04+00:00,6201,146333000,745.688,,32.9853
2026-01-22T11:35:04+00:00,5929,146333000,745.25,,33.4783
2026-01-22T11:40:04+00:00,4660,146334000,745.375,,33.9102
2026-01-22T11:45:04+00:00,6331,146334000,745.375,,34.124
2026-01-22T11:50:04+00:00,4831,146334000,745.312,,34.521
2026-01-22T11:55:04+00:00,7057,146335000,745.625,,35.3355
2026-01-22T12:00:04+00:00,6817,146336000,745.375,,36.081
2026-01-22T12:05:04+00:00,6016,146336000,745.375,,36.4483
2026-01-22T12:10:04+00:00,4036,146336000,745.438,,35.9887
2026-01-22T12:15:04+00:00,3490,146337000,745.5,,35.8651
2026-01-22T12:20:04+00:00,2970,146337000,745.562,,35.3669
2026-01-22T12:25:04+00:00,3128,146337000,745.438,,34.9391
2026-01-22T12:30:04+00:00,3738,146338000,745.375,,34.809
2026-01-22T12:35:04+00:00,3631,146338000,745.312,,34.7046
2026-01-22T12:40:04+00:00,2871,146338000,745.375,,34.5736
2026-01-22T12:45:04+00:00,2171,146338000,745.25,,34.3099
2026-01-22T12:50:04+00:00,1658,146339000,745.188,,33.9102
2026-01-22T12:55:04+00:00,1632,146339000,745.5,,33.5326
2026-01-22T13:00:04+00:00,1794,146339000,745.312,,33.4511
2026-01-22T13:05:04+00:00,1981,146339000,745.312,,33.2601
2026-01-22T13:10:04+00:00,2300,146339000,745.25,,33.3148
2026-01-22T13:15:04+00:00,2244,146339000,745.5,,33.4783
2026-01-22T13:20:04+00:00,1799,146340000,745.312,,33.5326
2026-01-22T13:25:04+00:00,1518,146340000,745.5,,33.3694
2026-01-22T13:30:04+00:00,1265,146340000,745.438,,33.3967
2026-01-22T13:35:04+00:00,1197,146340000,745.375,,33.4511
2026-01-22T13:40:04+00:00,1871,146340000,745.312,,33.6139
2026-01-22T13:45:04+00:00,2172,146340000,745.438,,33.8834
2026-01-22T13:50:04+00:00,1862,146340000,745.562,,34.0707
2026-01-22T13:55:04+00:00,1542,146341000,745.375,,34.2304
2026-01-22T14:00:04+00:00,1729,146341000,745.5,,34.3099
2026-01-22T14:05:04+00:00,1629,146341000,745.438,,34.442
2026-01-22T14:10:04+00:00,1827,146341000,745.5,,34.4684
2026-01-22T14:15:04+00:00,1910,146341000,745.438,,34.5736
2026-01-22T14:20:04+00:00,1763,146341000,745.5,,34.6261
2026-01-22T14:25:04+00:00,2180,146342000,745.125,,34.809
2026-01-22T14:30:04+00:00,2091,146342000,745.312,,34.9909
2026-01-22T14:35:04+00:00,2012,146342000,745.438,,35.0522
2026-01-22T14:40:04+00:00,1833,146342000,745.312,,35.0522
2026-01-22T14:45:04+00:00,1688,146342000,745.5,,35.0838
2026-01-22T14:50:04+00:00,1610,146342000,745.375,,34.965
2026-01-22T14:55:04+00:00,1447,146342000,745.438,,34.9131
2026-01-22T15:00:04+00:00,1419,146343000,745.438,,34.783
2026-01-22T15:05:04+00:00,1497,146343000,745.25,,34.5473
2026-01-22T15:10:04+00:00,1397,146343000,745.25,,34.2569
2026-01-22T15:15:04+00:00,1218,146343000,745.562,,33.937
2026-01-22T15:20:04+00:00,998,146343000,745.188,,33.6139
2026-01-22T15:25:04+00:00,1034,146343000,745.188,,33.3421
2026-01-22T15:30:04+00:00,991,146343000,745.312,,33.1505
2026-01-22T15:35:04+00:00,934,146343000,745.375,,32.847
2026-01-22T15:40:04+00:00,545,146343000,745.438,,32.5127
2026-01-22T15:45:04+00:00,490,146343000,745.312,,32.3442
2026-01-22T15:50:04+00:00,410,146343000,745.375,,32.1183
2026-01-22T15:55:04+00:00,386,146344000,745.938,,31.9192
2026-01-22T16:00:04+00:00,369,146344000,745.25,,31.7763
2026-01-22T16:05:04+00:00,333,146344000,746,,31.719
2026-01-22T16:10:04+00:00,348,146344000,745.938,,31.5752
2026-01-22T16:15:04+00:00,333,146344000,745.438,,31.5175
2026-01-22T16:20:04+00:00,290,146344000,745,,31.5368
2026-01-22T16:25:04+00:00,265,146344000,745.938,,31.5175
2026-01-22T16:30:04+00:00,0,146344000,814.438,,30.5806
2026-01-22T16:35:04+00:00,108,146344000,745.312,,30.2523
2026-01-22T16:40:04+00:00,50,146344000,745.938,,30.6695
2026-01-22T16:45:04+00:00,92,146344000,744,,30.837
2026-01-22T16:50:04+00:00,0,146344000,739.688,,30.6103
2026-01-22T16:55:04+00:00,0,146344000,382.188,,29.9109
2026-01-22T17:00:04+00:00,0,146344000,94.4375,,29.2363
2026-01-22T17:05:04+00:00,0,146344000,26.6875,,28.3368
2026-01-22T17:10:04+00:00,0,146344000,1.4375,,27.4213
2026-01-22T18:55:01+00:00,0,146344000,0,,0
2026-01-23T04:55:03+00:00,0,146344000,0,,0
2026-01-23T06:35:03+00:00,0,146344000,41.125,,14.1889
2026-01-23T06:40:03+00:00,0,146344000,90.1875,,14.3335
2026-01-23T06:45:03+00:00,0,146344000,767.688,,15.641
2026-01-23T06:50:03+00:00,82,146344000,745.312,,17.4661
2026-01-23T06:55:03+00:00,210,146344000,745.812,,18.531
2026-01-23T07:00:03+00:00,106,146344000,745.312,,19.3607
2026-01-23T07:05:03+00:00,86,146344000,745.438,,20.1414
2026-01-23T07:10:03+00:00,97,146344000,745.688,,20.8682
2026-01-23T07:15:03+00:00,138,146344000,745.25,,21.462
2026-01-23T07:20:03+00:00,303,146344000,745.438,,22.0825
2026-01-23T07:25:03+00:00,384,146344000,745.25,,22.4794
2026-01-23T07:30:03+00:00,395,146344000,745.312,,23.0248
2026-01-23T07:35:03+00:00,496,146344000,745.312,,23.4578
2026-01-23T07:40:03+00:00,527,146344000,745.375,,23.9083
2026-01-23T07:45:03+00:00,480,146344000,745.75,,24.2532
2026-01-23T07:50:03+00:00,655,146344000,745.438,,24.545
2026-01-23T07:55:03+00:00,995,146344000,745.375,,25.0049
2026-01-23T08:00:03+00:00,1606,146344000,745.438,,25.3252
2026-01-23T08:05:03+00:00,1852,146344000,745.25,,25.9841
2026-01-23T08:10:03+00:00,1633,146344000,745.438,,26.3501
2026-01-23T08:15:03+00:00,1212,146345000,744.75,,26.6285
2026-01-23T08:20:03+00:00,1130,146345000,745.438,,26.7943
2026-01-23T08:25:03+00:00,1302,146345000,745.875,,26.9729
2026-01-23T08:30:03+00:00,1499,146345000,745.188,,27.259
2026-01-23T08:35:03+00:00,1271,146345000,746,,27.3808
2026-01-23T08:40:03+00:00,2112,146345000,745.5,,27.6897
2026-01-23T08:45:03+00:00,2394,146345000,745.375,,28.428
2026-01-23T08:50:03+00:00,2251,146346000,745.312,,28.9694
2026-01-23T08:55:03+00:00,2604,146346000,745.375,,29.173
2026-01-23T09:00:03+00:00,3236,146346000,745.312,,29.6546
2026-01-23T09:05:03+00:00,1364,146346000,745.438,,30.0317
2026-01-23T09:10:03+00:00,853,146346000,745.75,,29.7872
2026-01-23T09:15:03+00:00,1777,146347000,745.375,,29.8532
2026-01-23T09:20:03+00:00,981,146347000,745.812,,29.9848
2026-01-23T09:25:03+00:00,726,146347000,745.875,,29.8615
2026-01-23T09:30:03+00:00,2198,146347000,745.812,,29.8367
2026-01-23T09:35:03+00:00,2409,146347000,745.938,,30.3721
2026-01-23T09:40:03+00:00,3546,146347000,745.875,,30.8762
2026-01-23T09:45:03+00:00,4467,146348000,745.938,,31.604
2026-01-23T09:50:03+00:00,5201,146348000,745.75,,32.4286
2026-01-23T09:55:03+00:00,5030,146348000,745.125,,33.1779
2026-01-23T10:00:03+00:00,7334,146349000,746,,34.4947
2026-01-23T10:05:03+00:00,5972,146350000,745.938,,35.648
2026-01-23T10:10:03+00:00,5014,146350000,745.375,,36.4483
2026-01-23T10:15:03+00:00,1940,146350000,745.312,,35.6168
2026-01-23T10:20:03+00:00,1728,146351000,745.5,,34.8611
2026-01-23T10:25:03+00:00,4303,146351000,745.5,,34.9391
2026-01-23T10:30:03+00:00,4939,146351000,745.438,,35.896
2026-01-23T10:35:03+00:00,3215,146352000,745.5,,36.3263
2026-01-23T10:40:03+00:00,3081,146352000,745.375,,36.0503
2026-01-23T10:45:03+00:00,6336,146352000,745.188,,36.9024
2026-01-23T10:50:03+00:00,5389,146353000,745.5,,37.1424
2026-01-23T10:55:03+00:00,4584,146353000,745.375,,37.529
2026-01-23T11:00:03+00:00,4838,146354000,745.312,,38.3193
2026-01-23T11:05:03+00:00,3987,146354000,745.375,,37.853
2026-01-23T11:10:03+00:00,7191,146355000,745.562,,38.579
2026-01-23T11:15:03+00:00,8716,146355000,745.375,,39.9887
2026-01-23T11:20:03+00:00,4086,146356000,745.938,,41.2456
2026-01-23T11:25:03+00:00,8661,146357000,745.438,,41.6034
2026-01-23T11:30:03+00:00,4619,146357000,745.938,,40.5597
2026-01-23T11:35:03+00:00,8018,146358000,746.125,,41.479
2026-01-23T11:40:03+00:00,9072,146358000,744.875,,42.2782
2026-01-23T11:45:03+00:00,5786,146359000,745.562,,43.0364
2026-01-23T11:50:03+00:00,6094,146360000,745.25,,43.5034
2026-01-23T11:55:03+00:00,8758,146361000,746.188,,43.8477
2026-01-23T12:00:03+00:00,10181,146361000,745.375,,44.3361
2026-01-23T12:05:03+00:00,3506,146362000,745.188,,43.9652
2026-01-23T12:10:03+00:00,9070,146362000,746,,43.6013
2026-01-23T12:15:03+00:00,7030,146363000,745.938,,44.6685
2026-01-23T12:20:03+00:00,7083,146363000,746,,43.663
2026-01-23T12:25:03+00:00,8165,146364000,745.938,,44.0926
2026-01-23T12:30:03+00:00,8271,146365000,745.625,,44.6032
2026-01-23T12:35:03+00:00,5933,146365000,745.562,,44.2399
2026-01-23T12:40:03+00:00,2990,146366000,745.875,,41.571
2026-01-23T12:45:03+00:00,3424,146366000,745.562,,40.0534
2026-01-23T12:50:03+00:00,4393,146367000,745.875,,41.6088
2026-01-23T12:55:03+00:00,7861,146367000,745.25,,41.926
2026-01-23T13:00:03+00:00,8146,146368000,745.562,,43.7195
2026-01-23T13:05:03+00:00,8170,146368000,745.25,,44.6334
2026-01-23T13:10:03+00:00,7788,146369000,745.938,,43.1978
2026-01-23T13:15:03+00:00,3251,146369000,745.938,,40.4933
2026-01-23T13:20:03+00:00,4105,146370000,746.125,,40.9232
2026-01-23T13:25:03+00:00,4124,146370000,745.312,,41.8295
2026-01-23T13:30:03+00:00,3802,146371000,745.562,,42.4425
2026-01-23T13:35:03+00:00,5511,146371000,745.875,,41.7704
2026-01-23T13:40:03+00:00,5040,146371000,745.812,,41.3435
2026-01-23T13:45:03+00:00,5382,146372000,746.25,,41.0218
2026-01-23T13:50:03+00:00,6974,146372000,745.375,,41.2129
2026-01-23T13:55:03+00:00,5801,146373000,744.625,,41.6358
2026-01-23T14:00:03+00:00,2942,146373000,745.312,,40.9177
2026-01-23T14:05:03+00:00,2587,146373000,745.938,,39.7158
2026-01-23T14:10:03+00:00,5438,146374000,745.938,,39.961
2026-01-23T14:15:03+00:00,3107,146374000,745.938,,39.5482
2026-01-23T14:20:03+00:00,3182,146374000,745.375,,39.0928
2026-01-23T14:25:03+00:00,3466,146375000,746.062,,39.0645
2026-01-23T14:30:03+00:00,3237,146375000,746.5,,38.9271
2026-01-23T14:35:03+00:00,6056,146375000,745.875,,39.5715
2026-01-23T14:40:03+00:00,5381,146376000,745.812,,39.827
2026-01-23T14:45:03+00:00,4536,146376000,745.875,,39.7992
2026-01-23T14:50:03+00:00,4000,146377000,745.875,,39.1259
2026-01-23T14:55:03+00:00,2834,146377000,745.75,,38.8416
2026-01-23T15:00:03+00:00,4028,146377000,745.812,,38.7797
2026-01-23T15:05:03+00:00,3838,146378000,745.438,,38.8083
2026-01-23T15:10:03+00:00,3694,146378000,746,,38.3241
2026-01-23T15:15:03+00:00,3482,146378000,745.25,,38.0578
2026-01-23T15:20:03+00:00,3293,146379000,745.875,,37.534
2026-01-23T15:25:03+00:00,3048,146379000,745.75,,37.2369
2026-01-23T15:30:03+00:00,2811,146379000,745.25,,37.0226
2026-01-23T15:35:03+00:00,2586,146379000,745.188,,36.6003
2026-01-23T15:40:03+00:00,2366,146380000,745.312,,36.2345
2026-01-23T15:45:03+00:00,2170,146380000,745.188,,35.896
2026-01-23T15:50:03+00:00,1968,146380000,745.312,,35.6791
2026-01-23T15:55:03+00:00,1760,146380000,745.375,,35.3982
2026-01-23T16:00:03+00:00,1552,146380000,745.875,,34.9693
2026-01-23T16:05:03+00:00,1375,146380000,745.938,,34.7307
2026-01-23T16:10:03+00:00,1164,146380000,745.125,,34.4157
2026-01-23T16:15:03+00:00,1011,146381000,745.812,,34.2304
2026-01-23T16:20:03+00:00,848,146381000,745.25,,33.937
2026-01-23T16:25:03+00:00,696,146381000,745.25,,33.749
2026-01-23T16:30:03+00:00,565,146381000,745.375,,33.3694
2026-01-23T16:35:03+00:00,442,146381000,745.375,,33.2054
2026-01-23T16:40:03+00:00,320,146381000,746,,32.9577
2026-01-23T16:45:03+00:00,219,146381000,745.875,,32.7915
2026-01-23T16:50:03+00:00,119,146381000,745.938,,32.7081
2026-01-23T16:55:03+00:00,87,146381000,745.25,,32.5687
2026-01-23T17:00:03+00:00,120,146381000,743.5,,32.4005
2026-01-23T17:05:03+00:00,0,146381000,384.375,,31.4886
2026-01-23T17:10:03+00:00,0,146381000,150,,30.4914
2026-01-23T17:15:03+00:00,0,146381000,37,,29.3624
2026-01-23T17:20:03+00:00,0,146381000,4.4375,,28.3368
2026-01-23T19:05:04+00:00,0,146381000,0,,0
2026-01-24T05:05:03+00:00,0,146381000,0,,0
2026-01-24T06:30:03+00:00,0,146381000,34.75,,8.93105
2026-01-24T06:35:03+00:00,0,146381000,60.3125,,9.08485
2026-01-24T06:40:03+00:00,0,146381000,411.562,,9.90969
2026-01-24T06:45:03+00:00,0,146381000,419.75,,11.0455
2026-01-24T06:50:03+00:00,0,146381000,572.188,,11.9833
2026-01-24T06:55:03+00:00,89,146381000,744.688,,11.9338
2026-01-24T07:00:03+00:00,279,146381000,745.438,,13.3698
2026-01-24T07:05:03+00:00,538,146381000,745.375,,14.2814
2026-01-24T07:10:03+00:00,735,146381000,745.75,,15.0416
2026-01-24T07:15:03+00:00,859,146381000,745.812,,15.8375
2026-01-24T07:20:03+00:00,936,146381000,745.875,,16.5578
2026-01-24T07:25:03+00:00,948,146381000,745.5,,17.1203
2026-01-24T07:30:03+00:00,1183,146381000,745.812,,17.7467
2026-01-24T07:35:03+00:00,1129,146381000,745.875,,18.1802
2026-01-24T07:40:03+00:00,1296,146382000,745.188,,18.6303
2026-01-24T07:45:03+00:00,1532,146382000,745.312,,19.0471
2026-01-24T07:50:03+00:00,1684,146382000,745.375,,19.5277
2026-01-24T07:55:03+00:00,1854,146382000,746,,19.9979
2026-01-24T08:00:03+00:00,2036,146382000,745.188,,20.4836
2026-01-24T08:05:03+00:00,2194,146382000,745.25,,21.1045
2026-01-24T08:10:03+00:00,2391,146382000,745.188,,21.6253
2026-01-24T08:15:03+00:00,2634,146383000,745.188,,22.1624
2026-01-24T08:20:03+00:00,2816,146383000,745.375,,22.7145
2026-01-24T08:25:03+00:00,2991,146383000,745.25,,23.3058
2026-01-24T08:30:03+00:00,3221,146383000,745.312,,23.7341
2026-01-24T08:35:03+00:00,3451,146384000,745.25,,24.3508
2026-01-24T08:40:03+00:00,3663,146384000,745.438,,24.8572
2026-01-24T08:45:03+00:00,3879,146384000,745.25,,25.556
2026-01-24T08:50:03+00:00,4121,146385000,744.688,,26.1817
2026-01-24T08:55:03+00:00,4299,146385000,744.875,,26.9866
2026-01-24T09:00:03+00:00,4522,146385000,745.25,,27.5558
2026-01-24T09:05:03+00:00,4670,146386000,745.375,,28.2452
2026-01-24T09:10:03+00:00,4897,146386000,745.812,,28.8671
2026-01-24T09:15:03+00:00,5111,146387000,745.5,,29.4504
2026-01-24T09:20:03+00:00,5356,146387000,744.938,,30.1221
2026-01-24T09:25:03+00:00,5520,146388000,745.188,,30.8075
2026-01-24T09:30:03+00:00,5791,146388000,745.938,,31.5752
2026-01-24T09:35:03+00:00,5900,146389000,745.625,,32.2879
2026-01-24T09:40:03+00:00,6017,146389000,745.5,,32.9209
2026-01-24T09:45:03+00:00,6274,146390000,745.375,,33.5778
2026-01-24T09:50:03+00:00,6409,146390000,745.75,,34.2304
2026-01-24T09:55:03+00:00,6539,146391000,745.938,,34.7307
2026-01-24T10:00:03+00:00,6808,146391000,745.875,,35.4921
2026-01-24T10:05:03+00:00,6920,146392000,745.875,,36.1425
2026-01-24T10:10:03+00:00,7117,146392000,745.438,,36.9024
2026-01-24T10:15:03+00:00,7348,146393000,745.375,,37.5586
2026-01-24T10:20:03+00:00,7488,146394000,745.312,,38.0869
2026-01-24T10:25:03+00:00,7620,146394000,745.375,,38.7797
2026-01-24T10:30:03+00:00,7828,146395000,745.812,,39.347
2026-01-24T10:35:03+00:00,7960,146396000,745.25,,39.9056
2026-01-24T10:40:03+00:00,8075,146396000,745.312,,40.4877
2026-01-24T10:45:03+00:00,8140,146397000,746,,41.0875
2026-01-24T10:50:03+00:00,8321,146398000,745.5,,41.7973
2026-01-24T10:55:03+00:00,8324,146399000,745.375,,42.2463
2026-01-24T11:00:03+00:00,8305,146399000,745.188,,42.659
2026-01-24T11:05:03+00:00,8447,146400000,746.438,,42.9162
2026-01-24T11:10:03+00:00,8501,146401000,745.875,,43.3224
2026-01-24T11:15:03+00:00,8625,146401000,745.375,,43.8118
2026-01-24T11:20:03+00:00,8646,146402000,745.25,,44.057
2026-01-24T11:25:03+00:00,8771,146403000,745.875,,44.3967
2026-01-24T11:30:03+00:00,8742,146404000,745.25,,44.7887
2026-01-24T11:35:03+00:00,8818,146404000,745.812,,42.8848
2026-01-24T11:40:03+00:00,8975,146405000,745.312,,41.765
2026-01-24T11:45:03+00:00,8791,146406000,745.438,,41.7327
2026-01-24T11:50:03+00:00,8741,146407000,745.438,,41.7973
2026-01-24T11:55:03+00:00,8908,146407000,745.5,,41.8617
2026-01-24T12:00:03+00:00,9061,146408000,745.5,,41.7973
2026-01-24T12:05:03+00:00,8981,146409000,745.438,,41.9903
2026-01-24T12:10:03+00:00,8818,146410000,744.938,,42.0224
2026-01-24T12:15:03+00:00,8530,146411000,745.375,,41.926
2026-01-24T12:20:03+00:00,8731,146411000,745.438,,42.0224
2026-01-24T12:25:03+00:00,8609,146412000,745.5,,41.7973
2026-01-24T12:30:03+00:00,9031,146413000,745.438,,41.7973
2026-01-24T12:35:03+00:00,8905,146414000,745.562,,41.8295
2026-01-24T12:40:03+00:00,8694,146414000,745.625,,41.6358
2026-01-24T12:45:03+00:00,8507,146415000,745.375,,41.8295
2026-01-24T12:50:03+00:00,8642,146416000,745.438,,41.765
2026-01-24T12:55:03+00:00,8350,146416000,745.562,,41.7004
2026-01-24T13:00:03+00:00,8054,146417000,745.688,,41.765
2026-01-24T13:05:03+00:00,7829,146418000,745.562,,41.7327
2026-01-24T13:10:03+00:00,7971,146418000,745.688,,41.7973
2026-01-24T13:15:03+00:00,8051,146419000,745.438,,40.8848
2026-01-24T13:20:03+00:00,7727,146420000,745.375,,41.1475
2026-01-24T13:25:03+00:00,7553,146420000,745.5,,41.4086
2026-01-24T13:30:03+00:00,7268,146421000,745.562,,41.1475
2026-01-24T13:35:03+00:00,7165,146422000,746.062,,40.989
2026-01-24T13:40:03+00:00,7162,146422000,745.5,,40.7859
2026-01-24T13:45:03+00:00,7241,146423000,745.562,,40.521
2026-01-24T13:50:03+00:00,7490,146423000,744.938,,41.571
2026-01-24T13:55:03+00:00,7046,146424000,746,,42.0918
2026-01-24T14:00:03+00:00,7928,146424000,745.375,,43.1926
2026-01-24T14:05:03+00:00,3356,146425000,745.375,,43.0364
2026-01-24T14:10:03+00:00,6770,146425000,745.938,,42.1238
2026-01-24T14:15:03+00:00,6557,146426000,745.812,,42.7589
2026-01-24T14:20:03+00:00,6136,146426000,745.375,,42.7536
2026-01-24T14:25:03+00:00,2638,146427000,745.812,,41.7381
2026-01-24T14:30:03+00:00,6006,146427000,745.938,,41.9314
2026-01-24T14:35:03+00:00,5721,146428000,746.625,,42.2516
2026-01-24T14:40:03+00:00,5342,146428000,745.938,,42.2197
2026-01-24T14:45:03+00:00,4843,146429000,746,,42.0598
2026-01-24T14:50:03+00:00,4567,146429000,745.875,,41.544
2026-01-24T14:55:03+00:00,4381,146429000,745.938,,41.0547
2026-01-24T15:00:03+00:00,4200,146430000,745.438,,40.7198
2026-01-24T15:05:03+00:00,3921,146430000,745.312,,40.2266
2026-01-24T15:10:03+00:00,3769,146431000,745.25,,39.8224
2026-01-24T15:15:03+00:00,3558,146431000,746.562,,39.5202
2026-01-24T15:20:03+00:00,3355,146431000,746,,39.2107
2026-01-24T15:25:03+00:00,3167,146431000,745.438,,39.0645
2026-01-24T15:30:03+00:00,3010,146432000,746.062,,38.6699
2026-01-24T15:35:03+00:00,2886,146432000,745.125,,38.6651
2026-01-24T15:40:03+00:00,2714,146432000,745.438,,38.3482
2026-01-24T15:45:03+00:00,2956,146432000,745.188,,38.1451
2026-01-24T15:50:03+00:00,3130,146433000,745.312,,38.116
2026-01-24T15:55:03+00:00,2837,146433000,745.438,,38.0578
2026-01-24T16:00:03+00:00,2408,146433000,745.188,,37.8237
2026-01-24T16:05:03+00:00,1991,146433000,745.312,,37.5586
2026-01-24T16:10:03+00:00,1444,146433000,745.25,,37.1125
2026-01-24T16:15:03+00:00,1110,146434000,745.312,,36.6306
2026-01-24T16:20:03+00:00,922,146434000,745.25,,36.2651
2026-01-24T16:25:03+00:00,759,146434000,745.25,,35.9578
2026-01-24T16:30:03+00:00,623,146434000,745.25,,35.6168
2026-01-24T16:35:03+00:00,484,146434000,745.438,,35.3982
2026-01-24T16:40:03+00:00,370,146434000,745.438,,35.1153
2026-01-24T16:45:03+00:00,256,146434000,745.5,,34.9391
2026-01-24T16:50:03+00:00,147,146434000,745.188,,34.8611
2026-01-24T16:55:03+00:00,63,146434000,745.438,,34.7046
2026-01-24T17:00:03+00:00,0,146434000,745,,34.5429
2026-01-24T17:05:03+00:00,64,146434000,745.062,,34.521
2026-01-24T17:10:03+00:00,0,146434000,314.375,,33.0405
2026-01-24T17:15:03+00:00,0,146434000,41.25,,32.0047
2026-01-24T17:20:03+00:00,0,146434000,28.25,,30.6992
2026-01-24T17:25:03+00:00,0,146434000,1.4375,,29.7376
2026-01-24T17:30:03+00:00,0,146434000,1.375,,29.7376
2026-01-24T17:35:03+00:00,0,146434000,1.375,,29.7376
2026-01-24T19:10:03+00:00,0,146434000,0,,0
2026-01-25T05:10:02+00:00,0,146434000,0,,0
2026-01-25T06:25:02+00:00,0,146434000,27,,9.42918
2026-01-25T06:30:02+00:00,0,146434000,42.8125,,9.74301
2026-01-25T06:35:02+00:00,0,146434000,410.938,,9.90969
2026-01-25T06:40:02+00:00,0,146434000,456.125,,11.4044
2026-01-25T06:45:02+00:00,71,146434000,745.938,,12.5947
2026-01-25T06:50:02+00:00,81,146434000,745.875,,14.0594
2026-01-25T06:55:02+00:00,175,146434000,745.938,,14.7062
2026-01-25T07:00:02+00:00,262,146434000,745.812,,15.4713
2026-01-25T07:05:02+00:00,354,146434000,745.75,,16.2027
2026-01-25T07:10:02+00:00,463,146434000,745.938,,16.8542
2026-01-25T07:15:02+00:00,561,146434000,745.25,,17.4095
2026-01-25T07:20:02+00:00,678,146434000,745.25,,17.8751
2026-01-25T07:25:02+00:00,835,146434000,745.25,,18.3061
2026-01-25T07:30:02+00:00,988,146434000,744.688,,18.8111
2026-01-25T07:35:02+00:00,1164,146434000,745.438,,19.1924
2026-01-25T07:40:02+00:00,1318,146434000,745.25,,19.6226
2026-01-25T07:45:02+00:00,1509,146435000,745.188,,20.0263
2026-01-25T07:50:02+00:00,1705,146435000,745.125,,20.5732
2026-01-25T07:55:02+00:00,1919,146435000,745.375,,20.9658
2026-01-25T08:00:02+00:00,2112,146435000,745.312,,21.4346
2026-01-25T08:05:02+00:00,2291,146435000,745.438,,21.9757
2026-01-25T08:10:02+00:00,2522,146435000,745.188,,22.4005
2026-01-25T08:15:02+00:00,2789,146436000,745.25,,22.9218
2026-01-25T08:20:02+00:00,3033,146436000,745.25,,23.4073
2026-01-25T08:25:02+00:00,3250,146436000,745.375,,23.9331
2026-01-25T08:30:02+00:00,3517,146437000,745.438,,24.4724
2026-01-25T08:35:02+00:00,3755,146437000,745.562,,25.0341
2026-01-25T08:40:02+00:00,3984,146437000,745.625,,25.7566
2026-01-25T08:45:02+00:00,4180,146438000,745.75,,26.4339
2026-01-25T08:50:02+00:00,4389,146438000,745.25,,27.1231
2026-01-25T08:55:02+00:00,4578,146438000,745.125,,27.7963
2026-01-25T09:00:02+00:00,4830,146439000,745.312,,28.428
2026-01-25T09:05:02+00:00,5028,146439000,745.375,,28.995
2026-01-25T09:10:02+00:00,5258,146440000,745.375,,29.7044
2026-01-25T09:15:02+00:00,5470,146440000,745.312,,30.4218
2026-01-25T09:20:02+00:00,5709,146440000,745.875,,31.0816
2026-01-25T09:25:02+00:00,5917,146441000,745.938,,31.7763
2026-01-25T09:30:02+00:00,6107,146441000,745.875,,32.5127
2026-01-25T09:35:02+00:00,6284,146442000,745.938,,33.2875
2026-01-25T09:40:02+00:00,6443,146443000,745.75,,33.8566
2026-01-25T09:45:02+00:00,6678,146443000,745.375,,34.4947
2026-01-25T09:50:02+00:00,6884,146444000,745.5,,35.1784
2026-01-25T09:55:02+00:00,7020,146444000,745.5,,35.9269
2026-01-25T10:00:02+00:00,7406,146445000,745.438,,36.6609
2026-01-25T10:05:02+00:00,7579,146446000,745.375,,37.4698
2026-01-25T10:10:02+00:00,7813,146446000,745.562,,38.2323
2026-01-25T10:15:02+00:00,7982,146447000,745.375,,38.9508
2026-01-25T10:20:02+00:00,8099,146448000,746,,39.5202
2026-01-25T10:25:02+00:00,8280,146448000,745.375,,40.2878
2026-01-25T10:30:02+00:00,8253,146449000,745.438,,41.0492
2026-01-25T10:35:02+00:00,8647,146450000,745.375,,41.7327
2026-01-25T10:40:02+00:00,8611,146450000,746.062,,42.5007
2026-01-25T10:45:02+00:00,8544,146451000,745.5,,43.1926
2026-01-25T10:50:02+00:00,8844,146452000,745.75,,43.7555
2026-01-25T10:55:02+00:00,8817,146453000,745.438,,44.3664
2026-01-25T11:00:02+00:00,8976,146453000,745.875,,43.7555
2026-01-25T11:05:02+00:00,9106,146454000,745.375,,42.31
2026-01-25T11:10:02+00:00,9256,146455000,745.375,,42.3737
2026-01-25T11:15:02+00:00,9310,146456000,745.938,,42.4425
2026-01-25T11:20:02+00:00,8832,146457000,746.062,,42.7274
2026-01-25T11:25:02+00:00,8020,146457000,745.938,,42.8533
2026-01-25T11:30:02+00:00,9281,146458000,746.062,,43.2913
2026-01-25T11:35:02+00:00,9193,146459000,746,,43.7247
2026-01-25T11:40:02+00:00,9077,146460000,746,,43.8477
2026-01-25T11:45:02+00:00,9313,146460000,745.375,,44.2094
2026-01-25T11:50:02+00:00,9012,146461000,745.625,,44.6032
2026-01-25T11:55:02+00:00,9555,146462000,745.375,,45.0702
2026-01-25T12:00:02+00:00,9496,146463000,746.125,,45.1363
2026-01-25T12:05:02+00:00,8734,146464000,745.938,,45.567
2026-01-25T12:10:02+00:00,9430,146464000,746,,45.7453
2026-01-25T12:15:02+00:00,9403,146465000,745.875,,45.8876
2026-01-25T12:20:02+00:00,9299,146466000,745.438,,46.1414
2026-01-25T12:25:02+00:00,9258,146467000,745.5,,46.388
2026-01-25T12:30:02+00:00,9226,146468000,746.062,,46.3118
2026-01-25T12:35:02+00:00,9067,146468000,745.562,,46.388
2026-01-25T12:40:02+00:00,9092,146469000,746.125,,46.5225
2026-01-25T12:45:02+00:00,9045,146470000,746,,46.5925
2026-01-25T12:50:02+00:00,8947,146471000,744.812,,46.7381
2026-01-25T12:55:02+00:00,8880,146471000,745.562,,46.7032
2026-01-25T13:00:02+00:00,8848,146472000,745.5,,46.7381
2026-01-25T13:05:02+00:00,8730,146473000,745.875,,46.7672
2026-01-25T13:10:02+00:00,8647,146474000,745.438,,46.773
2026-01-25T13:15:02+00:00,8507,146474000,744.812,,46.6683
2026-01-25T13:20:02+00:00,8371,146475000,746,,46.7672
2026-01-25T13:25:02+00:00,8300,146476000,745.812,,46.5925
2026-01-25T13:30:02+00:00,8176,146477000,745.938,,46.6625
2026-01-25T13:35:02+00:00,8021,146477000,745.375,,46.6683
2026-01-25T13:40:02+00:00,7781,146478000,745.312,,46.5283
2026-01-25T13:45:02+00:00,7729,146479000,745.438,,46.5283
2026-01-25T13:50:02+00:00,7532,146479000,745.438,,46.3528
2026-01-25T13:55:02+00:00,7317,146480000,745.375,,46.106
2026-01-25T14:00:02+00:00,7211,146480000,745.938,,45.8876
2026-01-25T14:05:02+00:00,7035,146481000,746,,45.567
2026-01-25T14:10:02+00:00,6990,146482000,745.938,,45.3162
2026-01-25T14:15:02+00:00,6773,146482000,745.375,,45.1423
2026-01-25T14:20:02+00:00,6493,146483000,745.375,,44.8187
2026-01-25T14:25:02+00:00,6334,146483000,746.25,,44.5177
2026-01-25T14:30:02+00:00,6115,146484000,745.938,,44.3664
2026-01-25T14:35:02+00:00,5934,146484000,746.062,,44.1841
2026-01-25T14:40:02+00:00,5703,146485000,745.938,,43.9703
2026-01-25T14:45:02+00:00,5413,146485000,746.25,,43.7862
2026-01-25T14:50:02+00:00,5235,146486000,745.875,,43.4466
2026-01-25T14:55:02+00:00,4924,146486000,745.938,,43.229
2026-01-25T15:00:02+00:00,4752,146487000,745.438,,42.9423
2026-01-25T15:05:02+00:00,4497,146487000,745.625,,42.6906
2026-01-25T15:10:02+00:00,4282,146488000,744.875,,42.4055
2026-01-25T15:15:02+00:00,4061,146488000,745.438,,42.0865
2026-01-25T15:20:02+00:00,3817,146488000,745.688,,41.7973
2026-01-25T15:25:02+00:00,3552,146489000,745.375,,41.3761
2026-01-25T15:30:02+00:00,3334,146489000,745.312,,40.9177
2026-01-25T15:35:02+00:00,3077,146489000,745.938,,40.5265
2026-01-25T15:40:02+00:00,2854,146489000,745.5,,40.087
2026-01-25T15:45:02+00:00,2594,146490000,746.062,,41.5764
2026-01-25T15:50:02+00:00,2382,146490000,745.188,,41.926
2026-01-25T15:55:02+00:00,2118,146490000,745.938,,41.6735
2026-01-25T16:00:02+00:00,1887,146490000,745.438,,41.5386
2026-01-25T16:05:02+00:00,1638,146490000,745.938,,41.2511
2026-01-25T16:10:02+00:00,1406,146490000,745.938,,40.9232
2026-01-25T16:15:02+00:00,1220,146491000,745.75,,40.6592
2026-01-25T16:20:02+00:00,1005,146491000,746.125,,40.3935
2026-01-25T16:25:02+00:00,814,146491000,745.875,,40.0254
2026-01-25T16:30:02+00:00,643,146491000,746,,39.7436
2026-01-25T16:35:02+00:00,515,146491000,745.875,,39.4922
2026-01-25T16:40:02+00:00,389,146491000,746.062,,39.2107
2026-01-25T16:45:02+00:00,287,146491000,746,,38.7844
2026-01-25T16:50:02+00:00,180,146491000,745.5,,38.4349
2026-01-25T16:55:02+00:00,89,146491000,745.312,,38.116
2026-01-25T17:00:02+00:00,77,146491000,745.438,,37.9116
2026-01-25T17:05:02+00:00,78,146491000,744.5,,37.6177
2026-01-25T17:10:02+00:00,0,146491000,218.375,,36.081
2026-01-25T17:15:02+00:00,0,146491000,38.75,,34.6785
2026-01-25T17:20:02+00:00,0,146491000,2.875,,33.5598
2026-01-25T19:10:03+00:00,0,146491000,0,,0
2026-01-26T05:10:03+00:00,0,146491000,0,,0
2026-01-26T06:25:03+00:00,0,146491000,30.75,,11.9923
2026-01-26T06:30:03+00:00,0,146491000,39.9375,,12.3399
2026-01-26T06:35:03+00:00,0,146491000,67.9375,,12.5247
2026-01-26T06:40:03+00:00,0,146491000,408.875,,13.294
2026-01-26T06:45:03+00:00,108,146491000,745.25,,14.5683
2026-01-26T06:50:03+00:00,71,146491000,745.938,,16.2851
2026-01-26T06:55:03+00:00,133,146491000,745.438,,17.331
2026-01-26T07:00:03+00:00,210,146491000,745.312,,18.0789
2026-01-26T07:05:03+00:00,333,146491000,745.5,,18.655
2026-01-26T07:10:03+00:00,495,146491000,745.562,,19.2165
2026-01-26T07:15:03+00:00,560,146491000,745.312,,19.5752
2026-01-26T07:20:03+00:00,504,146491000,745.312,,20.0551
2026-01-26T07:25:03+00:00,936,146491000,745.312,,20.3985
2026-01-26T07:30:03+00:00,837,146491000,745.438,,20.8262
2026-01-26T07:35:03+00:00,1120,146491000,745.5,,21.215
2026-01-26T07:40:03+00:00,1568,146491000,745.375,,21.5981
2026-01-26T07:45:03+00:00,1870,146492000,745.438,,22.1624
2026-01-26T07:50:03+00:00,2197,146492000,745.438,,22.558
2026-01-26T07:55:03+00:00,1941,146492000,745.562,,22.9733
2026-01-26T08:00:03+00:00,2431,146492000,745.562,,23.3819
2026-01-26T08:05:03+00:00,2293,146492000,745.375,,23.9083
2026-01-26T08:10:03+00:00,3082,146493000,745.25,,24.4724
2026-01-26T08:15:03+00:00,3399,146493000,745.375,,25.0926
2026-01-26T08:20:03+00:00,3419,146493000,745.312,,25.728
2026-01-26T08:25:03+00:00,3502,146493000,745.375,,26.3501
2026-01-26T08:30:03+00:00,3282,146494000,745.375,,26.8769
2026-01-26T08:35:03+00:00,3425,146494000,745.375,,27.4482
2026-01-26T08:40:03+00:00,3919,146494000,745.562,,28.0876
2026-01-26T08:45:03+00:00,3703,146495000,745.438,,28.4801
2026-01-26T08:50:03+00:00,4433,146495000,745.375,,29.0714
2026-01-26T08:55:03+00:00,4068,146495000,746.125,,29.6878
2026-01-26T09:00:03+00:00,4569,146496000,745.312,,30.1823
2026-01-26T09:05:03+00:00,5016,146496000,744.812,,31.1303
2026-01-26T09:10:03+00:00,4193,146497000,745.438,,31.5079
2026-01-26T09:15:03+00:00,4882,146497000,745.5,,31.9477
2026-01-26T09:20:03+00:00,4854,146497000,745.375,,32.5593
2026-01-26T09:25:03+00:00,6502,146498000,744.875,,33.4964
2026-01-26T09:30:03+00:00,5133,146498000,745.5,,33.9638
2026-01-26T09:35:03+00:00,7029,146499000,744.875,,34.7264
2026-01-26T09:40:03+00:00,7241,146500000,745.375,,35.7722
2026-01-26T09:45:03+00:00,6764,146500000,745.5,,36.5092
2026-01-26T09:50:03+00:00,7480,146501000,745.375,,36.9626
2026-01-26T09:55:03+00:00,5563,146501000,745.25,,37.8237
2026-01-26T10:00:03+00:00,7190,146502000,745.438,,38.5214
2026-01-26T10:05:03+00:00,8101,146503000,745.562,,39.3752
2026-01-26T10:10:03+00:00,7586,146503000,745.438,,39.9333
2026-01-26T10:15:03+00:00,8273,146504000,745.312,,40.6867
2026-01-26T10:20:03+00:00,8116,146505000,745.312,,41.7004
2026-01-26T10:25:03+00:00,6860,146505000,745.688,,41.9635
2026-01-26T10:30:03+00:00,7145,146506000,745.938,,42.2197
2026-01-26T10:35:03+00:00,8755,146506000,745.938,,42.2835
2026-01-26T10:40:03+00:00,7519,146507000,745.875,,43.1666
2026-01-26T10:45:03+00:00,9420,146508000,746,,43.909
2026-01-26T10:50:03+00:00,8905,146509000,745.312,,44.7287
2026-01-26T10:55:03+00:00,9520,146509000,746.562,,42.8848
2026-01-26T11:00:03+00:00,8687,146510000,745.625,,42.9423
2026-01-26T11:05:03+00:00,8829,146511000,746.125,,43.1978
2026-01-26T11:10:03+00:00,7991,146512000,745.5,,42.8795
2026-01-26T11:15:03+00:00,8234,146512000,745.438,,43.1302
2026-01-26T11:20:03+00:00,8929,146513000,745.562,,43.5034
2026-01-26T11:25:03+00:00,8507,146514000,745.938,,44.0315
2026-01-26T11:30:03+00:00,9681,146515000,746.062,,44.4875
2026-01-26T11:35:03+00:00,9800,146515000,746.125,,44.9933
2026-01-26T11:40:03+00:00,8491,146516000,746,,45.4238
2026-01-26T11:45:03+00:00,9804,146517000,745.312,,45.8935
2026-01-26T11:50:03+00:00,9769,146518000,746,,46.2061
2026-01-26T11:55:03+00:00,9653,146519000,745.938,,46.7672
2026-01-26T12:00:03+00:00,9028,146519000,746.188,,46.8717
2026-01-26T12:05:03+00:00,9091,146520000,745.375,,46.8369
2026-01-26T12:10:03+00:00,8697,146521000,745.375,,46.9818
2026-01-26T12:15:03+00:00,9319,146522000,745.5,,47.2587
2026-01-26T12:20:03+00:00,9731,146522000,744.875,,47.1204
2026-01-26T12:25:03+00:00,7832,146523000,745.562,,47.2932
2026-01-26T12:30:03+00:00,9412,146524000,745.562,,47.1838
2026-01-26T12:35:03+00:00,8395,146525000,745.625,,47.3966
2026-01-26T12:40:03+00:00,9763,146525000,747.5,,47.3564
2026-01-26T12:45:03+00:00,8682,146526000,746.125,,47.3277
2026-01-26T12:50:03+00:00,8178,146527000,745.938,,47.6997
2026-01-26T12:55:03+00:00,7048,146527000,745.438,,47.8761
2026-01-26T13:00:03+00:00,8014,146528000,745.438,,47.1896
2026-01-26T13:05:03+00:00,7692,146529000,745.312,,46.9123
2026-01-26T13:10:03+00:00,4888,146529000,745.375,,46.7032
2026-01-26T13:15:03+00:00,7798,146530000,745.312,,46.6625
2026-01-26T13:20:03+00:00,3657,146530000,745.312,,46.0353
2026-01-26T13:25:03+00:00,4925,146531000,744.938,,46.106
2026-01-26T13:30:03+00:00,6453,146531000,745.25,,46.3176
2026-01-26T13:35:03+00:00,5801,146532000,746.125,,45.7453
2026-01-26T13:40:03+00:00,5846,146532000,746,,45.5312
2026-01-26T13:45:03+00:00,8082,146533000,745.5,,45.7513
2026-01-26T13:50:03+00:00,7738,146534000,745.438,,45.9999
2026-01-26T13:55:03+00:00,3922,146534000,745.438,,45.929
2026-01-26T14:00:03+00:00,6019,146535000,745.438,,45.5372
2026-01-26T14:05:03+00:00,6862,146535000,746.062,,45.4238
2026-01-26T14:10:03+00:00,2987,146536000,746.188,,44.5177
2026-01-26T14:15:03+00:00,3583,146536000,746.062,,44.4573
2026-01-26T14:20:03+00:00,4656,146536000,746.062,,44.1231
2026-01-26T14:25:03+00:00,4282,146537000,745.438,,43.9652
2026-01-26T14:30:03+00:00,2300,146537000,746.125,,43.4156
2026-01-26T14:35:03+00:00,2457,146537000,745.5,,42.5007
2026-01-26T14:40:03+00:00,3894,146538000,745.375,,42.1824
2026-01-26T14:45:03+00:00,2487,146538000,746,,41.6412
2026-01-26T14:50:03+00:00,1810,146538000,745.875,,41.1857
2026-01-26T14:55:03+00:00,1539,146538000,746.125,,40.5597
2026-01-26T15:00:03+00:00,1849,146538000,745.438,,40.221
2026-01-26T15:05:03+00:00,1953,146538000,745.312,,41.6681
2026-01-26T15:10:03+00:00,1552,146539000,746.062,,41.8026
2026-01-26T15:15:03+00:00,1503,146539000,746.062,,41.7058
2026-01-26T15:20:03+00:00,1842,146539000,745.938,,41.6412
2026-01-26T15:25:03+00:00,2351,146539000,745.5,,41.7004
2026-01-26T15:30:03+00:00,1689,146539000,746,,41.5764
2026-01-26T15:35:03+00:00,1664,146539000,746.062,,41.414
2026-01-26T15:40:03+00:00,4141,146540000,746.125,,41.479
2026-01-26T15:45:03+00:00,3887,146540000,745.312,,42.0544
2026-01-26T15:50:03+00:00,3871,146540000,745.812,,42.1238
2026-01-26T15:55:03+00:00,3891,146541000,745.312,,42.31
2026-01-26T16:00:03+00:00,3127,146541000,745.25,,42.2782
2026-01-26T16:05:03+00:00,2106,146541000,745.875,,41.8349
2026-01-26T16:10:03+00:00,1658,146541000,745.312,,41.2783
2026-01-26T16:15:03+00:00,1497,146541000,745.312,,40.8519
2026-01-26T16:20:03+00:00,1500,146542000,746,,40.46
2026-01-26T16:25:03+00:00,1564,146542000,745.812,,40.0926
2026-01-26T16:30:03+00:00,1109,146542000,745.938,,39.7992
2026-01-26T16:35:03+00:00,777,146542000,746,,39.408
2026-01-26T16:40:03+00:00,633,146542000,745.438,,39.0928
2026-01-26T16:45:03+00:00,428,146542000,745.812,,38.7844
2026-01-26T16:50:03+00:00,333,146542000,745.438,,38.4638
2026-01-26T16:55:03+00:00,202,146542000,745.438,,38.3193
2026-01-26T17:00:03+00:00,58,146542000,745.5,,38.0286
2026-01-26T17:05:03+00:00,114,146542000,744.812,,37.7943
2026-01-26T17:10:03+00:00,52,146542000,745.312,,37.4402
2026-01-26T17:15:03+00:00,0,146542000,88.5625,,35.648
2026-01-26T17:20:03+00:00,0,146542000,37.625,,34.2127
2026-01-26T17:25:03+00:00,0,146542000,1.75,,33.123
2026-01-26T17:30:03+00:00,0,146542000,1.375,,32.6524
2026-01-26T17:35:03+00:00,0,146542000,1.375,,32.6524
2026-01-26T19:15:03+00:00,0,146542000,0,,0
2026-01-27T05:15:04+00:00,0,146542000,0,,0
2026-01-27T06:30:04+00:00,0,146542000,28.5625,,12.0954
2026-01-27T06:35:04+00:00,0,146542000,45.25,,12.4677
2026-01-27T06:40:04+00:00,0,146542000,71.0625,,12.6513
2026-01-27T06:45:04+00:00,0,146542000,554.312,,13.7897
2026-01-27T06:50:04+00:00,0,146542000,798.875,,14.8938
2026-01-27T06:55:04+00:00,79,146542000,745.375,,16.5035
2026-01-27T07:00:04+00:00,92,146542000,745.938,,17.4095
2026-01-27T07:05:04+00:00,206,146542000,745.312,,18.1802
2026-01-27T07:10:04+00:00,346,146542000,745.125,,18.8519
2026-01-27T07:15:04+00:00,358,146542000,745.188,,19.4086
2026-01-27T07:20:04+00:00,457,146542000,745.375,,19.928
2026-01-27T07:25:04+00:00,423,146542000,745.188,,20.4836
2026-01-27T07:30:04+00:00,499,146542000,745.938,,21.0075
2026-01-27T07:35:04+00:00,513,146542000,745.375,,21.571
2026-01-27T07:40:04+00:00,558,146542000,745.438,,21.9489
2026-01-27T07:45:04+00:00,737,146542000,745.312,,22.3478
2026-01-27T07:50:04+00:00,688,146542000,745.25,,22.7145
2026-01-27T07:55:04+00:00,591,146543000,745.25,,23.0504
2026-01-27T08:00:04+00:00,776,146543000,745.312,,23.4073
2026-01-27T08:05:04+00:00,1104,146543000,746.188,,23.6591
2026-01-27T08:10:04+00:00,928,146543000,746.438,,24.0197
2026-01-27T08:15:04+00:00,1253,146543000,744.812,,24.2532
2026-01-27T08:20:04+00:00,2284,146543000,745.375,,24.6174
2026-01-27T08:25:04+00:00,1494,146543000,745.25,,25.18
2026-01-27T08:30:04+00:00,1291,146543000,746,,25.3107
2026-01-27T08:35:04+00:00,1943,146543000,745.5,,25.6135
2026-01-27T08:40:04+00:00,1835,146544000,746.062,,26.0548
2026-01-27T08:45:04+00:00,2114,146544000,746,,26.364
2026-01-27T08:50:04+00:00,2593,146544000,745.562,,26.8219
2026-01-27T08:55:04+00:00,2989,146544000,746.062,,27.3808
2026-01-27T09:00:04+00:00,2549,146544000,744.812,,27.9556
2026-01-27T09:05:04+00:00,2934,146545000,745.5,,28.2976
2026-01-27T09:10:04+00:00,4236,146545000,745.25,,29.0714
2026-01-27T09:15:04+00:00,3624,146545000,745.5,,29.5798
2026-01-27T09:20:04+00:00,4504,146546000,745.938,,30.1322
2026-01-27T09:25:04+00:00,5157,146546000,745.312,,31.3342
2026-01-27T09:30:04+00:00,3404,146546000,745.438,,31.5079
2026-01-27T09:35:04+00:00,4539,146547000,745.562,,32.0236
2026-01-27T09:40:04+00:00,3308,146547000,746,,32.4005
2026-01-27T09:45:04+00:00,2935,146547000,745.875,,32.4847
2026-01-27T09:50:04+00:00,3002,146548000,745.625,,32.4005
2026-01-27T09:55:04+00:00,3166,146548000,746.125,,32.6524
2026-01-27T10:00:04+00:00,3925,146548000,745.312,,33.0037
2026-01-27T10:05:04+00:00,5820,146549000,745.312,,33.8834
2026-01-27T10:10:04+00:00,5571,146549000,745.312,,34.5998
2026-01-27T10:15:04+00:00,9531,146550000,745.375,,35.7412
2026-01-27T10:20:04+00:00,6778,146550000,745.438,,36.9926
2026-01-27T10:25:04+00:00,4673,146550000,745.312,,36.57
2026-01-27T10:30:04+00:00,6234,146551000,745.438,,37.1424
2026-01-27T10:35:04+00:00,7206,146552000,745.312,,38.0578
2026-01-27T10:40:04+00:00,4392,146552000,745.438,,37.853
2026-01-27T10:45:04+00:00,5470,146553000,745.812,,39.0408
2026-01-27T10:50:04+00:00,3400,146553000,745.25,,39.3189
2026-01-27T10:55:04+00:00,9392,146554000,745.5,,38.6651
2026-01-27T11:00:04+00:00,9584,146554000,746.062,,40.7859
2026-01-27T11:05:04+00:00,8937,146555000,745.375,,41.9903
2026-01-27T11:10:04+00:00,9832,146556000,745.5,,41.4736
2026-01-27T11:15:04+00:00,9878,146557000,745.5,,42.659
2026-01-27T11:20:04+00:00,8738,146557000,745.562,,42.3472
2026-01-27T11:25:04+00:00,9798,146558000,745.562,,43.1614
2026-01-27T11:30:04+00:00,9808,146559000,745.375,,44.331
2026-01-27T11:35:04+00:00,9358,146559000,745.938,,43.817
2026-01-27T11:40:04+00:00,9376,146560000,745.375,,42.659
2026-01-27T11:45:04+00:00,9099,146561000,744.938,,42.659
2026-01-27T11:50:04+00:00,8838,146562000,745.312,,42.7221
2026-01-27T11:55:04+00:00,9129,146563000,745.188,,42.9109
2026-01-27T12:00:04+00:00,8874,146563000,745.875,,43.0416
2026-01-27T12:05:04+00:00,8911,146564000,746.125,,43.1666
2026-01-27T12:10:04+00:00,8827,146565000,745.938,,43.3224
2026-01-27T12:15:04+00:00,8844,146566000,745.812,,43.663
2026-01-27T12:20:04+00:00,8676,146566000,745.562,,44.0264
2026-01-27T12:25:04+00:00,8800,146567000,746.25,,44.0009
2026-01-27T12:30:04+00:00,8741,146568000,745.812,,44.3057
2026-01-27T12:35:04+00:00,8719,146569000,746.062,,44.6083
2026-01-27T12:40:04+00:00,8632,146569000,745.875,,44.8437
2026-01-27T12:45:04+00:00,8663,146570000,746,,45.0641
2026-01-27T12:50:04+00:00,8474,146571000,746.062,,45.1723
2026-01-27T12:55:04+00:00,8485,146572000,746.062,,45.3521
2026-01-27T13:00:04+00:00,8277,146572000,745.438,,45.2863
2026-01-27T13:05:04+00:00,8266,146573000,745.875,,45.3521
2026-01-27T13:10:04+00:00,8161,146574000,745.688,,45.3222
2026-01-27T13:15:04+00:00,8083,146574000,746.125,,45.2803
2026-01-27T13:20:04+00:00,7901,146575000,745.438,,45.2863
2026-01-27T13:25:04+00:00,7866,146576000,746.125,,45.2803
2026-01-27T13:30:04+00:00,7676,146576000,746.188,,45.3162
2026-01-27T13:35:04+00:00,7529,146577000,745.188,,45.2143
2026-01-27T13:40:04+00:00,7449,146578000,745.938,,44.8737
2026-01-27T13:45:04+00:00,7417,146578000,746,,44.8137
2026-01-27T13:50:04+00:00,7251,146579000,746,,44.8437
2026-01-27T13:55:04+00:00,7134,146580000,745.812,,44.7837
2026-01-27T14:00:04+00:00,6915,146580000,746,,44.7537
2026-01-27T14:05:04+00:00,6753,146581000,745.625,,44.4825
2026-01-27T14:10:04+00:00,6617,146581000,745.938,,44.1536
2026-01-27T14:15:04+00:00,6478,146582000,746.062,,44.0315
2026-01-27T14:20:04+00:00,6293,146583000,746,,43.8784
2026-01-27T14:25:04+00:00,6072,146583000,745.938,,43.6939
2026-01-27T14:30:04+00:00,5800,146584000,746,,43.3535
2026-01-27T14:35:04+00:00,5582,146584000,745.938,,43.0416
2026-01-27T14:40:04+00:00,5465,146585000,745.5,,42.6274
2026-01-27T14:45:04+00:00,5261,146585000,746.5,,42.1558
2026-01-27T14:50:04+00:00,5078,146585000,745.938,,41.8349
2026-01-27T14:55:04+00:00,4845,146586000,745.312,,41.2783
2026-01-27T15:00:04+00:00,4556,146586000,745.438,,40.9177
2026-01-27T15:05:04+00:00,4339,146587000,745.5,,40.3212
2026-01-27T15:10:04+00:00,4090,146587000,745.562,,41.6034
2026-01-27T15:15:04+00:00,3887,146587000,745.938,,42.0277
2026-01-27T15:20:04+00:00,3649,146588000,745.812,,41.8671
2026-01-27T15:25:04+00:00,3350,146588000,746,,41.414
2026-01-27T15:30:04+00:00,3055,146588000,746,,40.989
2026-01-27T15:35:04+00:00,2809,146589000,745.438,,40.5542
2026-01-27T15:40:04+00:00,2617,146589000,746,,39.8548
2026-01-27T15:45:04+00:00,2426,146589000,745.438,,39.5155
2026-01-27T15:50:04+00:00,2204,146589000,746.062,,39.0408
2026-01-27T15:55:04+00:00,1986,146589000,744.812,,38.8368
2026-01-27T16:00:04+00:00,1743,146590000,745.375,,38.4638
2026-01-27T16:05:04+00:00,1337,146590000,745.562,,38.2033
2026-01-27T16:10:04+00:00,1429,146590000,745.375,,37.853
2026-01-27T16:15:04+00:00,1254,146590000,745.25,,37.4402
2026-01-27T16:20:04+00:00,1051,146590000,745.188,,37.1125
2026-01-27T16:25:04+00:00,891,146590000,745.438,,36.6306
2026-01-27T16:30:04+00:00,709,146590000,745.312,,36.2039
2026-01-27T16:35:04+00:00,571,146590000,745.375,,35.8342
2026-01-27T16:40:04+00:00,456,146590000,745.375,,35.3669
2026-01-27T16:45:04+00:00,353,146590000,745.375,,35.1469
2026-01-27T16:50:04+00:00,220,146590000,745.5,,34.8351
2026-01-27T16:55:04+00:00,106,146590000,745.5,,34.6785
2026-01-27T17:00:04+00:00,71,146590000,745.312,,34.5998
2026-01-27T17:05:04+00:00,55,146590000,745.438,,34.442
2026-01-27T17:10:04+00:00,0,146590000,348.688,,33.3421
2026-01-27T17:15:04+00:00,0,146590000,59.875,,32.2879
2026-01-27T17:20:04+00:00,0,146590000,35.625,,30.935
2026-01-27T17:25:04+00:00,0,146590000,1.75,,29.7376
2026-01-27T17:30:04+00:00,0,146590000,1.3125,,29.4379
2026-01-27T17:35:04+00:00,0,146590000,1.3125,,29.4379
2026-01-27T19:15:04+00:00,0,146590000,0,,0
2026-01-28T05:15:03+00:00,0,146590000,0,,0
2026-01-28T06:30:03+00:00,0,146590000,40.1875,,12.9409
2026-01-28T06:35:03+00:00,0,146590000,63.25,,13.1204
2026-01-28T06:40:03+00:00,0,146590000,529.812,,13.9862
2026-01-28T06:45:03+00:00,0,146590000,824.938,,15.0705
2026-01-28T06:50:03+00:00,74,146590000,745.438,,16.3445
2026-01-28T06:55:03+00:00,94,146590000,745.5,,17.5398
2026-01-28T07:00:03+00:00,169,146590000,745.25,,18.2306
2026-01-28T07:05:03+00:00,271,146590000,745.438,,18.8029
2026-01-28T07:10:03+00:00,365,146590000,745.5,,19.3607
2026-01-28T07:15:03+00:00,475,146590000,745.438,,19.7641
2026-01-28T07:20:03+00:00,576,146590000,745.438,,20.2273
2026-01-28T07:25:03+00:00,709,146590000,745.438,,20.6297
2026-01-28T07:30:03+00:00,897,146591000,745.438,,21.0491
2026-01-28T07:35:03+00:00,1040,146591000,745.75,,21.2976
2026-01-28T07:40:03+00:00,1188,146591000,745.938,,21.7336
2026-01-28T07:45:03+00:00,1293,146591000,745.438,,22.0024
2026-01-28T07:50:03+00:00,1446,146591000,745.312,,22.3741
2026-01-28T07:55:03+00:00,1638,146591000,745.938,,22.8313
2026-01-28T08:00:03+00:00,1867,146591000,746,,23.1912
2026-01-28T08:05:03+00:00,2065,146591000,746,,23.6465
2026-01-28T08:10:03+00:00,2247,146592000,746.438,,24.1429
2026-01-28T08:15:03+00:00,2484,146592000,745.5,,24.545
2026-01-28T08:20:03+00:00,2587,146592000,745.438,,24.9802
2026-01-28T08:25:03+00:00,2738,146592000,745.312,,25.412
2026-01-28T08:30:03+00:00,2983,146592000,746.562,,25.8563
2026-01-28T08:35:03+00:00,3171,146593000,745.375,,26.294
2026-01-28T08:40:03+00:00,3380,146593000,745.812,,26.6562
2026-01-28T08:45:03+00:00,3517,146593000,745.375,,27.2319
2026-01-28T08:50:03+00:00,3786,146594000,745.438,,27.7431
2026-01-28T08:55:03+00:00,4087,146594000,745.312,,28.219
2026-01-28T09:00:03+00:00,4198,146594000,745.562,,28.7129
2026-01-28T09:05:03+00:00,4310,146595000,745,,29.1983
2026-01-28T09:10:03+00:00,4521,146595000,745.312,,29.2994
2026-01-28T09:15:03+00:00,4801,146595000,745.5,,29.5006
2026-01-28T09:20:03+00:00,4782,146596000,745.562,,29.8037
2026-01-28T09:25:03+00:00,4860,146596000,745.812,,29.9848
2026-01-28T09:30:03+00:00,5057,146597000,746.062,,30.4019
2026-01-28T09:35:03+00:00,5020,146597000,745.438,,30.8664
2026-01-28T09:40:03+00:00,4568,146598000,745.75,,30.6695
2026-01-28T09:45:03+00:00,6695,146598000,745.562,,31.5944
2026-01-28T09:50:03+00:00,6674,146599000,745.438,,32.6524
2026-01-28T09:55:03+00:00,5966,146599000,745,,32.8932
2026-01-28T10:00:03+00:00,6028,146600000,745,,32.9761
2026-01-28T10:05:03+00:00,6739,146600000,745,,33.3876
2026-01-28T10:10:03+00:00,6727,146601000,744.938,,33.659
2026-01-28T10:15:03+00:00,6704,146601000,745.25,,34.3011
2026-01-28T10:20:03+00:00,6876,146602000,744.875,,34.7002
2026-01-28T10:25:03+00:00,6909,146603000,744.75,,34.8307
2026-01-28T10:30:03+00:00,6910,146603000,745.5,,34.9131
2026-01-28T10:35:03+00:00,7066,146604000,746,,34.9909
2026-01-28T10:40:03+00:00,7507,146604000,745.938,,35.6168
2026-01-28T10:45:03+00:00,7064,146605000,745.312,,35.9578
2026-01-28T10:50:03+00:00,6473,146606000,745.312,,35.4608
2026-01-28T10:55:03+00:00,7211,146606000,745.5,,36.0503
2026-01-28T11:00:03+00:00,6987,146607000,746.062,,36.0503
2026-01-28T11:05:03+00:00,8166,146607000,745.125,,36.57
2026-01-28T11:10:03+00:00,8785,146608000,745.312,,37.2916
2026-01-28T11:15:03+00:00,8624,146609000,745.25,,37.765
2026-01-28T11:20:03+00:00,3996,146610000,745.375,,37.8824
2026-01-28T11:25:03+00:00,4069,146610000,745.438,,36.7215
2026-01-28T11:30:03+00:00,9582,146611000,745.625,,37.3808
2026-01-28T11:35:03+00:00,5763,146611000,745.312,,38.3772
2026-01-28T11:40:03+00:00,6776,146612000,745.438,,37.6767
2026-01-28T11:45:03+00:00,6357,146612000,745.375,,37.4698
2026-01-28T11:50:03+00:00,5064,146613000,745.562,,36.8723
2026-01-28T11:55:03+00:00,4661,146613000,745.438,,36.2345
2026-01-28T12:00:03+00:00,4468,146614000,745.375,,35.8342
2026-01-28T12:05:03+00:00,5702,146614000,745.188,,35.7412
2026-01-28T12:10:03+00:00,5881,146615000,745.438,,35.7722
2026-01-28T12:15:03+00:00,5121,146615000,745.125,,36.3263
2026-01-28T12:20:03+00:00,4949,146616000,745.938,,36.1118
2026-01-28T12:25:03+00:00,3450,146616000,745.375,,35.8032
2026-01-28T12:30:03+00:00,2924,146616000,745.438,,35.0522
2026-01-28T12:35:03+00:00,2970,146616000,745.312,,34.5473
2026-01-28T12:40:03+00:00,2297,146617000,745.938,,34.0173
2026-01-28T12:45:03+00:00,2577,146617000,745.375,,33.4511
2026-01-28T12:50:03+00:00,3122,146617000,744.812,,33.1962
2026-01-28T12:55:03+00:00,4954,146618000,745.375,,33.5326
2026-01-28T13:00:03+00:00,3141,146618000,745.375,,33.4693
2026-01-28T13:05:03+00:00,3686,146618000,745.875,,33.2054
2026-01-28T13:10:03+00:00,3171,146618000,745.375,,33.4783
2026-01-28T13:15:03+00:00,4355,146619000,745.438,,34.0974
2026-01-28T13:20:03+00:00,4212,146619000,745.125,,33.695
2026-01-28T13:25:03+00:00,8768,146620000,745.312,,33.937
2026-01-28T13:30:03+00:00,7409,146620000,745.438,,33.5868
2026-01-28T13:35:03+00:00,3860,146621000,746.125,,34.6785
2026-01-28T13:40:03+00:00,8016,146621000,744.875,,36.1067
2026-01-28T13:45:03+00:00,8424,146622000,744.812,,37.9702
2026-01-28T13:50:03+00:00,5336,146623000,746.125,,36.9626
2026-01-28T13:55:03+00:00,2046,146623000,745.375,,35.8651
2026-01-28T14:00:03+00:00,3070,146623000,745.25,,34.9131
2026-01-28T14:05:03+00:00,4297,146623000,745.188,,34.7569
2026-01-28T14:10:03+00:00,9423,146624000,746,,36.2651
2026-01-28T14:15:03+00:00,1707,146624000,745.375,,35.9269
2026-01-28T14:20:03+00:00,2895,146625000,745.312,,34.5736
2026-01-28T14:25:03+00:00,4752,146625000,745.625,,35.6791
2026-01-28T14:30:03+00:00,8456,146626000,745.25,,35.5233
2026-01-28T14:35:03+00:00,6002,146626000,745.375,,36.2651
2026-01-28T14:40:03+00:00,2918,146626000,745.375,,35.2728
2026-01-28T14:45:03+00:00,2890,146627000,745.562,,34.5473
2026-01-28T14:50:03+00:00,7834,146627000,745.25,,34.442
2026-01-28T14:55:03+00:00,1741,146628000,745.25,,35.2728
2026-01-28T15:00:03+00:00,6763,146628000,746,,35.1153
2026-01-28T15:05:03+00:00,5296,146628000,744.812,,34.9607
2026-01-28T15:10:03+00:00,5050,146629000,745.312,,35.1153
2026-01-28T15:15:03+00:00,1734,146629000,745.438,,34.7307
2026-01-28T15:20:03+00:00,4643,146630000,745.25,,34.442
2026-01-28T15:25:03+00:00,3292,146630000,745.438,,34.0173
2026-01-28T15:30:03+00:00,1153,146630000,745.312,,33.1779
2026-01-28T15:35:03+00:00,1500,146630000,745.125,,32.4753
2026-01-28T15:40:03+00:00,3944,146630000,745.125,,32.3724
2026-01-28T15:45:03+00:00,3814,146631000,745.438,,32.5127
2026-01-28T15:50:03+00:00,1550,146631000,745.5,,32.1466
2026-01-28T15:55:03+00:00,1040,146631000,745.375,,31.5464
2026-01-28T16:00:03+00:00,1102,146631000,745.312,,31.1401
2026-01-28T16:05:03+00:00,1861,146631000,746,,30.7878
2026-01-28T16:10:03+00:00,3065,146632000,745.438,,31.0426
2026-01-28T16:15:03+00:00,642,146632000,745.438,,30.63
2026-01-28T16:20:03+00:00,514,146632000,745.562,,30.092
2026-01-28T16:25:03+00:00,493,146632000,745.5,,29.6546
2026-01-28T16:30:03+00:00,429,146632000,745.812,,29.3624
2026-01-28T16:35:03+00:00,444,146632000,745.938,,29.1856
2026-01-28T16:40:03+00:00,218,146632000,745.625,,28.8671
2026-01-28T16:45:03+00:00,112,146632000,745.438,,28.7901
2026-01-28T16:50:03+00:00,244,146632000,745.312,,28.5838
2026-01-28T16:55:03+00:00,70,146632000,745.438,,28.4801
2026-01-28T17:00:03+00:00,51,146632000,745.438,,28.4541
2026-01-28T17:05:03+00:00,95,146632000,745.062,,28.3759
2026-01-28T17:10:03+00:00,86,146632000,743,,28.1928
2026-01-28T17:15:03+00:00,0,146632000,231.375,,26.6008
2026-01-28T17:20:03+00:00,0,146632000,38.875,,25.412
2026-01-28T17:25:03+00:00,0,146632000,4.1875,,24.2776
2026-01-28T17:30:03+00:00,0,146632000,1.375,,23.8587
2026-01-28T17:35:03+00:00,0,146632000,1.375,,23.8587
2026-01-28T18:45:02+00:00,0,146632000,0,,0
2026-01-29T04:45:03+00:00,0,146632000,0,,0
2026-01-29T06:25:03+00:00,0,146632000,34.1875,,10.9937
2026-01-29T06:30:03+00:00,0,146632000,53.25,,11.3025
2026-01-29T06:35:03+00:00,0,146632000,315.438,,11.5793
2026-01-29T06:40:03+00:00,0,146632000,800.375,,12.9581
2026-01-29T06:45:03+00:00,0,146632000,820.5,,12.8592
2026-01-29T06:50:03+00:00,0,146632000,801.25,,12.0686
2026-01-29T06:55:03+00:00,139,146632000,745.312,,14.0391
2026-01-29T07:00:03+00:00,227,146632000,745.375,,15.3289
2026-01-29T07:05:03+00:00,444,146632000,745.625,,16.4764
2026-01-29T07:10:03+00:00,734,146632000,745.438,,17.2259
2026-01-29T07:15:03+00:00,959,146632000,745.562,,17.9006
2026-01-29T07:20:03+00:00,1149,146632000,745.5,,18.4812
2026-01-29T07:25:03+00:00,1119,146632000,745.75,,19.0957
2026-01-29T07:30:03+00:00,1246,146632000,745.625,,19.6462
2026-01-29T07:35:03+00:00,1431,146633000,745.5,,20.0263
2026-01-29T07:40:03+00:00,1622,146633000,745.5,,20.686
2026-01-29T07:45:03+00:00,1665,146633000,745.375,,21.1045
2026-01-29T07:50:03+00:00,1907,146633000,745.438,,21.6524
2026-01-29T07:55:03+00:00,2156,146633000,745.5,,22.1358
2026-01-29T08:00:03+00:00,2350,146633000,746.062,,22.6233
2026-01-29T08:05:03+00:00,2545,146634000,745.375,,23.1785
2026-01-29T08:10:03+00:00,2826,146634000,745.938,,23.6215
2026-01-29T08:15:03+00:00,3135,146634000,745.5,,24.2532
2026-01-29T08:20:03+00:00,3372,146634000,745.75,,24.6294
2026-01-29T08:25:03+00:00,3704,146635000,745.562,,25.2382
2026-01-29T08:30:03+00:00,4161,146635000,745.438,,25.9557
2026-01-29T08:35:03+00:00,4558,146635000,746,,26.7805
2026-01-29T08:40:03+00:00,5074,146636000,745.375,,27.6094
2026-01-29T08:45:03+00:00,5227,146636000,745.5,,27.7697
2026-01-29T08:50:03+00:00,4375,146637000,745.125,,28.8415
2026-01-29T08:55:03+00:00,2422,146637000,745.5,,28.6872
2026-01-29T09:00:03+00:00,4093,146637000,745.562,,28.9183
2026-01-29T09:05:03+00:00,2228,146637000,745.562,,29.0459
2026-01-29T09:10:03+00:00,1295,146638000,745.688,,28.7901
2026-01-29T09:15:03+00:00,6016,146638000,745.438,,29.4002
2026-01-29T09:20:03+00:00,6038,146638000,745.25,,30.6893
2026-01-29T09:25:03+00:00,6210,146639000,745.312,,31.7094
2026-01-29T09:30:03+00:00,6390,146639000,745.438,,32.5314
2026-01-29T09:35:03+00:00,6578,146640000,745.5,,33.2601
2026-01-29T09:40:03+00:00,6887,146641000,744.875,,34.0885
2026-01-29T09:45:03+00:00,7748,146641000,745.312,,34.965
2026-01-29T09:50:03+00:00,6213,146642000,745.375,,36.1425
2026-01-29T09:55:03+00:00,3367,146642000,745.25,,35.7412
2026-01-29T10:00:03+00:00,5166,146643000,745.438,,35.5545
2026-01-29T10:05:03+00:00,4971,146643000,745.438,,36.3874
2026-01-29T10:10:03+00:00,8139,146644000,745.938,,36.7215
2026-01-29T10:15:03+00:00,4666,146644000,745.312,,36.9024
2026-01-29T10:20:03+00:00,4631,146645000,745.5,,36.6912
2026-01-29T10:25:03+00:00,5814,146645000,745.188,,36.8723
2026-01-29T10:30:03+00:00,4544,146645000,745.312,,36.9626
2026-01-29T10:35:03+00:00,3862,146646000,745.438,,36.7819
2026-01-29T10:40:03+00:00,5224,146646000,745.312,,36.6609
2026-01-29T10:45:03+00:00,7105,146647000,745.562,,37.5586
2026-01-29T10:50:03+00:00,6826,146647000,745.5,,38.2613
2026-01-29T10:55:03+00:00,5729,146648000,745.438,,38.6364
2026-01-29T11:00:03+00:00,4846,146648000,745.375,,38.5214
2026-01-29T11:05:03+00:00,4648,146649000,746.062,,38.2903
2026-01-29T11:10:03+00:00,7080,146649000,745.375,,38.1742
2026-01-29T11:15:03+00:00,7383,146650000,745.5,,39.4033
2026-01-29T11:20:03+00:00,7976,146651000,745.375,,40.3879
2026-01-29T11:25:03+00:00,9011,146651000,745.5,,41.1475
2026-01-29T11:30:03+00:00,6290,146652000,746.188,,41.4086
2026-01-29T11:35:03+00:00,6016,146652000,746.562,,40.7584
2026-01-29T11:40:03+00:00,5152,146653000,745.438,,40.2544
2026-01-29T11:45:03+00:00,6538,146653000,745.25,,40.3879
2026-01-29T11:50:03+00:00,6912,146654000,745.625,,41.0164
2026-01-29T11:55:03+00:00,6312,146655000,745.375,,41.2129
2026-01-29T12:00:03+00:00,10098,146655000,745.312,,42.7221
2026-01-29T12:05:03+00:00,6333,146656000,745.938,,44.1485
2026-01-29T12:10:03+00:00,6148,146657000,745.375,,43.3793
2026-01-29T12:15:03+00:00,3311,146657000,745.375,,42.2782
2026-01-29T12:20:03+00:00,10316,146658000,745.688,,42.7221
2026-01-29T12:25:03+00:00,9798,146658000,745.375,,44.0264
2026-01-29T12:30:03+00:00,9444,146659000,745.938,,44.9036
2026-01-29T12:35:03+00:00,9249,146660000,745.562,,42.5324
2026-01-29T12:40:03+00:00,9013,146661000,745.438,,42.3737
2026-01-29T12:45:03+00:00,9172,146662000,745.5,,42.4372
2026-01-29T12:50:03+00:00,9146,146662000,745.875,,42.469
2026-01-29T12:55:03+00:00,8912,146663000,745.625,,42.4055
2026-01-29T13:00:03+00:00,8702,146664000,745.375,,42.7851
2026-01-29T13:05:03+00:00,8786,146665000,745.625,,42.9423
2026-01-29T13:10:03+00:00,8750,146665000,745.438,,43.005
2026-01-29T13:15:03+00:00,8578,146666000,747.438,,43.0364
2026-01-29T13:20:03+00:00,8346,146667000,747.375,,43.1614
2026-01-29T13:25:03+00:00,7667,146668000,745.5,,42.9423
2026-01-29T13:30:03+00:00,8236,146668000,746.938,,42.659
2026-01-29T13:35:03+00:00,7887,146669000,747.375,,42.8481
2026-01-29T13:40:03+00:00,7649,146670000,746.375,,42.9423
2026-01-29T13:45:03+00:00,7177,146670000,745.75,,42.5957
2026-01-29T13:50:03+00:00,7025,146671000,745.625,,42.31
2026-01-29T13:55:03+00:00,6071,146671000,745.562,,42.1185
2026-01-29T14:00:03+00:00,6943,146672000,745.562,,41.571
2026-01-29T14:05:03+00:00,8010,146673000,745.625,,42.0865
2026-01-29T14:10:02+00:00,6476,146673000,745.312,,42.2144
2026-01-29T14:15:02+00:00,5886,146674000,746.188,,41.9314
2026-01-29T14:20:02+00:00,5011,146674000,745.5,,41.3435
2026-01-29T14:25:02+00:00,7352,146675000,745.062,,42.2782
2026-01-29T14:30:02+00:00,4332,146675000,745.438,,42.0544
2026-01-29T14:35:02+00:00,7571,146676000,745.688,,41.4411
2026-01-29T14:40:02+00:00,7037,146676000,745.688,,41.926
2026-01-29T14:45:02+00:00,6095,146677000,746.125,,42.0277
2026-01-29T14:50:02+00:00,5591,146677000,745.625,,41.6034
2026-01-29T14:55:02+00:00,5211,146678000,745.438,,41.3435
2026-01-29T15:00:02+00:00,4913,146678000,745.438,,40.8519
2026-01-29T15:05:02+00:00,4081,146679000,745.562,,40.2878
2026-01-29T15:10:02+00:00,3095,146679000,745.562,,40.7859
2026-01-29T15:15:02+00:00,1624,146679000,746,,41.153
2026-01-29T15:20:02+00:00,3132,146679000,745.5,,40.8848
2026-01-29T15:25:02+00:00,4150,146680000,745.875,,41.2184
2026-01-29T15:30:02+00:00,1604,146680000,745.5,,41.1148
2026-01-29T15:35:02+00:00,2968,146680000,745.938,,40.6592
2026-01-29T15:40:02+00:00,2508,146680000,746,,40.3935
2026-01-29T15:45:02+00:00,3307,146681000,745.375,,40.221
2026-01-29T15:50:02+00:00,1795,146681000,745.25,,40.0534
2026-01-29T15:55:02+00:00,1134,146681000,746.062,,39.5202
2026-01-29T16:00:02+00:00,2335,146681000,745.438,,39.2907
2026-01-29T16:05:02+00:00,1744,146681000,745.625,,39.0928
2026-01-29T16:10:02+00:00,1336,146682000,745.375,,38.7797
2026-01-29T16:15:02+00:00,621,146682000,746,,38.3531
2026-01-29T16:20:02+00:00,357,146682000,744.875,,38.0578
2026-01-29T16:25:02+00:00,354,146682000,745.625,,37.7943
2026-01-29T16:30:02+00:00,838,146682000,745.5,,37.4994
2026-01-29T16:35:02+00:00,588,146682000,745.5,,37.1723
2026-01-29T16:40:02+00:00,637,146682000,745.438,,36.9626
2026-01-29T16:45:02+00:00,225,146682000,746.125,,36.8121
2026-01-29T16:50:02+00:00,159,146682000,745.75,,36.6609
2026-01-29T16:55:02+00:00,100,146682000,745.438,,36.4483
2026-01-29T17:00:02+00:00,89,146682000,744.938,,36.3263
2026-01-29T17:05:02+00:00,113,146682000,743.438,,36.1118
2026-01-29T17:10:02+00:00,0,146682000,360.875,,34.783
2026-01-29T17:15:02+00:00,0,146682000,100.75,,33.9102
2026-01-29T17:20:02+00:00,0,146682000,44.5,,32.6245
2026-01-29T17:25:02+00:00,0,146682000,4.125,,31.5752
2026-01-29T19:10:02+00:00,0,146682000,0,,0
2026-01-30T05:10:03+00:00,0,146682000,0,,0
2026-01-30T06:25:03+00:00,0,146682000,27.4375,,13.1246
2026-01-30T06:30:03+00:00,0,146682000,51.6875,,13.2771
2026-01-30T06:35:03+00:00,0,146682000,542.875,,14.2292
2026-01-30T06:40:03+00:00,0,146682000,815.5,,15.2239
2026-01-30T06:45:03+00:00,83,146682000,745.375,,16.9076
2026-01-30T06:50:03+00:00,157,146682000,745.375,,17.8494
2026-01-30T06:55:03+00:00,233,146682000,745.438,,18.6055
2026-01-30T07:00:03+00:00,388,146682000,745.312,,19.2406
2026-01-30T07:05:03+00:00,464,146682000,745.312,,19.7876
2026-01-30T07:10:03+00:00,721,146682000,746.062,,20.4269
2026-01-30T07:15:03+00:00,707,146682000,745.312,,20.8542
2026-01-30T07:20:03+00:00,681,146682000,745.375,,21.3251
2026-01-30T07:25:03+00:00,808,146682000,745.438,,21.7606
2026-01-30T07:30:03+00:00,1278,146682000,745.5,,22.242
2026-01-30T07:35:03+00:00,1789,146682000,746.062,,22.7405
2026-01-30T07:40:03+00:00,1557,146683000,745.438,,23.1529
2026-01-30T07:45:03+00:00,1239,146683000,745.438,,23.4578
2026-01-30T07:50:03+00:00,973,146683000,746.062,,23.7091
2026-01-30T07:55:03+00:00,1714,146683000,745.562,,23.9331
2026-01-30T08:00:03+00:00,2717,146683000,745.5,,24.4724
2026-01-30T08:05:03+00:00,1579,146683000,745.5,,24.7616
2026-01-30T08:10:03+00:00,2269,146683000,745.5,,25.1509
2026-01-30T08:15:03+00:00,2479,146684000,746,,25.5991
2026-01-30T08:20:03+00:00,2004,146684000,745.5,,25.9557
2026-01-30T08:25:03+00:00,1662,146684000,745.5,,26.1254
2026-01-30T08:30:03+00:00,1715,146684000,745.438,,26.3501
2026-01-30T08:35:03+00:00,1760,146684000,746.062,,26.6977
2026-01-30T08:40:03+00:00,2562,146685000,745.375,,27.4213
2026-01-30T08:45:03+00:00,4580,146685000,745.312,,27.9291
2026-01-30T08:50:03+00:00,4760,146685000,745.375,,28.7901
2026-01-30T08:55:03+00:00,5118,146686000,745.625,,29.5256
2026-01-30T09:00:03+00:00,5136,146686000,745.438,,30.3621
2026-01-30T09:05:03+00:00,5264,146687000,745.562,,31.2178
2026-01-30T09:10:03+00:00,4799,146687000,744.812,,31.6807
2026-01-30T09:15:03+00:00,4958,146687000,745.438,,32.6431
2026-01-30T09:20:03+00:00,3225,146688000,745.562,,32.9485
2026-01-30T09:25:03+00:00,5200,146688000,744.938,,33.1962
2026-01-30T09:30:03+00:00,5054,146689000,745.5,,33.9102
2026-01-30T09:35:03+00:00,5914,146689000,745.5,,34.7307
2026-01-30T09:40:03+00:00,6455,146690000,745.5,,35.3982
2026-01-30T09:45:03+00:00,5284,146690000,745.562,,35.8651
2026-01-30T09:50:03+00:00,6459,146691000,746.062,,36.6912
2026-01-30T09:55:03+00:00,7120,146691000,745.438,,37.5882
2026-01-30T10:00:03+00:00,5897,146692000,746,,38.1742
2026-01-30T10:05:03+00:00,6747,146692000,745.438,,38.2613
2026-01-30T10:10:03+00:00,6263,146693000,745.625,,38.9224
2026-01-30T10:15:03+00:00,7456,146694000,745.438,,39.6832
2026-01-30T10:20:03+00:00,7146,146694000,745.938,,40.3212
2026-01-30T10:25:03+00:00,8210,146695000,746.062,,41.1475
2026-01-30T10:30:03+00:00,7401,146696000,745.375,,41.7327
2026-01-30T10:35:03+00:00,8188,146696000,745.938,,41.8939
2026-01-30T10:40:03+00:00,7797,146697000,745.25,,42.5007
2026-01-30T10:45:03+00:00,4135,146697000,745.438,,41.8939
2026-01-30T10:50:03+00:00,6162,146698000,745.375,,41.3435
2026-01-30T10:55:03+00:00,6365,146698000,746,,41.0875
2026-01-30T11:00:03+00:00,5063,146699000,745.375,,41.082
2026-01-30T11:05:03+00:00,5454,146699000,746.625,,41.2837
2026-01-30T11:10:03+00:00,8138,146700000,746,,41.082
2026-01-30T11:15:03+00:00,8603,146700000,745.312,,42.469
2026-01-30T11:20:03+00:00,8460,146701000,746.125,,43.2913
2026-01-30T11:25:03+00:00,5471,146702000,746.375,,42.8533
2026-01-30T11:30:03+00:00,10133,146703000,745.875,,44.057
2026-01-30T11:35:03+00:00,10363,146703000,745.375,,44.118
2026-01-30T11:40:03+00:00,9403,146704000,745.812,,43.0416
2026-01-30T11:45:03+00:00,7702,146705000,746.438,,42.7904
2026-01-30T11:50:03+00:00,8935,146706000,745.938,,42.3419
2026-01-30T11:55:03+00:00,8758,146706000,745.562,,42.469
2026-01-30T12:00:03+00:00,8867,146707000,745.438,,42.659
2026-01-30T12:05:03+00:00,8775,146708000,745.188,,42.7536
2026-01-30T12:10:03+00:00,8850,146709000,746.062,,42.9789
2026-01-30T12:15:03+00:00,8427,146709000,745.5,,42.7536
2026-01-30T12:20:03+00:00,8585,146710000,746.125,,42.5007
2026-01-30T12:25:03+00:00,6559,146711000,746.688,,42.4108
2026-01-30T12:30:03+00:00,7581,146711000,745.625,,41.8349
2026-01-30T12:35:03+00:00,7735,146712000,745.688,,42.1824
2026-01-30T12:40:03+00:00,7968,146713000,745.438,,42.31
2026-01-30T12:45:03+00:00,8725,146713000,746.062,,42.7274
2026-01-30T12:50:03+00:00,8172,146714000,745.562,,42.8481
2026-01-30T12:55:03+00:00,7803,146715000,745.438,,42.7904
2026-01-30T13:00:03+00:00,8226,146715000,745.312,,42.5324
2026-01-30T13:05:03+00:00,6096,146716000,746.062,,42.379
2026-01-30T13:10:03+00:00,7881,146717000,745.438,,41.6681
2026-01-30T13:15:03+00:00,7952,146717000,745.375,,41.9582
2026-01-30T13:20:03+00:00,7765,146718000,745.25,,41.8617
2026-01-30T13:25:03+00:00,7577,146719000,746.062,,42.0918
2026-01-30T13:30:03+00:00,7513,146719000,745.375,,42.3419
2026-01-30T13:35:03+00:00,7553,146720000,745.938,,42.2516
2026-01-30T13:40:03+00:00,7436,146721000,746,,42.4055
2026-01-30T13:45:03+00:00,6042,146721000,746.125,,41.6412
2026-01-30T13:50:03+00:00,7934,146722000,745.5,,41.6034
2026-01-30T13:55:03+00:00,5231,146722000,745.5,,40.8189
2026-01-30T14:00:03+00:00,3375,146722000,745.562,,40.9835
2026-01-30T14:05:03+00:00,5096,146723000,745.438,,41.3761
2026-01-30T14:10:03+00:00,6580,146723000,746.188,,42.3472
2026-01-30T14:15:03+00:00,6038,146724000,745.875,,42.8219
2026-01-30T14:20:03+00:00,5949,146724000,745.875,,42.7274
2026-01-30T14:25:03+00:00,5430,146725000,745.5,,42.9423
2026-01-30T14:30:03+00:00,2891,146725000,745.938,,42.1238
2026-01-30T14:35:03+00:00,5224,146725000,745.562,,41.6034
2026-01-30T14:40:03+00:00,4923,146726000,745.25,,41.926
2026-01-30T14:45:03+00:00,4476,146726000,746.562,,41.8349
2026-01-30T14:50:03+00:00,4400,146727000,745.375,,41.8295
2026-01-30T14:55:03+00:00,4083,146727000,745.438,,41.6358
2026-01-30T15:00:03+00:00,3815,146727000,745.812,,41.3489
2026-01-30T15:05:03+00:00,3471,146728000,745.875,,40.8244
2026-01-30T15:10:03+00:00,3434,146728000,745.688,,40.4268
2026-01-30T15:15:03+00:00,3254,146728000,745.5,,40.0534
2026-01-30T15:20:03+00:00,3035,146729000,745.875,,39.7714
2026-01-30T15:25:03+00:00,2715,146729000,745.938,,39.5482
2026-01-30T15:30:03+00:00,2554,146729000,746.125,,39.2954
2026-01-30T15:35:03+00:00,2449,146729000,746.438,,38.984
2026-01-30T15:40:03+00:00,2185,146729000,745.875,,38.6412
2026-01-30T15:45:03+00:00,1984,146730000,745.875,,38.3241
2026-01-30T15:50:03+00:00,1830,146730000,745.375,,38.0578
2026-01-30T15:55:03+00:00,1577,146730000,745.812,,37.711
2026-01-30T16:00:03+00:00,1411,146730000,745.312,,37.4105
2026-01-30T16:05:03+00:00,1312,146730000,745.312,,37.1723
2026-01-30T16:10:03+00:00,1130,146730000,745.438,,36.9024
2026-01-30T16:15:03+00:00,929,146730000,745.25,,36.6003
2026-01-30T16:20:03+00:00,813,146730000,745.5,,36.1732
2026-01-30T16:25:03+00:00,676,146730000,745.438,,35.9269
2026-01-30T16:30:03+00:00,523,146731000,745.938,,35.7464
2026-01-30T16:35:03+00:00,538,146731000,745.562,,35.7412
2026-01-30T16:40:03+00:00,237,146731000,745.375,,35.4921
2026-01-30T16:45:03+00:00,266,146731000,745.5,,35.3355
2026-01-30T16:50:03+00:00,200,146731000,745.312,,35.1784
2026-01-30T16:55:03+00:00,122,146731000,745.375,,35.1153
2026-01-30T17:00:03+00:00,90,146731000,745.562,,34.9391
2026-01-30T17:05:03+00:00,76,146731000,745,,34.9131
2026-01-30T17:10:03+00:00,0,146731000,317.375,,33.8566
2026-01-30T17:15:03+00:00,0,146731000,225.125,,32.9024
2026-01-30T17:20:03+00:00,0,146731000,44.75,,31.6903
2026-01-30T17:25:03+00:00,0,146731000,13.25,,30.7287
2026-01-30T19:10:03+00:00,0,146731000,0,,0
2026-01-31T05:10:03+00:00,0,146731000,0,,0
2026-01-31T06:25:03+00:00,0,146731000,39.6875,,10.5317
2026-01-31T06:30:03+00:00,0,146731000,66.1875,,10.7901
2026-01-31T06:35:03+00:00,0,146731000,435.25,,11.7664
2026-01-31T06:40:03+00:00,0,146731000,534.812,,12.9581
2026-01-31T06:45:03+00:00,83,146731000,745.312,,13.0906
2026-01-31T06:50:03+00:00,75,146731000,746,,14.7768
2026-01-31T06:55:03+00:00,154,146731000,745.812,,15.6128
2026-01-31T07:00:03+00:00,248,146731000,745.312,,16.5307
2026-01-31T07:05:03+00:00,353,146731000,745.875,,17.1731
2026-01-31T07:10:03+00:00,465,146731000,745.188,,17.8238
2026-01-31T07:15:03+00:00,577,146731000,745.25,,18.2558
2026-01-31T07:20:03+00:00,706,146731000,745.812,,18.7291
2026-01-31T07:25:03+00:00,864,146731000,745.312,,19.2165
2026-01-31T07:30:03+00:00,1040,146731000,745.5,,19.6462
2026-01-31T07:35:03+00:00,1235,146731000,745.375,,20.1126
2026-01-31T07:40:03+00:00,1451,146731000,745.5,,20.5732
2026-01-31T07:45:03+00:00,1641,146731000,745.625,,21.0907
2026-01-31T07:50:03+00:00,1855,146731000,745.438,,21.6253
2026-01-31T07:55:03+00:00,2068,146732000,745.188,,22.1092
2026-01-31T08:00:03+00:00,2255,146732000,745.875,,22.5711
2026-01-31T08:05:03+00:00,2521,146732000,745.938,,23.0889
2026-01-31T08:10:03+00:00,2783,146732000,745.375,,23.7091
2026-01-31T08:15:03+00:00,3087,146733000,745.812,,24.2287
2026-01-31T08:20:03+00:00,3322,146733000,745.875,,24.7855
2026-01-31T08:25:03+00:00,3523,146733000,745.312,,25.3831
2026-01-31T08:30:03+00:00,3788,146733000,745.375,,26.1254
2026-01-31T08:35:03+00:00,3980,146734000,745.812,,26.8081
2026-01-31T08:40:03+00:00,4183,146734000,745.75,,27.4886
2026-01-31T08:45:03+00:00,4433,146734000,745.312,,28.2976
2026-01-31T08:50:03+00:00,4618,146735000,745.125,,28.8415
2026-01-31T08:55:03+00:00,4801,146735000,745.312,,29.5798
2026-01-31T09:00:03+00:00,4948,146736000,745.938,,30.2223
2026-01-31T09:05:03+00:00,5141,146736000,746,,30.9056
2026-01-31T09:10:03+00:00,5306,146737000,745.812,,31.6328
2026-01-31T09:15:03+00:00,5466,146737000,745.688,,32.3161
2026-01-31T09:20:03+00:00,5690,146738000,745.688,,33.0405
2026-01-31T09:25:03+00:00,5880,146738000,745.812,,33.8297
2026-01-31T09:30:03+00:00,6055,146739000,745.375,,34.4157
2026-01-31T09:35:03+00:00,6241,146739000,745.938,,35.1784
2026-01-31T09:40:03+00:00,6397,146740000,745.25,,35.9887
2026-01-31T09:45:03+00:00,6626,146740000,745.562,,36.6306
2026-01-31T09:50:03+00:00,6774,146741000,745.188,,37.4402
2026-01-31T09:55:03+00:00,6956,146741000,745.312,,38.1742
2026-01-31T10:00:03+00:00,7080,146742000,745.438,,38.8368
2026-01-31T10:05:03+00:00,7285,146743000,745.375,,39.5995
2026-01-31T10:10:03+00:00,7530,146743000,745.562,,40.3212
2026-01-31T10:15:03+00:00,7648,146744000,745.312,,41.1148
2026-01-31T10:20:03+00:00,7731,146744000,745.375,,41.8617
2026-01-31T10:25:03+00:00,7895,146745000,745.25,,42.6906
2026-01-31T10:30:03+00:00,8135,146746000,745.938,,43.4156
2026-01-31T10:35:03+00:00,8194,146747000,746.125,,44.0926
2026-01-31T10:40:03+00:00,8258,146747000,746.125,,44.8137
2026-01-31T10:45:03+00:00,8342,146748000,746.062,,43.2601
2026-01-31T10:50:03+00:00,8565,146749000,745.5,,42.9109
2026-01-31T10:55:03+00:00,8499,146749000,745.438,,43.0989
2026-01-31T11:00:03+00:00,8579,146750000,745.25,,43.4724
2026-01-31T11:05:03+00:00,8691,146751000,745.562,,44.0264
2026-01-31T11:10:03+00:00,8773,146752000,745.688,,44.331
2026-01-31T11:15:03+00:00,8827,146752000,745.438,,44.8187
2026-01-31T11:20:03+00:00,8861,146753000,745.5,,45.1423
2026-01-31T11:25:03+00:00,8919,146754000,746.062,,45.6027
2026-01-31T11:30:03+00:00,8970,146755000,745.688,,45.9644
2026-01-31T11:35:03+00:00,8990,146755000,746.125,,46.347
2026-01-31T11:40:03+00:00,8976,146756000,745.688,,46.5634
2026-01-31T11:45:03+00:00,8984,146757000,745.562,,46.8717
2026-01-31T11:50:03+00:00,8944,146758000,746.062,,47.2184
2026-01-31T11:55:03+00:00,8962,146759000,744.938,,47.4654
2026-01-31T12:00:03+00:00,9016,146759000,745.375,,47.8079
2026-01-31T12:05:03+00:00,8975,146760000,744.875,,47.9101
2026-01-31T12:10:03+00:00,8950,146761000,745.5,,48.1423
2026-01-31T12:15:03+00:00,8956,146762000,745.062,,48.3171
2026-01-31T12:20:03+00:00,8903,146762000,745.5,,48.21
2026-01-31T12:25:03+00:00,8811,146763000,745,,48.3846
2026-01-31T12:30:03+00:00,8867,146764000,745.562,,48.62
2026-01-31T12:35:03+00:00,8757,146765000,745.688,,48.7485
2026-01-31T12:40:03+00:00,8789,146765000,745.5,,48.8877
2026-01-31T12:45:03+00:00,8600,146766000,745.562,,48.7206
2026-01-31T12:50:03+00:00,8519,146767000,744.875,,48.7206
2026-01-31T12:55:03+00:00,8409,146768000,745.312,,48.754
2026-01-31T13:00:03+00:00,8298,146768000,746,,48.6144
2026-01-31T13:05:03+00:00,8319,146769000,745.5,,48.6536
2026-01-31T13:10:03+00:00,8124,146770000,745,,48.6871
2026-01-31T13:15:03+00:00,8011,146770000,745.938,,48.5473
2026-01-31T13:20:03+00:00,7950,146771000,745.375,,48.5529
2026-01-31T13:25:03+00:00,6900,146772000,745.625,,48.4183
2026-01-31T13:30:03+00:00,8846,146772000,745,,48.62
2026-01-31T13:35:03+00:00,5199,146773000,745.562,,48.2495
2026-01-31T13:40:03+00:00,5567,146774000,745.938,,47.3564
2026-01-31T13:45:03+00:00,3767,146774000,745.438,,47.155
2026-01-31T13:50:03+00:00,2960,146774000,745.438,,46.388
2026-01-31T13:55:03+00:00,3065,146774000,745.188,,45.7157
2026-01-31T14:00:03+00:00,3380,146775000,745.312,,45.0702
2026-01-31T14:05:03+00:00,3925,146775000,746.062,,44.6986
2026-01-31T14:10:03+00:00,3582,146775000,745.875,,44.427
2026-01-31T14:15:03+00:00,3591,146776000,745.5,,43.9039
2026-01-31T14:20:03+00:00,3777,146776000,745.375,,43.7195
2026-01-31T14:25:03+00:00,3831,146776000,745.5,,43.7503
2026-01-31T14:30:03+00:00,3521,146777000,745.562,,43.5343
2026-01-31T14:35:03+00:00,4489,146777000,745.875,,43.1354
2026-01-31T14:40:03+00:00,5917,146778000,746.25,,43.6322
2026-01-31T14:45:03+00:00,4551,146778000,746.062,,43.7862
2026-01-31T14:50:03+00:00,3172,146778000,745.5,,43.3483
2026-01-31T14:55:03+00:00,2809,146779000,745.25,,42.9423
2026-01-31T15:00:03+00:00,3081,146779000,745.938,,42.4108
2026-01-31T15:05:03+00:00,3072,146779000,745.875,,42.2835
2026-01-31T15:10:03+00:00,3976,146779000,745.875,,42.2516
2026-01-31T15:15:03+00:00,4804,146780000,745.938,,42.2835
2026-01-31T15:20:03+00:00,4245,146780000,745.188,,42.2463
2026-01-31T15:25:03+00:00,2735,146780000,746,,41.7381
2026-01-31T15:30:03+00:00,2969,146781000,745.438,,41.2456
2026-01-31T15:35:03+00:00,1721,146781000,746,,40.6923
2026-01-31T15:40:03+00:00,1034,146781000,746.125,,40.0198
2026-01-31T15:45:03+00:00,1365,146781000,746.062,,41.0875
2026-01-31T15:50:03+00:00,1531,146781000,745.438,,41.2456
2026-01-31T15:55:03+00:00,2001,146781000,745.312,,41.2783
2026-01-31T16:00:03+00:00,1752,146782000,745.938,,41.1857
2026-01-31T16:05:03+00:00,1353,146782000,745.375,,41.1475
2026-01-31T16:10:03+00:00,1192,146782000,745.188,,41.1148
2026-01-31T16:15:03+00:00,566,146782000,745.5,,40.8519
2026-01-31T16:20:03+00:00,533,146782000,745.25,,40.6867
2026-01-31T16:25:03+00:00,803,146782000,745.312,,40.5542
2026-01-31T16:30:03+00:00,719,146782000,745.938,,40.3601
2026-01-31T16:35:03+00:00,583,146782000,745.375,,40.3212
2026-01-31T16:40:03+00:00,258,146782000,745.25,,40.1875
2026-01-31T16:45:03+00:00,73,146782000,745.375,,40.1205
2026-01-31T16:50:03+00:00,47,146782000,745.188,,39.9333
2026-01-31T16:55:03+00:00,65,146782000,745.25,,39.7111
2026-01-31T17:00:03+00:00,61,146782000,745.812,,39.6879
2026-01-31T17:05:03+00:00,0,146782000,611.25,,38.6125
2026-01-31T17:10:03+00:00,0,146782000,305.688,,38.2081
2026-01-31T17:15:03+00:00,0,146782000,47.1875,,36.9375
2026-01-31T17:20:03+00:00,0,146782000,35.9375,,35.4348
2026-01-31T17:25:03+00:00,0,146782000,35.75,,34.578
2026-01-31T17:30:03+00:00,0,146782000,1.6875,,33.8387
2026-01-31T19:10:03+00:00,0,146782000,0,,0
2026-02-01T05:10:03+00:00,0,146782160,0,,0
2026-02-01T06:25:03+00:00,0,146782160,37.75,,13.674192
2026-02-01T06:30:03+00:00,0,146782160,77.75,,13.896418
2026-02-01T06:35:03+00:00,0,146782160,344.8125,,14.285439
2026-02-01T06:40:03+00:00,0,146782160,816.75,,15.865419
2026-02-01T06:45:03+00:00,70,146782160,746.125,,17.513798
2026-02-01T06:50:03+00:00,108,146782160,745.3125,,18.406359
2026-02-01T06:55:03+00:00,189,146782180,745.3125,,19.1441
2026-02-01T07:00:03+00:00,279,146782190,745.5,,19.74057
2026-02-01T07:05:03+00:00,384,146782220,745.5,,20.39848
2026-02-01T07:10:03+00:00,492,146782260,745.375,,20.937906
2026-02-01T07:15:03+00:00,606,146782300,745.6875,,21.4483
2026-02-01T07:20:03+00:00,734,146782370,745.9375,,21.948889
2026-02-01T07:25:03+00:00,881,146782430,746.375,,22.387321
2026-02-01T07:30:03+00:00,1033,146782510,745.8125,,22.727543
2026-02-01T07:35:03+00:00,1218,146782610,745.1875,,23.0761
2026-02-01T07:40:03+00:00,1404,146782720,745.875,,23.508284
2026-02-01T07:45:03+00:00,1566,146782850,746.4375,,23.821379
2026-02-01T07:50:03+00:00,1781,146782990,745.375,,24.13058
2026-02-01T07:55:03+00:00,1989,146783170,745.875,,24.532898
2026-02-01T08:00:03+00:00,2193,146783340,745.25,,24.88108
2026-02-01T08:05:03+00:00,2382,146783540,745.8125,,25.310726
2026-02-01T08:10:03+00:00,2668,146783760,745.25,,25.842073
2026-02-01T08:15:03+00:00,2924,146784000,745.5625,,26.461754
2026-02-01T08:20:03+00:00,3161,146784260,745.25,,26.986576
2026-02-01T08:25:03+00:00,3383,146784530,745.5,,27.60942
2026-02-01T08:30:03+00:00,3614,146784830,745.4375,,28.166536
2026-02-01T08:35:03+00:00,3836,146785150,745.5,,28.71293
2026-02-01T08:40:03+00:00,4051,146785490,745.375,,29.349852
2026-02-01T08:45:03+00:00,4237,146785860,745.4375,,29.951982
2026-02-01T08:50:03+00:00,4459,146786220,745.3125,,30.630035
2026-02-01T08:55:03+00:00,4663,146786610,745.5,,31.39218
2026-02-01T09:00:03+00:00,4832,146787020,745.5625,,32.052044
2026-02-01T09:05:03+00:00,5031,146787440,744.9375,,32.698868
2026-02-01T09:10:03+00:00,5210,146787890,745,,33.387592
2026-02-01T09:15:03+00:00,5379,146788340,745.25,,34.070724
2026-02-01T09:20:03+00:00,5593,146788800,745.5,,34.782955
2026-02-01T09:25:03+00:00,5796,146789300,745.5625,,35.523304
2026-02-01T09:30:03+00:00,5970,146789810,745.375,,36.35685
2026-02-01T09:35:03+00:00,6140,146790320,745.4375,,37.08255
2026-02-01T09:40:03+00:00,6338,146790860,744.75,,37.93604
2026-02-01T09:45:03+00:00,6524,146791410,745.4375,,38.63643
2026-02-01T09:50:03+00:00,6699,146791970,745.6875,,39.31889
2026-02-01T09:55:03+00:00,6893,146792560,745.4375,,40.019825
2026-02-01T10:00:03+00:00,7078,146793150,745.375,,40.88482
2026-02-01T10:05:03+00:00,7278,146793780,745.4375,,41.732742
2026-02-01T10:10:03+00:00,7449,146794400,745.4375,,42.532417
2026-02-01T10:15:03+00:00,7688,146795060,745.375,,43.286087
2026-02-01T10:20:03+00:00,7781,146795730,746.125,,44.123096
2026-02-01T10:25:03+00:00,7961,146796400,746,,44.84371
2026-02-01T10:30:03+00:00,8109,146797090,745.5625,,43.19262
2026-02-01T10:35:03+00:00,8261,146797800,745.9375,,43.13539
2026-02-01T10:40:03+00:00,8342,146798510,746.0625,,43.66303
2026-02-01T10:45:03+00:00,8405,146799220,745.4375,,44.14851
2026-02-01T10:50:03+00:00,8573,146799950,745.5625,,44.63337
2026-02-01T10:55:03+00:00,8572,146800690,745.9375,,45.17233
2026-02-01T11:00:03+00:00,8648,146801420,745.6875,,45.751286
2026-02-01T11:05:03+00:00,8785,146802160,745.5625,,46.070663
2026-02-01T11:10:03+00:00,8759,146802910,745.4375,,46.633347
2026-02-01T11:15:03+00:00,8867,146803680,746.0625,,46.975975
2026-02-01T11:20:03+00:00,8953,146804430,745.9375,,47.494
2026-02-01T11:25:03+00:00,8963,146805200,746.1875,,47.83629
2026-02-01T11:30:03+00:00,9021,146805980,745.5625,,48.07445
2026-02-01T11:35:03+00:00,8976,146806750,746.0625,,48.58085
2026-02-01T11:40:03+00:00,9039,146807520,745.4375,,48.882133
2026-02-01T11:45:03+00:00,9067,146808300,745.625,,49.2809
2026-02-01T11:50:03+00:00,9145,146809090,745.9375,,49.51197
2026-02-01T11:55:03+00:00,9032,146809860,744.5625,,49.812866
2026-02-01T12:00:03+00:00,9004,146810640,745.625,,50.004044
2026-02-01T12:05:03+00:00,8998,146811410,745.0625,,50.245804
2026-02-01T12:10:03+00:00,9023,146812180,744.875,,50.674507
2026-02-01T12:15:03+00:00,8988,146812960,745.125,,50.868298
2026-02-01T12:20:03+00:00,8938,146813730,745.125,,51.17698
2026-02-01T12:25:03+00:00,8915,146814480,744.9375,,51.292297
2026-02-01T12:30:03+00:00,8940,146815250,745.4375,,51.515858
2026-02-01T12:35:03+00:00,8771,146816000,745.125,,51.75122
2026-02-01T12:40:03+00:00,8917,146816770,745,,52.055084
2026-02-01T12:45:03+00:00,8891,146817540,744.75,,52.09295
2026-02-01T12:50:03+00:00,8689,146818290,744.6875,,52.31961
2026-02-01T12:55:03+00:00,8521,146819020,745.0625,,52.39496
2026-02-01T13:00:03+00:00,8275,146819740,745.3125,,52.501526
2026-02-01T13:05:03+00:00,8242,146820450,745.4375,,52.539093
2026-02-01T13:10:03+00:00,8090,146821150,745.4375,,52.614143
2026-02-01T13:15:03+00:00,8111,146821840,745.375,,52.501526
2026-02-01T13:20:03+00:00,8033,146822540,745.3125,,52.614143
2026-02-01T13:25:03+00:00,7939,146823220,745.5625,,52.351017
2026-02-01T13:30:03+00:00,7742,146823890,745.4375,,52.162308
2026-02-01T13:35:03+00:00,7607,146824540,745.1875,,52.162308
2026-02-01T13:40:03+00:00,7399,146825200,745.5,,52.162308
2026-02-01T13:45:03+00:00,7276,146825820,745.4375,,52.048767
2026-02-01T13:50:03+00:00,7142,146826450,745.6875,,52.048767
2026-02-01T13:55:03+00:00,7079,146827060,745.5,,51.897026
2026-02-01T14:00:03+00:00,6704,146827650,745.625,,51.78295
2026-02-01T14:05:03+00:00,6879,146828220,745.5625,,51.668636
2026-02-01T14:10:03+00:00,6568,146828780,745.5625,,51.515858
2026-02-01T14:15:03+00:00,6328,146829330,745.625,,51.5923
2026-02-01T14:20:03+00:00,6123,146829870,744.9375,,51.407383
2026-02-01T14:25:03+00:00,6038,146830400,745.5,,51.13207
2026-02-01T14:30:03+00:00,5911,146830910,745.4375,,50.7844
2026-02-01T14:35:03+00:00,5669,146831410,745,,50.55791
2026-02-01T14:40:03+00:00,5504,146831870,745.125,,50.402073
2026-02-01T14:45:03+00:00,4195,146832300,745.5,,50.121788
2026-02-01T14:50:03+00:00,3528,146832640,745.6875,,49.57778
2026-02-01T14:55:03+00:00,3677,146832940,745,,49.187042
2026-02-01T15:00:03+00:00,3101,146833250,744.875,,48.687073
2026-02-01T15:05:03+00:00,2395,146833470,744.8125,,48.181805
2026-02-01T15:10:03+00:00,2348,146833680,744.875,,47.77372
2026-02-01T15:15:03+00:00,2129,146833870,745.4375,,47.321938
2026-02-01T15:20:03+00:00,2275,146834050,745,,47.05114
2026-02-01T15:25:03+00:00,2283,146834260,744.875,,46.773014
2026-02-01T15:30:03+00:00,2411,146834450,744.9375,,46.633347
2026-02-01T15:35:03+00:00,2803,146834670,744.9375,,46.493286
2026-02-01T15:40:03+00:00,2643,146834910,745.5625,,46.528336
2026-02-01T15:45:03+00:00,2055,146835100,744.9375,,46.317635
2026-02-01T15:50:03+00:00,1454,146835260,744.75,,45.893486
2026-02-01T15:55:03+00:00,1048,146835360,745.6875,,45.572952
2026-02-01T16:00:03+00:00,797,146835440,745.875,,45.13629
2026-02-01T16:05:03+00:00,666,146835500,745.6875,,44.758705
2026-02-01T16:10:03+00:00,666,146835550,745.6875,,44.421944
2026-02-01T16:15:03+00:00,551,146835620,746.125,,44.123096
2026-02-01T16:20:03+00:00,476,146835650,746,,43.939682
2026-02-01T16:25:03+00:00,344,146835700,746.125,,43.570404
2026-02-01T16:30:03+00:00,251,146835710,745.4375,,43.223793
2026-02-01T16:35:03+00:00,188,146835730,745.4375,,42.81663
2026-02-01T16:40:03+00:00,200,146835740,745.3125,,42.56409
2026-02-01T16:45:03+00:00,161,146835780,745.25,,42.08646
2026-02-01T16:50:03+00:00,116,146835780,745.5,,41.829502
2026-02-01T16:55:03+00:00,66,146835790,745.4375,,41.635757
2026-02-01T17:00:03+00:00,53,146835790,745.1875,,41.376053
2026-02-01T17:05:03+00:00,0,146835790,158.5625,,40.092575
2026-02-01T17:10:03+00:00,0,146835790,38.875,,38.870102
2026-02-01T17:15:03+00:00,0,146835790,26.25,,37.764954
2026-02-01T17:20:03+00:00,0,146835790,1.4375,,36.962578
2026-02-01T19:05:03+00:00,0,146835790,0,,0
2026-02-02T05:05:03+00:00,0,146835790,0,,0
2026-02-02T06:25:04+00:00,0,146835790,43.625,,18.539314
2026-02-02T06:30:04+00:00,0,146835790,156.0625,,18.712626
2026-02-02T06:35:04+00:00,0,146835790,419.8125,,19.646223
2026-02-02T06:40:04+00:00,0,146835790,835.5625,,20.993567
2026-02-02T06:45:04+00:00,87,146835790,745.375,,22.558
2026-02-02T06:50:04+00:00,79,146835790,745.4375,,23.331224
2026-02-02T06:55:04+00:00,140,146835800,745.375,,23.933136
2026-02-02T07:00:04+00:00,227,146835800,745.3125,,24.448105
2026-02-02T07:05:04+00:00,328,146835840,745.4375,,24.952501
2026-02-02T07:10:04+00:00,448,146835870,745.5,,25.411983
2026-02-02T07:15:04+00:00,567,146835920,746.0625,,25.884743
2026-02-02T07:20:04+00:00,716,146835970,745.4375,,26.350054
2026-02-02T07:25:04+00:00,877,146836030,745.9375,,26.697714
2026-02-02T07:30:04+00:00,1037,146836130,745.4375,,27.231901
2026-02-02T07:35:04+00:00,1221,146836220,745.4375,,27.502064
2026-02-02T07:40:04+00:00,1405,146836340,745.375,,27.9026
2026-02-02T07:45:04+00:00,1604,146836460,745.4375,,28.349844
2026-02-02T07:50:04+00:00,1811,146836600,745.5,,28.687151
2026-02-02T07:55:04+00:00,2035,146836770,745.5,,29.04594
2026-02-02T08:00:04+00:00,2228,146836960,745.5,,29.525614
2026-02-02T08:05:04+00:00,2448,146837150,745.375,,29.877943
2026-02-02T08:10:04+00:00,2697,146837380,745.375,,30.391983
2026-02-02T08:15:04+00:00,3006,146837620,744.6875,,30.925238
2026-02-02T08:20:04+00:00,3231,146837890,744.8125,,31.39218
2026-02-02T08:25:04+00:00,3474,146838180,744.9375,,31.995188
2026-02-02T08:30:04+00:00,3740,146838480,745.375,,32.59661
2026-02-02T08:35:04+00:00,3929,146838820,746,,33.068016
2026-02-02T08:40:04+00:00,4162,146839170,745.4375,,33.613922
2026-02-02T08:45:04+00:00,4358,146839520,745.8125,,34.309925
2026-02-02T08:50:04+00:00,4552,146839900,745.375,,34.861107
2026-02-02T08:55:04+00:00,4715,146840300,745.5,,35.616833
2026-02-02T09:00:04+00:00,4912,146840720,745.4375,,36.26514
2026-02-02T09:05:04+00:00,4989,146841150,745.375,,36.962578
2026-02-02T09:10:04+00:00,5214,146841580,745.9375,,37.207108
2026-02-02T09:15:04+00:00,5421,146842030,745.625,,37.558594
2026-02-02T09:20:04+00:00,5667,146842510,745.75,,37.940918
2026-02-02T09:25:04+00:00,5897,146843000,745.5,,38.319294
2026-02-02T09:30:04+00:00,6089,146843520,745.3125,,38.722443
2026-02-02T09:35:04+00:00,6265,146844060,745.9375,,39.0692
2026-02-02T09:40:04+00:00,6479,146844600,745.5,,39.59948
2026-02-02T09:45:04+00:00,6658,146845170,745.375,,39.961
2026-02-02T09:50:04+00:00,6846,146845740,745.1875,,40.554176
2026-02-02T09:55:04+00:00,7027,146846340,745.25,,41.081993
2026-02-02T10:00:04+00:00,7257,146846960,745.5,,41.70044
2026-02-02T10:05:04+00:00,7427,146847580,745.8125,,42.315334
2026-02-02T10:10:04+00:00,7635,146848240,745.4375,,42.81663
2026-02-02T10:15:04+00:00,7785,146848900,745.9375,,43.353462
2026-02-02T10:20:04+00:00,7980,146849570,745.3125,,44.05696
2026-02-02T10:25:04+00:00,8063,146850260,745.875,,44.517727
2026-02-02T10:30:04+00:00,8194,146850960,745.875,,44.72866
2026-02-02T10:35:04+00:00,8312,146851660,745.625,,42.532417
2026-02-02T10:40:04+00:00,8423,146852380,745.4375,,42.43725
2026-02-02T10:45:04+00:00,8498,146853120,745.3125,,42.468994
2026-02-02T10:50:04+00:00,8629,146853860,745.4375,,42.81663
2026-02-02T10:55:04+00:00,8670,146854600,744.875,,43.098934
2026-02-02T11:00:04+00:00,8761,146855340,745.5,,43.286087
2026-02-02T11:05:04+00:00,8786,146856100,746.1875,,43.693863
2026-02-02T11:10:04+00:00,8826,146856850,745.625,,43.719536
2026-02-02T11:15:04+00:00,8853,146857620,746.0625,,43.81695
2026-02-02T11:20:04+00:00,8960,146858370,746,,44.092583
2026-02-02T11:25:04+00:00,8946,146859140,745.875,,44.031494
2026-02-02T11:30:04+00:00,9011,146859920,746,,44.2145
2026-02-02T11:35:04+00:00,8964,146860690,745.8125,,44.698593
2026-02-02T11:40:04+00:00,9063,146861470,746.0625,,44.63839
2026-02-02T11:45:04+00:00,9103,146862240,746.125,,44.698593
2026-02-02T11:50:04+00:00,9006,146863020,746.1875,,44.783722
2026-02-02T11:55:04+00:00,8941,146863790,746.4375,,44.873672
2026-02-02T12:00:04+00:00,8880,146864560,747.25,,44.698593
2026-02-02T12:05:04+00:00,9048,146865330,747.625,,44.698593
2026-02-02T12:10:04+00:00,8919,146866110,748.0625,,44.698593
2026-02-02T12:15:04+00:00,8786,146866860,747.3125,,44.668503
2026-02-02T12:20:04+00:00,8505,146867620,746.6875,,44.603233
2026-02-02T12:25:04+00:00,8376,146868350,745.5,,44.69358
2026-02-02T12:30:04+00:00,8264,146869070,746.125,,44.668503
2026-02-02T12:35:04+00:00,8301,146869780,746,,44.63839
2026-02-02T12:40:04+00:00,8279,146870460,746,,44.517727
2026-02-02T12:45:04+00:00,8107,146871170,745.8125,,44.63839
2026-02-02T12:50:04+00:00,7745,146871860,746.125,,44.608257
2026-02-02T12:55:04+00:00,8214,146872540,746,,44.608257
2026-02-02T13:00:04+00:00,8168,146873230,745.9375,,44.517727
2026-02-02T13:05:04+00:00,7852,146873920,745.75,,44.457256
2026-02-02T13:10:04+00:00,7825,146874600,745.9375,,44.184055
2026-02-02T13:15:04+00:00,7774,146875260,746.125,,43.970306
2026-02-02T13:20:04+00:00,7661,146875920,745.625,,43.65789
2026-02-02T13:25:04+00:00,7609,146876580,745.5625,,43.596153
2026-02-02T13:30:04+00:00,7355,146877230,745.625,,43.286087
2026-02-02T13:35:04+00:00,7251,146877860,745.5625,,43.16141
2026-02-02T13:40:04+00:00,7003,146878460,745.6875,,43.067657
2026-02-02T13:45:04+00:00,6839,146879060,745.5,,43.348286
2026-02-02T13:50:04+00:00,6749,146879650,746.125,,42.853333
2026-02-02T13:55:04+00:00,6547,146880210,745.5625,,42.722103
2026-02-02T14:00:04+00:00,6434,146880780,745.375,,42.532417
2026-02-02T14:05:04+00:00,6311,146881330,745.5625,,42.214355
2026-02-02T14:10:04+00:00,6088,146881860,745.5,,41.86171
2026-02-02T14:15:04+00:00,5963,146882380,745.625,,41.668106
2026-02-02T14:20:04+00:00,5783,146882880,745.5,,41.310883
2026-02-02T14:25:04+00:00,5542,146883380,745.375,,41.01637
2026-02-02T14:30:04+00:00,5336,146883840,745.6875,,40.287827
2026-02-02T14:35:04+00:00,5019,146884290,745.375,,41.24561
2026-02-02T14:40:04+00:00,4814,146884720,746.0625,,41.867073
2026-02-02T14:45:04+00:00,4687,146885120,746.0625,,41.73812
2026-02-02T14:50:04+00:00,4485,146885520,745.875,,41.770397
2026-02-02T14:55:04+00:00,4303,146885890,746.0625,,41.41403
2026-02-02T15:00:04+00:00,4018,146886260,745.8125,,41.283695
2026-02-02T15:05:04+00:00,3883,146886600,745.4375,,41.147514
2026-02-02T15:10:04+00:00,3767,146886930,745.9375,,41.120224
2026-02-02T15:15:04+00:00,3572,146887230,745.5,,40.71982
2026-02-02T15:20:04+00:00,3384,146887540,746,,40.393456
2026-02-02T15:25:04+00:00,3153,146887820,745.3125,,39.988663
2026-02-02T15:30:04+00:00,2867,146888080,746.3125,,39.520203
2026-02-02T15:35:04+00:00,2648,146888320,746.375,,39.26721
2026-02-02T15:40:04+00:00,2393,146888530,746,,38.955563
2026-02-02T15:45:04+00:00,2172,146888720,745.6875,,38.583763
2026-02-02T15:50:04+00:00,1945,146888900,745.875,,38.208126
2026-02-02T15:55:04+00:00,1676,146889060,745.25,,37.764954
2026-02-02T16:00:04+00:00,1501,146889200,745.375,,37.410484
2026-02-02T16:05:04+00:00,1380,146889310,745.375,,37.05259
2026-02-02T16:10:04+00:00,1252,146889420,745.375,,36.60032
2026-02-02T16:15:04+00:00,1103,146889540,745.3125,,36.539604
2026-02-02T16:20:04+00:00,958,146889620,745.25,,36.295734
2026-02-02T16:25:04+00:00,804,146889700,745.3125,,36.019478
2026-02-02T16:30:04+00:00,675,146889760,745.25,,35.7722
2026-02-02T16:35:04+00:00,560,146889810,745.25,,35.58568
2026-02-02T16:40:04+00:00,455,146889860,745.25,,35.429543
2026-02-02T16:45:04+00:00,342,146889890,745.25,,35.304165
2026-02-02T16:50:04+00:00,234,146889920,745.375,,35.115322
2026-02-02T16:55:04+00:00,155,146889940,745.3125,,34.939056
2026-02-02T17:00:04+00:00,61,146889940,745.375,,34.782955
2026-02-02T17:05:04+00:00,67,146889950,745.5,,34.573597
2026-02-02T17:10:04+00:00,53,146889950,745.75,,34.442036
2026-02-02T17:15:04+00:00,0,146889950,308.625,,32.957714
2026-02-02T17:20:04+00:00,0,146889950,59.625,,32.033104
2026-02-02T17:25:04+00:00,0,146889950,35.5,,30.639917
2026-02-02T17:30:04+00:00,0,146889950,1.625,,29.729269
2026-02-02T19:20:04+00:00,0,146889950,0,,0
2026-02-03T05:20:03+00:00,0,146889950,0,,0
2026-02-03T06:25:03+00:00,0,146889950,42.375,,11.551779
2026-02-03T06:30:03+00:00,0,146889950,374.125,,11.87966
2026-02-03T06:35:03+00:00,0,146889950,387.9375,,13.213734
2026-02-03T06:40:03+00:00,0,146889950,808.0625,,14.059441
2026-02-03T06:45:03+00:00,87,146889950,745.9375,,15.725399
2026-02-03T06:50:03+00:00,108,146889950,745.625,,16.503548
2026-02-03T06:55:03+00:00,191,146889970,745.375,,17.304764
2026-02-03T07:00:03+00:00,291,146889980,745.3125,,17.9262
2026-02-03T07:05:03+00:00,400,146890020,745.375,,18.605495
2026-02-03T07:10:03+00:00,508,146890050,745.375,,19.047144
2026-02-03T07:15:03+00:00,629,146890100,745.375,,19.456295
2026-02-03T07:20:03+00:00,778,146890160,745.4375,,19.811062
2026-02-03T07:25:03+00:00,925,146890240,745.4375,,20.198706
2026-02-03T07:30:03+00:00,1124,146890320,745.3125,,20.601469
2026-02-03T07:35:03+00:00,1301,146890430,745.375,,20.910034
2026-02-03T07:40:03+00:00,1518,146890540,744.9375,,21.416403
2026-02-03T07:45:03+00:00,1703,146890690,745.375,,21.733603
2026-02-03T07:50:03+00:00,1945,146890830,744.9375,,22.118061
2026-02-03T07:55:03+00:00,2158,146891000,745.5625,,22.453102
2026-02-03T08:00:03+00:00,2373,146891200,745.3125,,22.792454
2026-02-03T08:05:03+00:00,2577,146891410,745.4375,,23.12733
2026-02-03T08:10:03+00:00,2636,146891620,745.1875,,23.45782
2026-02-03T08:15:03+00:00,2785,146891780,745.1875,,23.659058
2026-02-03T08:20:03+00:00,2629,146892080,745.3125,,24.423824
2026-02-03T08:25:03+00:00,2784,146892400,745.4375,,25.00488
2026-02-03T08:30:03+00:00,1820,146892590,745.375,,24.952501
2026-02-03T08:35:03+00:00,2351,146892780,745.25,,25.180033
2026-02-03T08:40:03+00:00,3734,146893100,745.375,,26.125366
2026-02-03T08:45:03+00:00,3328,146893580,745.4375,,27.448233
2026-02-03T08:50:03+00:00,2466,146893890,745.4375,,27.528942
2026-02-03T08:55:03+00:00,7657,146894100,745.5,,27.286137
2026-02-03T09:00:03+00:00,1559,146894480,745.3125,,27.982037
2026-02-03T09:05:03+00:00,7556,146894850,745.4375,,28.531971
2026-02-03T09:10:03+00:00,3994,146895340,745.3125,,29.375029
2026-02-03T09:15:03+00:00,7699,146895900,746,,30.491379
2026-02-03T09:20:03+00:00,8355,146896400,745.875,,31.02306
2026-02-03T09:25:03+00:00,8691,146896910,745.8125,,31.661549
2026-02-03T09:30:03+00:00,5062,146897570,745.75,,32.62453
2026-02-03T09:35:03+00:00,4412,146897980,745.75,,32.316074
2026-02-03T09:40:03+00:00,9540,146898560,745.0625,,33.12303
2026-02-03T09:45:03+00:00,2546,146898990,746,,32.957714
2026-02-03T09:50:03+00:00,2278,146899180,746,,31.804953
2026-02-03T09:55:03+00:00,2029,146899380,745.875,,31.28575
2026-02-03T10:00:03+00:00,2370,146899570,746.1875,,30.401936
2026-02-03T10:05:03+00:00,3325,146899790,744.75,,29.778917
2026-02-03T10:10:03+00:00,2951,146900110,744.6875,,29.902645
2026-02-03T10:15:03+00:00,2979,146900370,745.375,,29.902645
2026-02-03T10:20:03+00:00,1562,146900580,745.625,,29.778917
2026-02-03T10:25:03+00:00,2582,146900740,745.625,,29.122229
2026-02-03T10:30:03+00:00,1340,146901000,745.125,,28.994965
2026-02-03T10:35:03+00:00,1064,146901100,745.375,,28.480055
2026-02-03T10:40:03+00:00,1011,146901170,745.4375,,28.192795
2026-02-03T10:45:03+00:00,2535,146901330,745.5,,28.166536
2026-02-03T10:50:03+00:00,1080,146901460,745.3125,,27.82294
2026-02-03T10:55:03+00:00,2407,146901620,745.4375,,27.502064
2026-02-03T11:00:03+00:00,940,146901740,745.4375,,27.123125
2026-02-03T11:05:03+00:00,797,146901810,745.625,,26.265997
2026-02-03T11:10:03+00:00,1566,146901940,745.4375,,25.927347
2026-02-03T11:15:03+00:00,1826,146902080,745.3125,,25.89895
2026-02-03T11:20:03+00:00,2250,146902260,745.4375,,26.012377
2026-02-03T11:25:03+00:00,1259,146902420,744.75,,25.98406
2026-02-03T11:30:03+00:00,1079,146902510,745.4375,,25.411983
2026-02-03T11:35:03+00:00,1035,146902600,745.25,,24.857227
2026-02-03T11:40:03+00:00,1188,146902700,745.6875,,24.448105
2026-02-03T11:45:03+00:00,1106,146902800,745.9375,,24.179697
2026-02-03T11:50:03+00:00,1143,146902900,745.25,,23.709116
2026-02-03T11:55:03+00:00,962,146902980,745.4375,,23.331224
2026-02-03T12:00:03+00:00,1112,146903070,745.375,,23.0761
2026-02-03T12:05:03+00:00,1253,146903170,745.5625,,22.76651
2026-02-03T12:10:03+00:00,2810,146903310,746,,22.805414
2026-02-03T12:15:03+00:00,3462,146903570,745.375,,23.407259
2026-02-03T12:20:03+00:00,2656,146903860,746,,23.895939
2026-02-03T12:25:02+00:00,3828,146904100,745.4375,,24.326466
2026-02-03T12:30:02+00:00,1820,146904350,745.8125,,24.48448
2026-02-03T12:35:02+00:00,1871,146904460,745.4375,,23.982647
2026-02-03T12:40:02+00:00,2032,146904660,746,,23.871109
2026-02-03T12:45:02+00:00,3180,146904850,745.5,,23.957903
2026-02-03T12:50:02+00:00,3570,146905170,745.4375,,24.448105
2026-02-03T12:55:02+00:00,4193,146905520,745.5,,25.06338
2026-02-03T13:00:02+00:00,10654,146906320,747.5,,28.402
2026-02-03T13:05:02+00:00,10153,146907220,745.1875,,30.718872
2026-02-03T13:10:02+00:00,10458,146908080,745.375,,32.53137
2026-02-03T13:15:02+00:00,11269,146909000,745.5625,,34.168392
2026-02-03T13:20:02+00:00,11111,146909840,745.0625,,35.14161
2026-02-03T13:25:02+00:00,7177,146910700,745.25,,36.14251
2026-02-03T13:30:02+00:00,5638,146911220,746,,34.99092
2026-02-03T13:35:02+00:00,3020,146911520,744.9375,,33.086365
2026-02-03T13:40:02+00:00,3374,146911790,745.375,,31.450085
2026-02-03T13:45:02+00:00,3463,146912110,746,,30.8173
2026-02-03T13:50:02+00:00,2203,146912340,745.375,,29.951982
2026-02-03T13:55:02+00:00,2117,146912530,745.4375,,29.324652
2026-02-03T14:00:02+00:00,2591,146912740,745.4375,,29.147612
2026-02-03T14:05:02+00:00,2877,146912980,745.5,,29.020464
2026-02-03T14:10:02+00:00,2545,146913220,745.5,,28.867119
2026-02-03T14:15:02+00:00,2124,146913440,745.5,,28.892735
2026-02-03T14:20:02+00:00,2588,146913700,745.375,,28.943897
2026-02-03T14:25:02+00:00,2475,146913920,745.625,,28.892735
2026-02-03T14:30:02+00:00,2148,146914100,745.5625,,28.79013
2026-02-03T14:35:02+00:00,2076,146914290,745.4375,,28.661348
2026-02-03T14:40:02+00:00,2147,146914460,745.4375,,28.557896
2026-02-03T14:45:02+00:00,1966,146914960,745.5625,,29.828474
2026-02-03T14:50:02+00:00,2173,146915150,745.4375,,29.172974
2026-02-03T14:55:02+00:00,7924,146915520,745.375,,29.679535
2026-02-03T15:00:02+00:00,8161,146916160,745.5625,,31.450085
2026-02-03T15:05:02+00:00,6531,146916700,745.375,,32.27849
2026-02-03T15:10:02+00:00,5285,146917180,746.1875,,32.259674
2026-02-03T15:15:02+00:00,5039,146917630,745.4375,,32.41922
2026-02-03T15:20:02+00:00,6629,146918100,745.5,,32.55934
2026-02-03T15:25:02+00:00,6067,146918610,745.9375,,33.040478
2026-02-03T15:30:02+00:00,6337,146919150,745.9375,,33.559753
2026-02-03T15:35:02+00:00,5478,146919650,746,,33.856575
2026-02-03T15:40:02+00:00,4804,146920080,745.4375,,33.739975
2026-02-03T15:45:02+00:00,1541,146920380,745.375,,33.260143
2026-02-03T15:50:02+00:00,4001,146920560,745,,32.39112
2026-02-03T15:55:02+00:00,2962,146920800,745.5625,,31.976213
2026-02-03T16:00:02+00:00,2772,146921040,745.375,,31.488634
2026-02-03T16:05:02+00:00,822,146921250,745.5625,,31.01329
2026-02-03T16:10:02+00:00,537,146921360,745.75,,30.421831
2026-02-03T16:15:02+00:00,834,146921440,745.0625,,29.85322
2026-02-03T16:20:02+00:00,426,146921490,745.375,,29.349852
2026-02-03T16:25:02+00:00,718,146921540,745.375,,29.071392
2026-02-03T16:30:02+00:00,930,146921600,745.5,,28.764421
2026-02-03T16:35:02+00:00,727,146921660,745.4375,,28.71293
2026-02-03T16:40:02+00:00,572,146921730,745.4375,,28.557896
2026-02-03T16:45:02+00:00,498,146921780,745.25,,28.428041
2026-02-03T16:50:02+00:00,362,146921810,745.4375,,28.349844
2026-02-03T16:55:02+00:00,155,146921820,745.5,,28.349844
2026-02-03T17:00:02+00:00,63,146921840,745.4375,,28.192795
2026-02-03T17:05:02+00:00,65,146921840,745.4375,,28.087612
2026-02-03T17:10:02+00:00,0,146921840,679.8125,,27.3673
2026-02-03T17:15:02+00:00,0,146921840,339.3125,,26.821863
2026-02-03T17:20:02+00:00,0,146921840,234.6875,,25.813593
2026-02-03T17:25:02+00:00,0,146921840,41.75,,24.593285
2026-02-03T17:30:02+00:00,0,146921840,6.0625,,23.659058
2026-02-03T17:35:02+00:00,0,146921840,1.3125,,23.203983
2026-02-03T17:40:02+00:00,0,146921840,1.3125,,23.203983
2026-02-03T19:15:02+00:00,0,146921840,0,,0
2026-02-04T05:15:03+00:00,0,146921840,0,,0
2026-02-04T06:25:03+00:00,0,146921840,25.375,,11.302469
2026-02-04T06:30:03+00:00,0,146921840,37.875,,11.68902
2026-02-04T06:35:03+00:00,0,146921840,56.4375,,11.906754
2026-02-04T06:40:03+00:00,0,146921840,358.1875,,12.906551
2026-02-04T06:45:03+00:00,0,146921840,826.3125,,14.083778
2026-02-04T06:50:03+00:00,96,146921840,745.25,,14.948202
2026-02-04T06:55:03+00:00,80,146921840,745.3125,,16.367283
2026-02-04T07:00:03+00:00,166,146921860,745.1875,,17.252207
2026-02-04T07:05:03+00:00,246,146921870,745.5,,17.977226
2026-02-04T07:10:03+00:00,295,146921890,745.3125,,18.679716
2026-02-04T07:15:03+00:00,486,146921920,745.375,,19.240635
2026-02-04T07:20:03+00:00,540,146921970,745.4375,,19.74057
2026-02-04T07:25:03+00:00,636,146922020,745.6875,,20.170044
2026-02-04T07:30:03+00:00,585,146922080,745.4375,,20.65784
2026-02-04T07:35:03+00:00,1028,146922130,745.5625,,21.049109
2026-02-04T07:40:03+00:00,806,146922200,745.5,,21.434635
2026-02-04T07:45:03+00:00,1046,146922270,745.9375,,21.679499
2026-02-04T07:50:03+00:00,867,146922350,745.9375,,22.042515
2026-02-04T07:55:03+00:00,1536,146922460,745.625,,22.479366
2026-02-04T08:00:03+00:00,2797,146922700,745.375,,23.152908
2026-02-04T08:05:03+00:00,3191,146922960,745.3125,,23.83382
2026-02-04T08:10:03+00:00,3445,146923230,745.875,,24.338655
2026-02-04T08:15:03+00:00,4611,146923570,746.375,,25.048765
2026-02-04T08:20:03+00:00,2896,146923890,745.5625,,25.727991
2026-02-04T08:25:03+00:00,2029,146924110,745.375,,26.012377
2026-02-04T08:30:03+00:00,4854,146924320,745.375,,26.209826
2026-02-04T08:35:03+00:00,2394,146924530,745.625,,26.517447
2026-02-04T08:40:03+00:00,3012,146924800,745.5,,27.013937
2026-02-04T08:45:03+00:00,2335,146925060,745.5625,,27.313217
2026-02-04T08:50:03+00:00,5913,146925390,745.375,,28.061255
2026-02-04T08:55:03+00:00,4753,146925860,745.3125,,29.071392
2026-02-04T09:00:03+00:00,5951,146926370,745.1875,,29.85322
2026-02-04T09:05:03+00:00,6113,146926880,744.8125,,30.718872
2026-02-04T09:10:03+00:00,6278,146927410,745.5,,31.565596
2026-02-04T09:15:03+00:00,6511,146927950,745.4375,,32.33485
2026-02-04T09:20:03+00:00,5556,146928510,746.1875,,33.068016
2026-02-04T09:25:03+00:00,2544,146929020,745.3125,,33.260143
2026-02-04T09:30:03+00:00,5463,146929600,745.4375,,33.847622
2026-02-04T09:35:03+00:00,7555,146930240,745.4375,,34.62607
2026-02-04T09:40:03+00:00,2820,146930770,745.5,,34.778606
2026-02-04T09:45:03+00:00,9028,146931300,745.1875,,35.33555
2026-02-04T09:50:03+00:00,9490,146932000,745.1875,,36.539604
2026-02-04T09:55:03+00:00,3389,146932420,745.375,,36.019478
2026-02-04T10:00:03+00:00,5082,146932820,745.5625,,35.834175
2026-02-04T10:05:03+00:00,6974,146933490,745.5625,,37.291573
2026-02-04T10:10:03+00:00,5278,146934050,745.25,,37.67666
2026-02-04T10:15:03+00:00,6375,146934450,745.6875,,37.202137
2026-02-04T10:20:03+00:00,12177,146935140,745.4375,,38.665123
2026-02-04T10:25:03+00:00,11443,146936140,745.9375,,41.44655
2026-02-04T10:30:03+00:00,11712,146936860,745.375,,41.668106
2026-02-04T10:35:03+00:00,11814,146937860,745.6875,,43.78109
2026-02-04T10:40:03+00:00,11942,146938910,745.4375,,43.503372
2026-02-04T10:45:03+00:00,4069,146939800,745.9375,,42.34717
2026-02-04T10:50:03+00:00,11084,146940270,745.3125,,40.3879
2026-02-04T10:55:03+00:00,3082,146940880,746.0625,,40.791397
2026-02-04T11:00:03+00:00,2374,146941360,745.3125,,41.635757
2026-02-04T11:05:03+00:00,11718,146942200,745.4375,,44.05696
2026-02-04T11:10:03+00:00,11673,146943220,745.5,,43.503372
2026-02-04T11:15:03+00:00,7790,146943860,745.1875,,41.79727
2026-02-04T11:20:03+00:00,2909,146944130,746.0625,,40.98899
2026-02-04T11:25:03+00:00,11309,146944930,745.1875,,44.178978
2026-02-04T11:30:03+00:00,11225,146945890,745.875,,43.32238
2026-02-04T11:35:03+00:00,11325,146946850,745.4375,,43.78109
2026-02-04T11:40:03+00:00,11153,146947820,745.9375,,44.457256
2026-02-04T11:45:03+00:00,11006,146948770,745.3125,,44.758705
2026-02-04T11:50:03+00:00,11273,146949620,745.4375,,44.27026
2026-02-04T11:55:03+00:00,11162,146950580,745.3125,,45.07016
2026-02-04T12:00:03+00:00,11463,146951550,745.5,,46.03528
2026-02-04T12:05:03+00:00,12050,146952540,745.3125,,46.94703
2026-02-04T12:10:03+00:00,11939,146953620,745.625,,47.739555
2026-02-04T12:15:03+00:00,12567,146954670,745.5625,,48.418262
2026-02-04T12:20:03+00:00,2390,146955250,745.375,,46.38797
2026-02-04T12:25:03+00:00,1864,146955440,745.3125,,44.331
2026-02-04T12:30:03+00:00,2615,146955600,746.0625,,42.601013
2026-02-04T12:35:03+00:00,11267,146956420,746.0625,,44.000916
2026-02-04T12:40:03+00:00,10830,146957360,747.625,,44.998276
2026-02-04T12:45:03+00:00,11217,146958300,749.1875,,45.751286
2026-02-04T12:50:03+00:00,12541,146959310,749.0625,,46.98176
2026-02-04T12:55:03+00:00,12999,146960400,746.6875,,48.04616
2026-02-04T13:00:03+00:00,4461,146960850,745.25,,46.070663
2026-02-04T13:05:03+00:00,4620,146961220,745.4375,,44.878662
2026-02-04T13:10:03+00:00,3986,146961630,745.25,,44.14851
2026-02-04T13:15:03+00:00,2583,146961900,745.4375,,42.81663
2026-02-04T13:20:03+00:00,2253,146962110,746.4375,,41.44655
2026-02-04T13:25:03+00:00,1784,146962290,746.5,,40.460033
2026-02-04T13:30:03+00:00,2574,146962660,745.875,,40.35457
2026-02-04T13:35:03+00:00,10208,146963400,747.375,,41.899246
2026-02-04T13:40:03+00:00,10954,146964290,748.9375,,43.72467
2026-02-04T13:45:03+00:00,11263,146965260,746.9375,,45.13629
2026-02-04T13:50:03+00:00,10311,146966190,746,,45.88757
2026-02-04T13:55:03+00:00,10142,146967070,745.6875,,46.423103
2026-02-04T14:00:03+00:00,9802,146967920,745.875,,46.633347
2026-02-04T14:05:03+00:00,8934,146968740,745.5625,,46.738136
2026-02-04T14:10:03+00:00,8519,146969490,745.5625,,46.668304
2026-02-04T14:15:03+00:00,8234,146970140,745.3125,,46.211945
2026-02-04T14:20:03+00:00,2565,146970820,745.625,,46.03528
2026-02-04T14:25:03+00:00,4232,146971020,745.5,,44.14851
2026-02-04T14:30:03+00:00,8201,146971730,745.5,,44.998276
2026-02-04T14:35:03+00:00,4657,146972370,745.5,,44.998276
2026-02-04T14:40:03+00:00,1364,146972620,745.375,,43.534325
2026-02-04T14:45:03+00:00,6839,146973090,745.4375,,43.37935
2026-02-04T14:50:03+00:00,6323,146973650,746.125,,43.41556
2026-02-04T14:55:03+00:00,6076,146974190,746.25,,43.072876
2026-02-04T15:00:03+00:00,5856,146974700,745.5625,,42.81663
2026-02-04T15:05:03+00:00,5536,146975180,745.9375,,42.123802
2026-02-04T15:10:03+00:00,5284,146975650,745.75,,41.829502
2026-02-04T15:15:03+00:00,5046,146976100,745.5,,41.24561
2026-02-04T15:20:03+00:00,4742,146976510,745.5,,40.785892
2026-02-04T15:25:03+00:00,4419,146976910,745.375,,40.487747
2026-02-04T15:30:03+00:00,4203,146977280,746.0625,,40.22098
2026-02-04T15:35:03+00:00,3958,146977630,745.625,,41.53855
2026-02-04T15:40:03+00:00,3620,146977950,746.125,,41.96353
2026-02-04T15:45:03+00:00,3302,146978240,746,,41.899246
2026-02-04T15:50:03+00:00,3040,146978530,746,,41.64115
2026-02-04T15:55:03+00:00,2900,146978780,745.5,,41.408604
2026-02-04T16:00:03+00:00,2604,146979000,745.3125,,40.818893
2026-02-04T16:05:03+00:00,2348,146979230,745.9375,,40.226555
2026-02-04T16:10:03+00:00,2085,146979410,745.9375,,39.7436
2026-02-04T16:15:03+00:00,1815,146979580,745.875,,39.40798
2026-02-04T16:20:03+00:00,1534,146979730,745.375,,39.064472
2026-02-04T16:25:03+00:00,1256,146979840,745.875,,38.583763
2026-02-04T16:30:03+00:00,935,146979940,746.125,,38.23716
2026-02-04T16:35:03+00:00,711,146980000,745.4375,,37.853043
2026-02-04T16:40:03+00:00,560,146980060,745.375,,37.440155
2026-02-04T16:45:03+00:00,433,146980100,745.875,,37.172276
2026-02-04T16:50:03+00:00,303,146980130,745.3125,,36.872337
2026-02-04T16:55:03+00:00,211,146980160,745.4375,,36.509205
2026-02-04T17:00:03+00:00,125,146980180,745.4375,,36.14251
2026-02-04T17:05:03+00:00,58,146980180,745.875,,35.808365
2026-02-04T17:10:03+00:00,65,146980180,745.5,,35.492073
2026-02-04T17:15:03+00:00,0,146980180,733.9375,,35.083755
2026-02-04T17:20:03+00:00,0,146980180,417.25,,33.53263
2026-02-04T17:25:03+00:00,0,146980180,50,,32.40049
2026-02-04T17:30:03+00:00,0,146980180,31.375,,31.140068
2026-02-04T17:35:03+00:00,0,146980180,1.4375,,30.01158
2026-02-04T17:40:03+00:00,0,146980180,1.375,,29.787184
2026-02-04T17:45:03+00:00,0,146980180,1.375,,29.787184
2026-02-04T19:20:02+00:00,0,146980180,0,,0
2026-02-05T05:20:04+00:00,0,146980180,0,,0
2026-02-05T06:25:04+00:00,0,146980180,38.875,,8.931049
2026-02-05T06:30:04+00:00,0,146980180,67.9375,,9.084854
2026-02-05T06:35:04+00:00,0,146980180,324.375,,9.380398
2026-02-05T06:40:04+00:00,0,146980180,398.5,,10.699541
2026-02-05T06:45:04+00:00,0,146980180,818.25,,11.68446
2026-02-05T06:50:04+00:00,112,146980180,745.1875,,11.492031
2026-02-05T06:55:04+00:00,94,146980180,745.875,,13.340363
2026-02-05T07:00:04+00:00,124,146980200,745.8125,,14.205021
2026-02-05T07:05:04+00:00,277,146980210,745.9375,,14.8470955
2026-02-05T07:10:04+00:00,493,146980240,745.9375,,15.499634
2026-02-05T07:15:04+00:00,632,146980290,745.5625,,16.17517
2026-02-05T07:20:04+00:00,866,146980350,745.375,,16.746834
2026-02-05T07:25:04+00:00,1080,146980430,745.375,,17.304764
2026-02-05T07:30:04+00:00,1292,146980540,745.375,,17.849443
2026-02-05T07:35:04+00:00,1543,146980660,745.4375,,18.255835
2026-02-05T07:40:04+00:00,1787,146980800,745.375,,18.82742
2026-02-05T07:45:04+00:00,2045,146980980,745.5,,19.288744
2026-02-05T07:50:04+00:00,2311,146981150,745.25,,19.764091
2026-02-05T07:55:04+00:00,2545,146981360,745.3125,,20.426897
2026-02-05T08:00:04+00:00,2754,146981600,745.5,,20.910034
2026-02-05T08:05:04+00:00,3165,146981860,745.3125,,21.625284
2026-02-05T08:10:04+00:00,3508,146982140,745.6875,,22.387321
2026-02-05T08:15:04+00:00,3806,146982450,745.5,,23.101728
2026-02-05T08:20:04+00:00,4105,146982780,745.875,,23.696611
2026-02-05T08:25:04+00:00,4385,146983150,745.1875,,24.5208
2026-02-05T08:30:04+00:00,4636,146983540,745.6875,,25.23819
2026-02-05T08:35:04+00:00,4874,146983950,745.3125,,26.09716
2026-02-05T08:40:04+00:00,5120,146984380,745.3125,,27.013937
2026-02-05T08:45:04+00:00,5288,146984830,744.6875,,27.769709
2026-02-05T08:50:04+00:00,5474,146985300,745.8125,,28.544935
2026-02-05T08:55:04+00:00,5683,146985760,745.3125,,29.349852
2026-02-05T09:00:04+00:00,5886,146986260,745.8125,,30.041769
2026-02-05T09:05:04+00:00,6095,146986780,746,,30.90564
2026-02-05T09:10:04+00:00,6319,146987310,745.375,,31.70942
2026-02-05T09:15:04+00:00,6516,146987860,745.9375,,32.652428
2026-02-05T09:20:04+00:00,6766,146988430,745.625,,33.369415
2026-02-05T09:25:04+00:00,6964,146989020,746,,34.230392
2026-02-05T09:30:04+00:00,7121,146989620,745.3125,,34.913094
2026-02-05T09:35:04+00:00,7275,146990240,745.9375,,35.647957
2026-02-05T09:40:04+00:00,7463,146990880,745.5625,,36.60032
2026-02-05T09:45:04+00:00,7681,146991520,745.3125,,37.351078
2026-02-05T09:50:04+00:00,7829,146992200,745.6875,,38.091766
2026-02-05T09:55:04+00:00,8070,146992860,745.1875,,38.95082
2026-02-05T10:00:04+00:00,8228,146993570,745.9375,,39.60414
2026-02-05T10:05:04+00:00,8466,146994290,745.5,,40.520973
2026-02-05T10:10:04+00:00,8651,146995020,745.4375,,41.570984
2026-02-05T10:15:04+00:00,8821,146995780,745.9375,,42.315334
2026-02-05T10:20:04+00:00,8986,146996540,745.9375,,43.291275
2026-02-05T10:25:04+00:00,9149,146997310,746.0625,,43.939682
2026-02-05T10:30:04+00:00,9283,146998110,745.9375,,44.873672
2026-02-05T10:35:04+00:00,9406,146998910,746.1875,,42.947563
2026-02-05T10:40:04+00:00,9522,146999730,746.1875,,42.884766
2026-02-05T10:45:04+00:00,9619,147000540,745.875,,43.38452
2026-02-05T10:50:04+00:00,9770,147001380,744.875,,43.903923
2026-02-05T10:55:04+00:00,9859,147002200,745.4375,,44.300644
2026-02-05T11:00:04+00:00,9890,147003060,745.4375,,44.938515
2026-02-05T11:05:04+00:00,9968,147003920,745.4375,,45.429817
2026-02-05T11:10:04+00:00,10053,147004770,745.5625,,45.857975
2026-02-05T11:15:04+00:00,10133,147005650,745.25,,46.493286
2026-02-05T11:20:04+00:00,10188,147006510,745.4375,,46.912277
2026-02-05T11:25:04+00:00,10240,147007400,745.5,,47.18961
2026-02-05T11:30:04+00:00,10257,147008270,745.25,,47.807858
2026-02-05T11:35:04+00:00,10289,147009150,745.5625,,48.11403
2026-02-05T11:40:04+00:00,10262,147010030,746.1875,,48.277653
2026-02-05T11:45:04+00:00,10309,147010930,745.4375,,48.653557
2026-02-05T11:50:04+00:00,10355,147011800,744.8125,,48.95438
2026-02-05T11:55:04+00:00,10365,147012690,745.5,,49.28641
2026-02-05T12:00:04+00:00,10333,147013580,745.375,,49.479027
2026-02-05T12:05:04+00:00,10293,147014460,745.375,,49.840126
2026-02-05T12:10:04+00:00,10346,147015340,745.0625,,50.049862
2026-02-05T12:15:04+00:00,10323,147016240,745.4375,,50.239285
2026-02-05T12:20:04+00:00,10330,147017120,744.6875,,50.480045
2026-02-05T12:25:04+00:00,10292,147018000,744.8125,,50.713318
2026-02-05T12:30:04+00:00,10274,147018880,745.4375,,50.74564
2026-02-05T12:35:04+00:00,10262,147019760,745.25,,50.900528
2026-02-05T12:40:04+00:00,10202,147020640,745.3125,,51.13207
2026-02-05T12:45:04+00:00,10185,147021520,744.875,,51.17698
2026-02-05T12:50:04+00:00,10093,147022380,745.3125,,51.170567
2026-02-05T12:55:04+00:00,10062,147023250,745.375,,51.2859
2026-02-05T13:00:04+00:00,9953,147024110,745.375,,51.32429
2026-02-05T13:05:04+00:00,9898,147024960,745.5,,51.2859
2026-02-05T13:10:04+00:00,9788,147025810,745.5,,51.2859
2026-02-05T13:15:04+00:00,9692,147026660,745.375,,51.209034
2026-02-05T13:20:04+00:00,9646,147027470,745.3125,,51.2859
2026-02-05T13:25:04+00:00,9550,147028300,746.0625,,51.209034
2026-02-05T13:30:04+00:00,9017,147029100,745.5,,50.977814
2026-02-05T13:35:04+00:00,5476,147029760,745.5625,,50.35654
2026-02-05T13:40:04+00:00,8824,147030220,745.25,,49.34703
2026-02-05T13:45:04+00:00,9275,147031020,745.4375,,49.80741
2026-02-05T13:50:04+00:00,8835,147031790,745.875,,49.938126
2026-02-05T13:55:04+00:00,8512,147032540,745.9375,,49.872814
2026-02-05T14:00:04+00:00,6540,147033260,745.5,,49.840126
2026-02-05T14:05:04+00:00,8441,147033950,745.375,,49.80741
2026-02-05T14:10:04+00:00,8155,147034660,745.3125,,49.643505
2026-02-05T14:15:04+00:00,7950,147035340,745.25,,49.67633
2026-02-05T14:20:04+00:00,7270,147036000,745.4375,,49.380066
2026-02-05T14:25:04+00:00,7570,147036640,745.875,,49.44606
2026-02-05T14:30:04+00:00,7430,147037280,745.25,,49.18152
2026-02-05T14:35:04+00:00,7178,147037900,745.3125,,49.11515
2026-02-05T14:40:04+00:00,6935,147038510,745.4375,,48.98214
2026-02-05T14:45:04+00:00,6612,147039090,745.875,,48.647964
2026-02-05T14:50:04+00:00,6355,147039650,745.5625,,48.418262
2026-02-05T14:55:04+00:00,6120,147040180,744.9375,,48.215656
2026-02-05T15:00:04+00:00,5850,147040690,744.9375,,48.01219
2026-02-05T15:05:04+00:00,5616,147041180,745.625,,47.528336
2026-02-05T15:10:04+00:00,5063,147041660,745,,47.396576
2026-02-05T15:15:04+00:00,2464,147042080,745.3125,,46.912277
2026-02-05T15:20:04+00:00,5086,147042430,745.6875,,46.452354
2026-02-05T15:25:04+00:00,4696,147042850,746.0625,,46.170776
2026-02-05T15:30:04+00:00,4163,147043230,746.0625,,45.92306
2026-02-05T15:35:04+00:00,4086,147043570,745.1875,,45.358097
2026-02-05T15:40:04+00:00,3755,147043900,745.1875,,44.998276
2026-02-05T15:45:04+00:00,3427,147044210,745.3125,,44.482464
2026-02-05T15:50:04+00:00,3125,147044500,745.5,,43.934578
2026-02-05T15:55:04+00:00,2721,147044740,745.25,,43.596153
2026-02-05T16:00:04+00:00,2578,147044980,745.3125,,43.130184
2026-02-05T16:05:04+00:00,2371,147045180,745.875,,42.506004
2026-02-05T16:10:04+00:00,2081,147045380,746.0625,,41.96353
2026-02-05T16:15:04+00:00,1667,147045540,745.4375,,41.53855
2026-02-05T16:20:04+00:00,1304,147045660,745.5,,41.01637
2026-02-05T16:25:04+00:00,1123,147045760,745.25,,40.42121
2026-02-05T16:30:04+00:00,433,147045820,745.5,,40.818893
2026-02-05T16:35:04+00:00,743,147045890,745.1875,,41.53855
2026-02-05T16:40:04+00:00,597,147045940,745.75,,41.479042
2026-02-05T16:42:43+00:00,549,147045970,745.3125,,41.44113
2026-02-05T16:45:02+00:00,499,147045980,745.25,,41.310883
2026-02-05T16:50:02+00:00,209,147046020,745.25,,41.114765
2026-02-05T16:55:02+00:00,128,147046030,744.875,,40.851868
2026-02-05T17:00:02+00:00,107,147046050,744.8125,,40.653633
2026-02-05T17:05:02+00:00,65,147046050,745.3125,,40.22098
2026-02-05T17:10:02+00:00,26,147046050,744.9375,,39.8779
2026-02-05T17:15:02+00:00,12,147046050,745.3125,,39.515533
2026-02-05T17:20:02+00:00,0,147046050,90.8125,,37.764954
2026-02-05T17:25:02+00:00,0,147046050,37.4375,,35.98866
2026-02-05T17:30:02+00:00,0,147046050,2.125,,34.59984
2026-02-05T17:35:02+00:00,0,147046050,1.375,,33.990585
2026-02-05T17:40:02+00:00,0,147046050,1.375,,33.990585
2026-02-06T02:45:04+00:00,0,147046050,0,,0
2026-02-06T06:30:04+00:00,0,147046050,25.75,,15.228731
2026-02-06T06:35:04+00:00,0,147046050,43.4375,,15.570414
2026-02-06T06:40:04+00:00,0,147046050,67.125,,15.851454
2026-02-06T06:45:04+00:00,0,147046050,407.1875,,16.746834
2026-02-06T06:50:04+00:00,0,147046050,511.625,,17.951727
2026-02-06T06:55:04+00:00,36,147046050,745.25,,18.406359
2026-02-06T07:00:04+00:00,92,147046050,745.25,,19.881325
2026-02-06T07:05:04+00:00,70,147046060,745.9375,,20.812244
2026-02-06T07:10:04+00:00,143,147046060,745.375,,21.625284
2026-02-06T07:15:04+00:00,233,147046080,745,,22.374144
2026-02-06T07:20:04+00:00,329,147046110,745.375,,22.895966
2026-02-06T07:25:04+00:00,425,147046140,745.3125,,23.508284
2026-02-06T07:30:04+00:00,506,147046180,745.8125,,23.982647
2026-02-06T07:35:04+00:00,579,147046220,746.0625,,24.399519
2026-02-06T07:40:04+00:00,615,147046270,745.3125,,24.761576
2026-02-06T07:45:04+00:00,631,147046340,745.3125,,25.23819
2026-02-06T07:50:04+00:00,631,147046380,745.75,,25.541666
2026-02-06T07:55:04+00:00,691,147046450,745.75,,25.941536
2026-02-06T08:00:04+00:00,757,147046500,745.875,,26.251965
2026-02-06T08:05:04+00:00,883,147046580,745.9375,,26.475687
2026-02-06T08:10:04+00:00,1022,147046660,745.8125,,26.890608
2026-02-06T08:15:04+00:00,1135,147046750,745.3125,,27.123125
2026-02-06T08:20:04+00:00,1222,147046850,745.6875,,27.326748
2026-02-06T08:25:04+00:00,1343,147046960,745.3125,,27.66295
2026-02-06T08:30:04+00:00,1502,147047090,745.9375,,27.889338
2026-02-06T08:35:04+00:00,1721,147047220,746,,28.258339
2026-02-06T08:40:04+00:00,2053,147047380,745.9375,,28.544935
2026-02-06T08:45:04+00:00,2468,147047570,745.75,,28.982206
2026-02-06T08:50:04+00:00,2944,147047800,745.4375,,29.47551
2026-02-06T08:55:04+00:00,3224,147048060,745.875,,29.935547
2026-02-06T09:00:04+00:00,3456,147048350,745.875,,30.610262
2026-02-06T09:05:04+00:00,3174,147048660,745.9375,,31.052351
2026-02-06T09:10:04+00:00,3047,147048910,745.875,,31.343843
2026-02-06T09:15:04+00:00,2506,147049150,745.75,,31.632792
2026-02-06T09:20:04+00:00,2483,147049360,745.8125,,31.833557
2026-02-06T09:25:04+00:00,3282,147049600,745.375,,32.174896
2026-02-06T09:30:04+00:00,3022,147049900,745.375,,32.763775
2026-02-06T09:35:04+00:00,3286,147050160,745.375,,33.150497
2026-02-06T09:40:04+00:00,3853,147050460,745.25,,33.53263
2026-02-06T09:45:04+00:00,5702,147050850,745.5,,34.309925
2026-02-06T09:50:04+00:00,7426,147051410,745.1875,,35.710133
2026-02-06T09:55:04+00:00,5654,147051920,745.875,,36.635696
2026-02-06T10:00:04+00:00,6012,147052450,745.8125,,37.53395
2026-02-06T10:05:04+00:00,7417,147053040,745.375,,38.55021
2026-02-06T10:10:04+00:00,8400,147053730,745.9375,,39.799232
2026-02-06T10:15:04+00:00,4340,147054240,745.3125,,39.90562
2026-02-06T10:20:04+00:00,4604,147054560,745.3125,,39.31889
2026-02-06T10:25:04+00:00,7026,147055150,745.8125,,40.426758
2026-02-06T10:30:04+00:00,9804,147055840,745.1875,,41.829502
2026-02-06T10:35:04+00:00,5069,147056590,745.3125,,43.223793
2026-02-06T10:40:04+00:00,10105,147057200,745.375,,43.719536
2026-02-06T10:45:04+00:00,9344,147058050,745.875,,43.632175
2026-02-06T10:50:04+00:00,6934,147058850,745.75,,43.786213
2026-02-06T10:55:04+00:00,12518,147059520,746.0625,,43.81183
2026-02-06T11:00:04+00:00,8469,147060130,745.3125,,43.99581
2026-02-06T11:05:04+00:00,5770,147060820,745.375,,44.603233
2026-02-06T11:10:04+00:00,6038,147061340,745.25,,44.452217
2026-02-06T11:15:04+00:00,6924,147062000,745.25,,44.788727
2026-02-06T11:20:04+00:00,12170,147062580,745.1875,,44.663486
2026-02-06T11:25:04+00:00,11474,147063520,748,,46.5225
2026-02-06T11:30:04+00:00,4778,147064270,745.4375,,46.633347
2026-02-06T11:35:04+00:00,7115,147065180,745.3125,,47.978195
2026-02-06T11:40:04+00:00,11307,147065980,745.8125,,48.446335
2026-02-06T11:45:04+00:00,4521,147066820,744.75,,48.820915
2026-02-06T11:50:04+00:00,9448,147067400,745.375,,48.78749
2026-02-06T11:55:04+00:00,9053,147068260,745.8125,,49.74192
2026-02-06T12:00:04+00:00,7221,147068820,745.25,,49.120686
2026-02-06T12:05:04+00:00,11067,147069570,745.8125,,49.41308
2026-02-06T12:10:04+00:00,10670,147070450,745.875,,50.39557
2026-02-06T12:15:04+00:00,11027,147071340,745.9375,,51.170567
2026-02-06T12:20:04+00:00,10914,147072290,745.875,,51.972954
2026-02-06T12:25:04+00:00,10322,147073280,745.25,,52.801327
2026-02-06T12:30:04+00:00,6635,147074080,745.8125,,52.65163
2026-02-06T12:35:04+00:00,5443,147074620,745.1875,,51.5923
2026-02-06T12:40:04+00:00,5843,147075100,745.3125,,50.7844
2026-02-06T12:45:04+00:00,6049,147075630,745.4375,,50.473553
2026-02-06T12:50:04+00:00,6815,147076160,745.375,,50.200146
2026-02-06T12:55:04+00:00,6819,147076740,745.375,,50.278397
2026-02-06T13:00:04+00:00,5490,147077300,745.5625,,50.121788
2026-02-06T13:05:04+00:00,4990,147077740,745.3125,,49.709137
2026-02-06T13:10:04+00:00,4132,147078130,745.3125,,49.148346
2026-02-06T13:15:04+00:00,11691,147078660,745.4375,,49.41308
2026-02-06T13:20:04+00:00,5643,147079280,745.25,,49.74192
2026-02-06T13:25:04+00:00,3982,147079660,745.25,,49.04869
2026-02-06T13:30:04+00:00,7504,147080060,745.3125,,48.815346
2026-02-06T13:35:04+00:00,7495,147080750,745.1875,,49.67633
2026-02-06T13:40:04+00:00,4228,147081340,745.375,,49.709137
2026-02-06T13:45:04+00:00,8665,147081900,745.875,,49.709137
2026-02-06T13:50:04+00:00,6541,147082500,745.9375,,49.57778
2026-02-06T13:55:04+00:00,9666,147083170,745.625,,49.80741
2026-02-06T14:00:04+00:00,7704,147083870,745.875,,50.121788
2026-02-06T14:05:04+00:00,7676,147084510,745.875,,50.04332
2026-02-06T14:10:04+00:00,6344,147085100,745.4375,,49.90548
2026-02-06T14:15:04+00:00,5207,147085680,745.375,,49.90548
2026-02-06T14:20:04+00:00,4153,147086060,745.25,,49.313976
2026-02-06T14:25:04+00:00,4570,147086420,745.9375,,48.51364
2026-02-06T14:30:04+00:00,6060,147086880,745.375,,48.3452
2026-02-06T14:35:04+00:00,7461,147087490,745.9375,,48.748466
2026-02-06T14:40:04+00:00,4737,147088130,745.375,,49.04869
2026-02-06T14:45:04+00:00,6709,147088640,746.0625,,48.71499
2026-02-06T14:50:04+00:00,6963,147089180,745.3125,,48.277653
2026-02-06T14:55:04+00:00,4191,147089700,745.875,,47.972527
2026-02-06T15:00:04+00:00,3413,147090020,745.375,,47.18961
2026-02-06T15:05:04+00:00,3264,147090300,745.3125,,46.452354
2026-02-06T15:10:04+00:00,3784,147090610,745.9375,,45.993965
2026-02-06T15:15:04+00:00,2597,147090850,745.875,,45.45967
2026-02-06T15:20:04+00:00,2380,147091070,745.9375,,44.72866
2026-02-06T15:25:04+00:00,2112,147091260,744.875,,44.178978
2026-02-06T15:30:04+00:00,1837,147091420,745.4375,,43.565247
2026-02-06T15:35:04+00:00,1872,147091600,745.5,,43.005043
2026-02-06T15:40:04+00:00,1938,147091740,745.4375,,42.40548
2026-02-06T15:45:04+00:00,2710,147091950,745.25,,42.24627
2026-02-06T15:50:04+00:00,2056,147092180,745.5625,,41.76502
2026-02-06T15:55:04+00:00,1821,147092340,745.3125,,40.62051
2026-02-06T16:00:04+00:00,2743,147092510,745.9375,,40.659157
2026-02-06T16:05:04+00:00,2133,147092670,745.75,,41.316315
2026-02-06T16:10:04+00:00,901,147092780,745.4375,,41.147514
2026-02-06T16:15:04+00:00,527,147092850,745.4375,,40.686737
2026-02-06T16:20:04+00:00,442,147092880,745.125,,40.12052
2026-02-06T16:25:04+00:00,381,147092930,745.9375,,39.799232
2026-02-06T16:30:04+00:00,303,147092940,745.3125,,39.459457
2026-02-06T16:35:04+00:00,264,147092980,745.875,,39.210747
2026-02-06T16:40:04+00:00,372,147093010,745.375,,39.064472
2026-02-06T16:45:04+00:00,296,147093020,745.1875,,38.95082
2026-02-06T16:50:04+00:00,467,147093060,745.9375,,38.78444
2026-02-06T16:55:04+00:00,127,147093090,745.9375,,38.526226
2026-02-06T17:00:04+00:00,62,147093100,746,,38.410873
2026-02-06T17:05:04+00:00,99,147093100,745.875,,38.26617
2026-02-06T17:10:04+00:00,57,147093100,745.8125,,38.208126
2026-02-06T17:15:04+00:00,0,147093100,359.75,,37.321335
2026-02-06T17:20:04+00:00,0,147093100,272.125,,36.331398
2026-02-06T17:25:04+00:00,0,147093100,41.75,,35.083755
2026-02-06T17:30:04+00:00,0,147093100,32.625,,34.070724
2026-02-06T17:35:04+00:00,0,147093100,25,,33.095535
2026-02-06T17:40:04+00:00,0,147093100,25,,31.804953
2026-02-06T17:45:04+00:00,0,147093100,25,,31.052351
2026-02-06T17:50:04+00:00,0,147093100,24.9375,,30.372068
2026-02-06T17:55:04+00:00,0,147093100,24.9375,,29.861465
2026-02-06T18:00:04+00:00,0,147093100,24.9375,,29.38761
2026-02-06T18:05:04+00:00,0,147093100,24.9375,,28.956673
2026-02-06T18:10:04+00:00,0,147093100,24.9375,,28.648438
2026-02-06T18:15:04+00:00,0,147093100,24.9375,,28.33679
2026-02-06T18:20:04+00:00,0,147093100,24.9375,,27.968813
2026-02-06T18:25:04+00:00,0,147093100,24.9375,,27.703032
2026-02-06T18:30:04+00:00,0,147093100,24.9375,,27.515505
2026-02-06T18:35:04+00:00,0,147093100,24.9375,,27.3673
2026-02-06T18:40:04+00:00,0,147093100,25,,27.191158
2026-02-06T18:45:04+00:00,0,147093100,24.9375,,26.890608
2026-02-06T18:50:04+00:00,0,147093100,24.875,,26.808094
2026-02-06T18:55:04+00:00,0,147093100,24.9375,,26.61465
2026-02-06T19:00:04+00:00,0,147093100,24.875,,26.336061
2026-02-06T19:05:04+00:00,0,147093100,24.875,,26.195766
2026-02-06T19:10:04+00:00,0,147093100,25,,25.99822
2026-02-06T19:14:09+00:00,0,147093100,24.875,,25.913153
2026-02-06T19:15:03+00:00,0,147093100,24.875,,25.941536
2026-02-06T19:20:03+00:00,0,147093100,24.9375,,25.685097
2026-02-06T19:25:03+00:00,0,147093100,24.875,,25.512897
2026-02-06T19:30:03+00:00,0,147093100,24.9375,,25.42642
2026-02-06T19:35:03+00:00,0,147093100,24.9375,,25.13634
2026-02-06T19:40:03+00:00,0,147093100,24.9375,,24.964384
2026-02-06T19:45:03+00:00,0,147093100,24.875,,24.773554
2026-02-06T19:50:03+00:00,0,147093100,24.875,,24.65352
2026-02-06T19:55:03+00:00,0,147093100,24.9375,,24.55707
2026-02-06T20:00:03+00:00,0,147093100,24.9375,,24.411674
2026-02-06T20:05:03+00:00,0,147093100,24.9375,,24.338655
2026-02-06T20:10:03+00:00,0,147093100,24.9375,,24.240955
2026-02-06T20:15:03+00:00,0,147093100,24.875,,24.044394
2026-02-06T20:20:03+00:00,0,147093100,24.9375,,23.945522
2026-02-06T20:25:03+00:00,0,147093100,24.9375,,23.821379
2026-02-06T20:30:03+00:00,0,147093100,24.9375,,23.646528
2026-02-06T20:35:03+00:00,0,147093100,24.9375,,23.520884
2026-02-06T20:40:03+00:00,0,147093100,24.9375,,23.394602
2026-02-06T20:45:03+00:00,0,147093100,24.9375,,23.31853
2026-02-06T20:50:03+00:00,0,147093100,24.9375,,23.165686
2026-02-06T20:55:03+00:00,0,147093100,24.9375,,23.063276
2026-02-06T21:00:03+00:00,0,147093100,24.9375,,23.037605
2026-02-06T21:05:03+00:00,0,147093100,24.9375,,22.831318
2026-02-06T21:10:03+00:00,0,147093100,24.9375,,22.701532
2026-02-06T21:15:03+00:00,0,147093100,24.9375,,22.675495
2026-02-06T21:20:03+00:00,0,147093100,24.9375,,22.488113
2026-02-06T21:25:03+00:00,0,147093100,24.9375,,22.409267
2026-02-06T21:30:03+00:00,0,147093100,24.9375,,22.330173
2026-02-06T21:35:03+00:00,0,147093100,24.9375,,22.171253
2026-02-06T21:40:03+00:00,0,147093100,24.9375,,22.144672
2026-02-06T21:45:03+00:00,0,147093100,24.9375,,22.011343
2026-02-06T21:50:03+00:00,0,147093100,24.875,,21.931017
2026-02-06T21:55:03+00:00,0,147093100,24.875,,21.79658
2026-02-06T22:00:03+00:00,0,147093100,24.9375,,21.634329
2026-02-06T22:05:03+00:00,0,147093100,24.9375,,21.498339
2026-02-06T22:10:03+00:00,0,147093100,24.9375,,21.443745
2026-02-06T22:15:03+00:00,0,147093100,24.875,,21.361639
2026-02-06T22:20:03+00:00,0,147093100,24.9375,,21.169044
2026-02-06T22:25:03+00:00,0,147093100,24.875,,21.08607
2026-02-06T22:30:03+00:00,0,147093100,24.875,,21.030607
2026-02-06T22:35:03+00:00,0,147093100,24.875,,20.807579
2026-02-06T22:40:03+00:00,0,147093100,24.875,,20.723455
2026-02-06T22:45:03+00:00,0,147093100,24.875,,20.610872
2026-02-06T22:50:03+00:00,0,147093100,24.875,,20.554398
2026-02-06T22:55:03+00:00,0,147093100,24.875,,20.412691
2026-02-06T23:00:03+00:00,0,147093100,24.875,,20.327305
2026-02-06T23:05:03+00:00,0,147093100,24.875,,20.184378
2026-02-06T23:10:03+00:00,0,147093100,24.875,,19.986294
2026-02-06T23:15:03+00:00,0,147093100,24.875,,19.939705
2026-02-06T23:20:03+00:00,0,147093100,24.875,,19.889118
2026-02-06T23:25:03+00:00,0,147093100,24.875,,19.771927
2026-02-06T23:30:03+00:00,0,147093100,24.875,,19.724873
2026-02-06T23:35:03+00:00,0,147093100,24.875,,19.60679
2026-02-06T23:40:03+00:00,0,147093100,24.875,,19.488066
2026-02-06T23:45:03+00:00,0,147093100,24.875,,19.440393
2026-02-06T23:50:03+00:00,0,147093100,24.875,,19.416517
2026-02-06T23:55:03+00:00,0,147093100,24.875,,19.272718
2026-02-07T00:00:03+00:00,0,147093100,24.875,,19.248661
2026-02-07T00:05:03+00:00,0,147093100,24.875,,19.152163
2026-02-07T00:10:03+00:00,0,147093100,24.875,,19.200464
2026-02-07T00:15:03+00:00,0,147093100,24.875,,19.127972
2026-02-07T00:20:03+00:00,0,147093100,24.875,,19.079512
2026-02-07T00:25:03+00:00,0,147093100,24.875,,19.030943
2026-02-07T00:30:03+00:00,0,147093100,24.875,,18.909054
2026-02-07T00:35:03+00:00,0,147093100,24.875,,18.761896
2026-02-07T00:40:03+00:00,0,147093100,24.875,,18.737274
2026-02-07T00:45:03+00:00,0,147093100,24.875,,18.613754
2026-02-07T00:50:03+00:00,0,147093100,24.875,,18.514446
2026-02-07T00:55:03+00:00,0,147093100,24.875,,18.48955
2026-02-07T01:00:03+00:00,0,147093100,24.875,,18.514446
2026-02-07T01:05:03+00:00,0,147093100,24.875,,18.389685
2026-02-07T01:10:03+00:00,0,147093100,24.875,,18.389685
2026-02-07T01:15:03+00:00,0,147093100,24.875,,18.314493
2026-02-07T01:20:03+00:00,0,147093100,24.875,,18.289371
2026-02-07T01:25:03+00:00,0,147093100,24.875,,18.239046
2026-02-07T01:30:03+00:00,0,147093100,24.875,,18.13806
2026-02-07T01:35:03+00:00,0,147093100,24.875,,18.163347
2026-02-07T01:40:03+00:00,0,147093100,24.875,,18.062017
2026-02-07T01:45:03+00:00,0,147093100,24.875,,18.011183
2026-02-07T01:50:03+00:00,0,147093100,24.875,,18.011183
2026-02-07T01:55:03+00:00,0,147093100,24.8125,,17.909166
2026-02-07T02:00:03+00:00,0,147093100,24.875,,17.806688
2026-02-07T02:05:03+00:00,0,147093100,24.875,,17.677937
2026-02-07T02:10:03+00:00,0,147093100,24.875,,17.626228
2026-02-07T02:15:03+00:00,0,147093100,24.8125,,17.522465
2026-02-07T02:20:03+00:00,0,147093100,24.8125,,17.439981
2026-02-07T02:25:03+00:00,0,147093100,24.8125,,17.335365
2026-02-07T02:30:03+00:00,0,147093100,24.875,,17.282879
2026-02-07T02:35:03+00:00,0,147093100,24.875,,17.20392
2026-02-07T02:40:03+00:00,0,147093100,24.8125,,17.151133
2026-02-07T02:45:03+00:00,0,147093100,24.8125,,17.045189
2026-02-07T02:50:03+00:00,0,147093100,24.8125,,16.992035
2026-02-07T02:55:03+00:00,0,147093100,24.8125,,16.992035
2026-02-07T03:00:03+00:00,0,147093100,24.875,,16.938759
2026-02-07T03:05:03+00:00,0,147093100,24.8125,,16.805027
2026-02-07T03:10:03+00:00,0,147093100,24.8125,,16.805027
2026-02-07T03:15:03+00:00,0,147093100,24.8125,,16.697481
2026-02-07T03:20:03+00:00,0,147093100,24.875,,16.643522
2026-02-07T03:25:03+00:00,0,147093100,24.8125,,16.56235
2026-02-07T03:30:03+00:00,0,147093100,24.8125,,16.453676
2026-02-07T03:35:03+00:00,0,147093100,24.8125,,16.399147
2026-02-07T03:40:03+00:00,0,147093100,24.8125,,16.262274
2026-02-07T03:45:03+00:00,0,147093100,24.8125,,16.207298
2026-02-07T03:50:03+00:00,0,147093100,24.8125,,16.179764
2026-02-07T03:55:03+00:00,0,147093100,24.875,,16.124596
2026-02-07T04:00:03+00:00,0,147093100,24.8125,,16.013866
2026-02-07T04:05:03+00:00,0,147093100,24.8125,,16.013866
2026-02-07T04:10:03+00:00,0,147093100,24.8125,,15.958309
2026-02-07T04:15:03+00:00,0,147093100,24.8125,,15.790844
2026-02-07T04:20:03+00:00,0,147093100,24.8125,,15.762817
2026-02-07T04:25:03+00:00,0,147093100,24.8125,,15.650381
2026-02-07T04:30:03+00:00,0,147093100,24.8125,,15.622189
2026-02-07T04:35:03+00:00,0,147093100,24.8125,,15.537411
2026-02-07T04:40:03+00:00,0,147093100,24.8125,,15.509083
2026-02-07T04:45:03+00:00,0,147093100,24.8125,,15.452328
2026-02-07T04:50:03+00:00,0,147093100,24.8125,,15.452328
2026-02-07T04:55:03+00:00,0,147093100,24.8125,,15.452328
2026-02-07T05:00:03+00:00,0,147093100,24.8125,,15.395437
2026-02-07T05:05:03+00:00,0,147093100,24.8125,,15.366941
2026-02-07T05:10:03+00:00,0,147093100,24.8125,,15.309849
2026-02-07T05:14:43+00:00,0,147093100,24.8125,,15.338411
2026-02-07T05:20:03+00:00,0,147093100,24.8125,,15.366941
2026-02-07T05:25:03+00:00,0,147093100,24.875,,15.252617
2026-02-07T05:30:03+00:00,0,147093100,24.8125,,15.28125
2026-02-07T05:35:03+00:00,0,147093100,24.875,,15.223949
2026-02-07T05:40:03+00:00,0,147093100,24.8125,,15.195248
2026-02-07T05:45:03+00:00,0,147093100,24.8125,,15.195248
2026-02-07T05:50:03+00:00,0,147093100,24.8125,,15.166515
2026-02-07T05:55:03+00:00,0,147093100,24.8125,,15.080101
2026-02-07T06:00:03+00:00,0,147093100,24.8125,,14.99469
2026-02-07T06:05:03+00:00,0,147093100,24.8125,,15.051228
2026-02-07T06:10:03+00:00,0,147093100,24.8125,,14.924917
2026-02-07T06:15:03+00:00,0,147093100,24.8125,,14.901604
2026-02-07T06:20:03+00:00,0,147093100,31.6875,,14.948202
2026-02-07T06:25:03+00:00,0,147093100,55.3125,,14.878262
2026-02-07T06:30:03+00:00,0,147093100,399.0625,,15.499634
2026-02-07T06:35:03+00:00,0,147093100,444.4375,,16.449137
2026-02-07T06:40:03+00:00,49,147093100,745.75,,16.63902
2026-02-07T06:45:03+00:00,111,147093100,745.375,,18.381342
2026-02-07T06:50:03+00:00,77,147093100,745.3125,,18.679716
2026-02-07T06:55:03+00:00,145,147093100,745.375,,19.834507
2026-02-07T07:00:03+00:00,265,147093120,745.3125,,20.426897
2026-02-07T07:05:03+00:00,308,147093150,745.8125,,20.896088
2026-02-07T07:10:03+00:00,461,147093180,745.3125,,21.379906
2026-02-07T07:15:03+00:00,760,147093230,745.25,,21.895237
2026-02-07T07:20:03+00:00,873,147093300,745.9375,,22.26849
2026-02-07T07:25:03+00:00,1071,147093390,745.3125,,22.688519
2026-02-07T07:30:03+00:00,1232,147093490,746.125,,23.050446
2026-02-07T07:35:03+00:00,1448,147093600,745.1875,,23.483065
2026-02-07T07:40:03+00:00,1653,147093730,745.3125,,23.908342
2026-02-07T07:45:03+00:00,1892,147093890,746.0625,,24.35084
2026-02-07T07:50:03+00:00,2105,147094060,745.3125,,24.809448
2026-02-07T07:55:03+00:00,2333,147094260,745.25,,25.267225
2026-02-07T08:00:03+00:00,2586,147094460,745.375,,25.756554
2026-02-07T08:05:03+00:00,2867,147094690,745.375,,26.350054
2026-02-07T08:10:03+00:00,3215,147094940,745.4375,,26.931774
2026-02-07T08:15:03+00:00,3465,147095230,745.4375,,27.528942
2026-02-07T08:20:03+00:00,3753,147095550,745.375,,28.219028
2026-02-07T08:25:03+00:00,3982,147095870,745.8125,,28.751556
2026-02-07T08:30:03+00:00,4165,147096220,745.5625,,29.425314
2026-02-07T08:35:03+00:00,4367,147096590,745.3125,,29.976618
2026-02-07T08:40:03+00:00,4642,147096980,745.25,,30.718872
2026-02-07T08:45:03+00:00,4791,147097380,745.875,,31.459726
2026-02-07T08:50:03+00:00,4981,147097800,745.875,,32.146587
2026-02-07T08:55:03+00:00,5101,147098240,745.4375,,32.79155
2026-02-07T09:00:03+00:00,5334,147098690,745.4375,,33.423912
2026-02-07T09:05:03+00:00,5526,147099150,745.875,,34.044037
2026-02-07T09:10:03+00:00,5791,147099630,745.375,,34.75686
2026-02-07T09:15:03+00:00,6049,147100140,745.25,,35.492073
2026-02-07T09:20:03+00:00,6245,147100670,745.3125,,36.35685
2026-02-07T09:25:03+00:00,6435,147101220,745.375,,37.08255
2026-02-07T09:30:03+00:00,6728,147101780,745.3125,,37.940918
2026-02-07T09:35:03+00:00,6801,147102370,745.8125,,38.6699
2026-02-07T09:40:03+00:00,7460,147102940,745.9375,,39.351738
2026-02-07T09:45:03+00:00,7139,147103540,745.8125,,40.025425
2026-02-07T09:50:03+00:00,7465,147104110,746,,40.62051
2026-02-07T09:55:03+00:00,7614,147104720,746.5,,41.02184
2026-02-07T10:00:03+00:00,7980,147105390,745.3125,,41.89389
2026-02-07T10:05:03+00:00,8553,147106110,745.25,,42.56409
2026-02-07T10:10:03+00:00,8528,147106820,745.375,,43.03636
2026-02-07T10:15:03+00:00,8675,147107550,745.25,,43.688725
2026-02-07T10:20:03+00:00,8886,147108300,745.3125,,44.239853
2026-02-07T10:25:03+00:00,8680,147109060,745.375,,44.663486
2026-02-07T10:30:03+00:00,9028,147109820,745.9375,,42.790394
2026-02-07T10:35:03+00:00,9312,147110610,746.0625,,42.69581
2026-02-07T10:40:03+00:00,9611,147111420,746,,42.916176
2026-02-07T10:45:03+00:00,9782,147112220,745.4375,,43.03636
2026-02-07T10:50:03+00:00,10087,147113060,745.3125,,43.565247
2026-02-07T10:55:03+00:00,6786,147113870,746.0625,,43.53948
2026-02-07T11:00:03+00:00,10075,147114640,745.1875,,43.87325
2026-02-07T11:05:03+00:00,10331,147115400,745.75,,43.66303
2026-02-07T11:10:03+00:00,10624,147116290,746.125,,44.275322
2026-02-07T11:15:03+00:00,9609,147117250,745.3125,,45.53721
2026-02-07T11:20:03+00:00,8912,147117870,745.3125,,44.361336
2026-02-07T11:25:03+00:00,10781,147118720,746.125,,45.106243
2026-02-07T11:30:03+00:00,5249,147119490,745.4375,,44.663486
2026-02-07T11:35:03+00:00,9400,147120290,745.375,,45.178333
2026-02-07T11:40:03+00:00,10690,147121070,746,,45.531246
2026-02-07T11:45:03+00:00,10297,147121920,745.375,,45.928974
2026-02-07T11:50:03+00:00,10573,147122800,745.5,,46.17666
2026-02-07T11:55:03+00:00,9656,147123630,745.375,,46.10602
2026-02-07T12:00:03+00:00,5158,147124290,745.5,,45.250317
2026-02-07T12:05:03+00:00,8185,147124980,745.25,,45.46564
2026-02-07T12:10:03+00:00,8065,147125810,745.625,,46.070663
2026-02-07T12:15:03+00:00,9190,147126580,745.25,,45.786877
2026-02-07T12:20:03+00:00,10988,147127360,749.375,,45.71567
2026-02-07T12:25:03+00:00,10843,147128300,748.375,,46.842693
2026-02-07T12:30:03+00:00,9957,147129070,745.1875,,46.458206
2026-02-07T12:35:03+00:00,10566,147129940,746.5625,,46.668304
2026-02-07T12:40:03+00:00,11029,147130750,748.5,,46.738136
2026-02-07T12:45:03+00:00,6213,147131420,745.3125,,45.822437
2026-02-07T12:50:03+00:00,11171,147132180,747.75,,46.070663
2026-02-07T12:55:03+00:00,7612,147132940,745.4375,,46.141354
2026-02-07T13:00:03+00:00,10144,147133710,746.25,,46.282433
2026-02-07T13:05:03+00:00,9800,147134420,745.375,,46.141354
2026-02-07T13:10:03+00:00,7906,147135220,745.3125,,46.528336
2026-02-07T13:15:03+00:00,7705,147135940,745.9375,,46.31177
2026-02-07T13:20:03+00:00,8609,147136700,745.9375,,46.557533
2026-02-07T13:25:03+00:00,9872,147137570,745.5625,,47.15503
2026-02-07T13:30:03+00:00,9071,147138340,744.875,,47.15503
2026-02-07T13:35:03+00:00,8606,147139120,745.25,,47.05114
2026-02-07T13:40:03+00:00,9214,147139900,745.4375,,47.016464
2026-02-07T13:45:03+00:00,8809,147140670,745.5625,,47.05114
2026-02-07T13:50:03+00:00,8637,147141420,744.9375,,46.912277
2026-02-07T13:55:03+00:00,8410,147142160,745.25,,46.94703
2026-02-07T14:00:03+00:00,8134,147142880,745.625,,46.70323
2026-02-07T14:05:03+00:00,7822,147143550,745.375,,46.528336
2026-02-07T14:10:03+00:00,8150,147144060,745.5,,45.644363
2026-02-07T14:15:03+00:00,7137,147144700,745.5,,45.644363
2026-02-07T14:20:03+00:00,9333,147145150,745.4375,,44.72866
2026-02-07T14:25:03+00:00,3673,147145800,745.375,,44.788727
2026-02-07T14:30:03+00:00,5752,147146130,745.375,,43.441406
2026-02-07T14:35:03+00:00,7481,147146800,745.5625,,44.0875
2026-02-07T14:40:03+00:00,7126,147147440,745.5,,43.965206
2026-02-07T14:45:03+00:00,2428,147147700,745.375,,42.315334
2026-02-07T14:50:03+00:00,3071,147148000,745.375,,41.506104
2026-02-07T14:55:03+00:00,4259,147148320,745.9375,,40.85736
2026-02-07T15:00:03+00:00,6723,147148860,745.5625,,41.576385
2026-02-07T15:05:03+00:00,6261,147149310,746.0625,,41.283695
2026-02-07T15:10:03+00:00,5608,147149780,746.125,,41.087456
2026-02-07T15:15:03+00:00,5106,147150240,746,,40.98899
2026-02-07T15:20:03+00:00,4683,147150660,745.3125,,40.587357
2026-02-07T15:25:03+00:00,4404,147151020,745.5625,,40.88482
2026-02-07T15:30:03+00:00,4125,147151400,745.1875,,41.76502
2026-02-07T15:35:03+00:00,3834,147151740,745.25,,41.829502
2026-02-07T15:40:03+00:00,3426,147152050,745.25,,41.53855
2026-02-07T15:45:03+00:00,2927,147152340,746,,41.15297
2026-02-07T15:50:03+00:00,2772,147152580,745.25,,40.983517
2026-02-07T15:55:03+00:00,2283,147152770,745.4375,,40.35457
2026-02-07T16:00:03+00:00,1657,147152930,745.375,,39.822388
2026-02-07T16:05:03+00:00,1606,147153090,745.25,,39.459457
2026-02-07T16:10:03+00:00,999,147153220,745.875,,39.210747
2026-02-07T16:15:03+00:00,944,147153280,745.375,,38.836815
2026-02-07T16:20:03+00:00,1116,147153360,745.4375,,38.693794
2026-02-07T16:25:03+00:00,1086,147153460,745.8125,,38.410873
2026-02-07T16:30:03+00:00,947,147153540,745.8125,,38.12089
2026-02-07T16:35:03+00:00,1223,147153630,746,,37.916527
2026-02-07T16:40:03+00:00,795,147153730,745.75,,37.740448
2026-02-07T16:45:03+00:00,567,147153800,745.875,,37.53395
2026-02-07T16:50:03+00:00,522,147153840,745.9375,,37.26675
2026-02-07T16:55:03+00:00,559,147153890,745.25,,37.08255
2026-02-07T17:00:03+00:00,461,147153920,745.3125,,36.842213
2026-02-07T17:05:03+00:00,312,147153950,745.25,,36.60032
2026-02-07T17:10:03+00:00,166,147153980,745.25,,36.295734
2026-02-07T17:15:03+00:00,46,147153980,745.75,,36.086166
2026-02-07T17:20:03+00:00,80,147153980,745.5,,35.870277
2026-02-07T17:25:03+00:00,0,147153980,411.9375,,35.08902
2026-02-07T17:30:03+00:00,0,147153980,52.875,,33.93705
2026-02-07T17:35:03+00:00,0,147153980,2.9375,,32.652428
2026-02-07T17:40:03+00:00,0,147153980,24.9375,,30.935034
2026-02-07T17:45:03+00:00,0,147153980,24.9375,,29.910873
2026-02-07T17:50:03+00:00,0,147153980,25,,29.21097
2026-02-07T17:55:03+00:00,0,147153980,25,,28.674252
2026-02-07T18:00:03+00:00,0,147153980,25,,28.179668
2026-02-07T18:05:03+00:00,0,147153980,24.9375,,27.676317
2026-02-07T18:10:03+00:00,0,147153980,24.9375,,27.191158
2026-02-07T18:15:03+00:00,0,147153980,25,,26.835625
2026-02-07T18:20:03+00:00,0,147153980,25,,26.419916
2026-02-07T18:25:03+00:00,0,147153980,24.9375,,26.153547
2026-02-07T18:30:03+00:00,0,147153980,25,,25.884743
2026-02-07T18:35:03+00:00,0,147153980,24.9375,,25.541666
2026-02-07T18:40:03+00:00,0,147153980,24.9375,,25.281733
2026-02-07T18:45:03+00:00,0,147153980,24.9375,,25.048765
2026-02-07T18:50:03+00:00,0,147153980,24.9375,,24.845291
2026-02-07T18:55:03+00:00,0,147153980,24.9375,,24.617395
2026-02-07T19:00:03+00:00,0,147153980,24.9375,,24.5087
2026-02-07T19:05:03+00:00,0,147153980,24.9375,,24.314266
2026-02-07T19:10:03+00:00,0,147153980,24.9375,,24.081367
2026-02-07T19:15:03+00:00,0,147153980,24.9375,,23.920742
2026-02-07T19:20:03+00:00,0,147153980,24.9375,,23.80893
2026-02-07T19:25:03+00:00,0,147153980,24.9375,,23.6841
2026-02-07T19:26:40+00:00,0,147153980,24.9375,,23.546064
2026-02-07T19:30:03+00:00,0,147153980,24.9375,,23.44519
2026-02-07T19:35:03+00:00,0,147153980,24.9375,,23.305826
2026-02-07T19:40:03+00:00,0,147153980,24.9375,,23.203983
2026-02-07T19:45:03+00:00,0,147153980,24.9375,,22.947561
2026-02-07T19:50:03+00:00,0,147153980,24.875,,22.76651
2026-02-07T19:55:03+00:00,0,147153980,24.875,,22.688519
2026-02-07T20:00:03+00:00,0,147153980,24.875,,22.584156
2026-02-07T20:05:03+00:00,0,147153980,24.875,,22.453102
2026-02-07T20:10:03+00:00,0,147153980,24.9375,,22.374144
2026-02-07T20:15:03+00:00,0,147153980,24.9375,,22.26849
2026-02-07T20:20:03+00:00,0,147153980,24.875,,22.082539
2026-02-07T20:25:03+00:00,0,147153980,24.9375,,21.948889
2026-02-07T20:30:03+00:00,0,147153980,24.9375,,21.868364
2026-02-07T20:35:03+00:00,0,147153980,24.875,,21.733603
2026-02-07T20:40:03+00:00,0,147153980,24.875,,21.679499
2026-02-07T20:45:03+00:00,0,147153980,24.875,,21.598133
2026-02-07T20:50:03+00:00,0,147153980,24.9375,,21.461956
2026-02-07T20:55:03+00:00,0,147153980,24.875,,21.489246
2026-02-07T21:00:03+00:00,0,147153980,24.9375,,21.325062
2026-02-07T21:05:03+00:00,0,147153980,24.8125,,21.325062
2026-02-07T21:10:03+00:00,0,147153980,24.875,,21.270103
2026-02-07T21:15:03+00:00,0,147153980,24.875,,21.187447
2026-02-07T21:20:03+00:00,0,147153980,24.875,,21.021353
2026-02-07T21:25:03+00:00,0,147153980,24.875,,21.021353
2026-02-07T21:30:03+00:00,0,147153980,24.875,,20.937906
2026-02-07T21:35:03+00:00,0,147153980,24.875,,20.826237
2026-02-07T21:40:03+00:00,0,147153980,24.875,,20.8542
2026-02-07T21:45:03+00:00,0,147153980,24.875,,20.714092
2026-02-07T21:50:03+00:00,0,147153980,24.875,,20.742174
2026-02-07T21:55:03+00:00,0,147153980,24.875,,20.573236
2026-02-07T22:00:03+00:00,0,147153980,24.875,,20.511965
2026-02-07T22:05:03+00:00,0,147153980,24.875,,20.48364
2026-02-07T22:10:03+00:00,0,147153980,24.875,,20.39848
2026-02-07T22:15:03+00:00,0,147153980,24.875,,20.313046
2026-02-07T22:20:03+00:00,0,147153980,24.875,,20.227335
2026-02-07T22:25:03+00:00,0,147153980,24.875,,20.141352
2026-02-07T22:30:03+00:00,0,147153980,24.875,,19.974657
2026-02-07T22:35:03+00:00,0,147153980,24.875,,19.92804
2026-02-07T22:40:03+00:00,0,147153980,24.875,,19.904696
2026-02-07T22:45:03+00:00,0,147153980,24.875,,19.764091
2026-02-07T22:50:03+00:00,0,147153980,24.875,,19.74057
2026-02-07T22:55:03+00:00,0,147153980,24.875,,19.71702
2026-02-07T23:00:03+00:00,0,147153980,24.875,,19.646223
2026-02-07T23:05:03+00:00,0,147153980,24.875,,19.503933
2026-02-07T23:10:03+00:00,0,147153980,24.875,,19.503933
2026-02-07T23:15:03+00:00,0,147153980,24.875,,19.432436
2026-02-07T23:20:03+00:00,0,147153980,24.875,,19.336744
2026-02-07T23:25:03+00:00,0,147153980,24.875,,19.288744
2026-02-07T23:30:03+00:00,0,147153980,24.875,,19.264702
2026-02-07T23:35:03+00:00,0,147153980,24.875,,19.192423
2026-02-07T23:40:03+00:00,0,147153980,24.875,,19.168274
2026-02-07T23:45:03+00:00,0,147153980,24.875,,19.071423
2026-02-07T23:50:03+00:00,0,147153980,24.875,,18.949759
2026-02-07T23:55:03+00:00,0,147153980,24.875,,18.876436
2026-02-08T00:00:03+00:00,0,147153980,24.8125,,18.876436
2026-02-08T00:05:03+00:00,0,147153980,24.875,,18.778296
2026-02-08T00:10:03+00:00,0,147153980,24.875,,18.679716
2026-02-08T00:15:03+00:00,0,147153980,24.875,,18.704403
2026-02-08T00:20:03+00:00,0,147153980,24.875,,18.555878
2026-02-08T00:25:03+00:00,0,147153980,24.875,,18.605495
2026-02-08T00:30:03+00:00,0,147153980,24.875,,18.531027
2026-02-08T00:35:03+00:00,0,147153980,24.875,,18.431349
2026-02-08T00:40:03+00:00,0,147153980,24.875,,18.331223
2026-02-08T00:45:03+00:00,0,147153980,24.875,,18.23065
2026-02-08T00:50:03+00:00,0,147153980,24.8125,,18.15492
2026-02-08T00:55:03+00:00,0,147153980,24.8125,,18.129622
2026-02-08T01:00:03+00:00,0,147153980,24.875,,18.002697
2026-02-08T01:05:03+00:00,0,147153980,24.8125,,17.900644
2026-02-08T01:10:03+00:00,0,147153980,24.8125,,17.849443
2026-02-08T01:15:03+00:00,0,147153980,24.875,,17.772425
2026-02-08T01:20:03+00:00,0,147153980,24.875,,17.746695
2026-02-08T01:25:03+00:00,0,147153980,24.875,,17.669325
2026-02-08T01:30:03+00:00,0,147153980,24.875,,17.643478
2026-02-08T01:35:03+00:00,0,147153980,24.8125,,17.513798
2026-02-08T01:40:03+00:00,0,147153980,24.8125,,17.43563
2026-02-08T01:45:03+00:00,0,147153980,24.8125,,17.383373
2026-02-08T01:50:03+00:00,0,147153980,24.8125,,17.225882
2026-02-08T01:55:03+00:00,0,147153980,24.875,,17.199526
2026-02-08T02:00:03+00:00,0,147153980,24.875,,17.120283
2026-02-08T02:05:03+00:00,0,147153980,24.875,,17.093807
2026-02-08T02:10:03+00:00,0,147153980,24.875,,16.934313
2026-02-08T02:15:03+00:00,0,147153980,24.8125,,16.907621
2026-02-08T02:20:03+00:00,0,147153980,24.8125,,16.880903
2026-02-08T02:25:03+00:00,0,147153980,24.8125,,16.827368
2026-02-08T02:30:03+00:00,0,147153980,24.8125,,16.800554
2026-02-08T02:35:03+00:00,0,147153980,24.8125,,16.746834
2026-02-08T02:40:03+00:00,0,147153980,24.8125,,16.63902
2026-02-08T02:45:03+00:00,0,147153980,24.8125,,16.63902
2026-02-08T02:50:03+00:00,0,147153980,24.8125,,16.55783
2026-02-08T02:55:03+00:00,0,147153980,24.8125,,16.503548
2026-02-08T03:00:03+00:00,0,147153980,24.8125,,16.530704
2026-02-08T03:05:03+00:00,0,147153980,24.8125,,16.449137
2026-02-08T03:10:03+00:00,0,147153980,24.8125,,16.449137
2026-02-08T03:15:03+00:00,0,147153980,24.8125,,16.367283
2026-02-08T03:20:03+00:00,0,147153980,24.8125,,16.3946
2026-02-08T03:25:03+00:00,0,147153980,24.8125,,16.202711
2026-02-08T03:30:03+00:00,0,147153980,24.8125,,16.230219
2026-02-08T03:35:03+00:00,0,147153980,24.8125,,16.147596
2026-02-08T03:40:03+00:00,0,147153980,24.8125,,16.115387
2026-02-08T03:45:03+00:00,0,147153980,24.8125,,15.976845
2026-02-08T03:50:03+00:00,0,147153980,24.8125,,15.976845
2026-02-08T03:55:03+00:00,0,147153980,24.8125,,15.837482
2026-02-08T04:00:03+00:00,0,147153980,24.8125,,15.865419
2026-02-08T04:05:03+00:00,0,147153980,24.8125,,15.753469
2026-02-08T04:10:03+00:00,0,147153980,24.8125,,15.725399
2026-02-08T04:15:03+00:00,0,147153980,24.8125,,15.640987
2026-02-08T04:20:03+00:00,0,147153980,24.8125,,15.640987
2026-02-08T04:25:03+00:00,0,147153980,24.8125,,15.527969
2026-02-08T04:30:03+00:00,0,147153980,24.8125,,15.527969
2026-02-08T04:35:03+00:00,0,147153980,24.8125,,15.499634
2026-02-08T04:40:03+00:00,0,147153980,24.8125,,15.385942
2026-02-08T04:45:03+00:00,0,147153980,24.8125,,15.471262
2026-02-08T04:50:03+00:00,0,147153980,24.8125,,15.414415
2026-02-08T04:55:03+00:00,0,147153980,24.8125,,15.414415
2026-02-08T05:00:03+00:00,0,147153980,24.8125,,15.385942
2026-02-08T05:05:03+00:00,0,147153980,24.8125,,15.357435
2026-02-08T05:10:03+00:00,0,147153980,24.8125,,15.357435
2026-02-08T05:15:03+00:00,0,147153980,24.8125,,15.328894
2026-02-08T05:20:03+00:00,0,147153980,24.8125,,15.243065
2026-02-08T05:25:03+00:00,0,147153980,24.8125,,15.30032
2026-02-08T05:27:14+00:00,0,147153980,24.8125,,15.271709
2026-02-08T05:30:03+00:00,0,147153980,24.8125,,15.243065
2026-02-08T05:35:03+00:00,0,147153980,24.8125,,15.185675
2026-02-08T05:40:03+00:00,0,147153980,24.8125,,15.243065
2026-02-08T05:45:03+00:00,0,147153980,24.8125,,15.128147
2026-02-08T05:50:03+00:00,0,147153980,24.8125,,15.185675
2026-02-08T05:55:03+00:00,0,147153980,24.8125,,15.214388
2026-02-08T06:00:03+00:00,0,147153980,24.8125,,15.214388
2026-02-08T06:05:03+00:00,0,147153980,24.8125,,15.128147
2026-02-08T06:10:03+00:00,0,147153980,24.8125,,15.185675
2026-02-08T06:15:03+00:00,0,147153980,24.8125,,15.214388
2026-02-08T06:20:03+00:00,0,147153980,25.625,,15.185675
2026-02-08T06:25:03+00:00,0,147153980,42.6875,,15.185675
2026-02-08T06:30:03+00:00,0,147153980,383,,15.156927
2026-02-08T06:35:03+00:00,0,147153980,689.25,,16.535229
2026-02-08T06:40:03+00:00,82,147153980,745.9375,,18.104294
2026-02-08T06:45:03+00:00,115,147154000,745.125,,19.047144
2026-02-08T06:50:03+00:00,213,147154020,745.875,,19.80324
2026-02-08T06:55:03+00:00,323,147154030,744.6875,,20.441095
2026-02-08T07:00:03+00:00,431,147154060,745.375,,21.132198
2026-02-08T07:05:03+00:00,545,147154110,745.3125,,21.543749
2026-02-08T07:10:03+00:00,674,147154160,744.8125,,22.171253
2026-02-08T07:15:03+00:00,822,147154220,745.4375,,22.531815
2026-02-08T07:20:03+00:00,973,147154300,745.4375,,23.050446
2026-02-08T07:25:03+00:00,1128,147154380,745.8125,,23.41991
2026-02-08T07:30:03+00:00,1311,147154500,745.75,,23.784014
2026-02-08T07:35:03+00:00,1508,147154610,745.1875,,24.155151
2026-02-08T07:40:03+00:00,1695,147154750,745.375,,24.593285
2026-02-08T07:45:03+00:00,1908,147154910,745.25,,24.98022
2026-02-08T07:50:03+00:00,2118,147155070,745.3125,,25.383087
2026-02-08T07:55:03+00:00,2333,147155260,745.25,,25.870525
2026-02-08T08:00:03+00:00,2542,147155470,745.25,,26.43387
2026-02-08T08:05:03+00:00,2727,147155700,745.9375,,26.945484
2026-02-08T08:10:03+00:00,3101,147155950,745.375,,27.394302
2026-02-08T08:15:03+00:00,3396,147156220,745.875,,27.995256
2026-02-08T08:20:03+00:00,3373,147156530,745.3125,,28.63552
2026-02-08T08:25:03+00:00,3838,147156850,745.875,,29.134924
2026-02-08T08:30:03+00:00,4008,147157180,745.375,,29.778917
2026-02-08T08:35:03+00:00,3974,147157520,745.9375,,30.372068
2026-02-08T08:40:03+00:00,4452,147157890,745.3125,,31.01329
2026-02-08T08:45:03+00:00,3779,147158260,745.75,,31.690279
2026-02-08T08:50:03+00:00,4722,147158620,746.0625,,32.146587
2026-02-08T08:55:03+00:00,5198,147159040,745.375,,33.012917
2026-02-08T09:00:03+00:00,5369,147159500,745.9375,,33.829704
2026-02-08T09:05:03+00:00,5587,147159970,745.9375,,34.494728
2026-02-08T09:10:03+00:00,5749,147160460,746,,35.24132
2026-02-08T09:15:03+00:00,5861,147160940,745.3125,,36.050274
2026-02-08T09:20:03+00:00,6233,147161470,745.25,,36.81206
2026-02-08T09:25:03+00:00,6429,147162020,745.3125,,37.64718
2026-02-08T09:30:03+00:00,6602,147162560,745.8125,,38.526226
2026-02-08T09:35:03+00:00,6461,147163140,745.3125,,39.206036
2026-02-08T09:40:03+00:00,6962,147163710,745.9375,,40.025425
2026-02-08T09:45:03+00:00,6999,147164320,745.875,,40.62603
2026-02-08T09:50:03+00:00,7207,147164910,745.9375,,41.38148
2026-02-08T09:55:03+00:00,7655,147165570,745.375,,42.24627
2026-02-08T10:00:03+00:00,7668,147166200,745.4375,,42.942337
2026-02-08T10:05:03+00:00,7930,147166880,745.9375,,43.72467
2026-02-08T10:10:03+00:00,7716,147167550,745.4375,,44.573074
2026-02-08T10:15:03+00:00,8340,147168260,745.5625,,43.719536
2026-02-08T10:20:03+00:00,8517,147168980,745.5625,,43.005043
2026-02-08T10:25:03+00:00,8636,147169710,745.4375,,43.441406
2026-02-08T10:30:03+00:00,8733,147170450,746.0625,,43.786213
2026-02-08T10:35:03+00:00,8892,147171200,745.25,,44.603233
2026-02-08T10:40:03+00:00,8981,147171970,744.875,,45.106243
2026-02-08T10:45:03+00:00,9010,147172740,745.9375,,45.674088
2026-02-08T10:50:03+00:00,8867,147173520,746,,46.206062
2026-02-08T10:55:03+00:00,9598,147174300,745.375,,46.668304
2026-02-08T11:00:03+00:00,8697,147175040,745.375,,46.738136
2026-02-08T11:05:03+00:00,9117,147175820,745.5625,,46.94703
2026-02-08T11:10:03+00:00,9541,147176620,745.5625,,47.120426
2026-02-08T11:15:03+00:00,8950,147177460,745.125,,47.36214
2026-02-08T11:20:03+00:00,9230,147178140,745.375,,47.05114
2026-02-08T11:25:03+00:00,9995,147178980,745.4375,,47.43098
2026-02-08T11:30:03+00:00,10064,147179820,745.5,,47.705368
2026-02-08T11:35:03+00:00,9152,147180590,745.4375,,47.602654
2026-02-08T11:40:03+00:00,10331,147181460,746,,48.31144
2026-02-08T11:45:03+00:00,9506,147182340,746,,48.681488
2026-02-08T11:50:03+00:00,8207,147182940,745.3125,,47.534058
2026-02-08T11:55:03+00:00,9624,147183760,745.3125,,48.08011
2026-02-08T12:00:03+00:00,10454,147184660,744.875,,48.418262
2026-02-08T12:05:03+00:00,10195,147185470,745.5625,,48.418262
2026-02-08T12:10:03+00:00,9245,147186350,746,,48.781914
2026-02-08T12:15:03+00:00,9252,147187250,746.0625,,49.21467
2026-02-08T12:20:03+00:00,6292,147187820,745.5,,48.04616
2026-02-08T12:25:03+00:00,8412,147188640,745.375,,48.552856
2026-02-08T12:30:03+00:00,10431,147189420,745.875,,48.71499
2026-02-08T12:35:03+00:00,10587,147190320,745.9375,,49.148346
2026-02-08T12:40:03+00:00,10107,147191170,745,,49.45156
2026-02-08T12:45:03+00:00,10343,147191890,744.625,,49.187042
2026-02-08T12:50:03+00:00,10117,147192640,746.125,,49.247795
2026-02-08T12:55:03+00:00,8796,147193330,745.875,,48.98214
2026-02-08T13:00:03+00:00,8369,147194130,744.8125,,49.25331
2026-02-08T13:05:03+00:00,10256,147194960,746.0625,,49.74192
2026-02-08T13:10:03+00:00,7794,147195580,745.375,,49.08747
2026-02-08T13:15:03+00:00,10065,147196380,745.4375,,49.544888
2026-02-08T13:20:03+00:00,6472,147197200,745.375,,49.709137
2026-02-08T13:25:03+00:00,4928,147197760,745,,48.78749
2026-02-08T13:30:03+00:00,5482,147198510,746,,49.18152
2026-02-08T13:35:03+00:00,9975,147199280,745.4375,,49.517456
2026-02-08T13:40:03+00:00,8635,147199840,745.6875,,48.653557
2026-02-08T13:45:03+00:00,7630,147200450,746,,48.446335
2026-02-08T13:50:03+00:00,9962,147201180,746.0625,,48.681488
2026-02-08T13:55:03+00:00,9797,147202030,745.5,,49.64898
2026-02-08T14:00:03+00:00,9913,147202740,744.875,,49.616135
2026-02-08T14:05:03+00:00,7088,147203340,745.4375,,48.84875
2026-02-08T14:10:03+00:00,7852,147204020,745.375,,49.11515
2026-02-08T14:15:03+00:00,5200,147204660,745.5625,,48.948826
2026-02-08T14:20:03+00:00,5048,147205120,746.0625,,48.412647
2026-02-08T14:25:03+00:00,3101,147205600,745.5,,47.978195
2026-02-08T14:30:03+00:00,7396,147205970,744.75,,47.396576
2026-02-08T14:35:03+00:00,4754,147206340,745.8125,,46.69741
2026-02-08T14:40:03+00:00,3534,147206780,745.9375,,46.557533
2026-02-08T14:45:03+00:00,2531,147207040,746,,45.423847
2026-02-08T14:50:03+00:00,3958,147207300,745.8125,,44.903614
2026-02-08T14:55:03+00:00,3390,147207710,745.5,,45.10023
2026-02-08T15:00:03+00:00,3507,147207980,744.875,,44.663486
2026-02-08T15:05:03+00:00,5593,147208370,745.4375,,44.9086
2026-02-08T15:10:03+00:00,5553,147208860,745.4375,,45.322193
2026-02-08T15:15:03+00:00,2496,147209180,745.4375,,44.63337
2026-02-08T15:20:03+00:00,5066,147209490,745.5,,44.39165
2026-02-08T15:25:03+00:00,4377,147209890,745.5625,,44.69358
2026-02-08T15:30:03+00:00,3748,147210200,745.5,,44.452217
2026-02-08T15:35:03+00:00,3204,147210510,745.375,,44.331
2026-02-08T15:40:03+00:00,3288,147210800,745.25,,44.14851
2026-02-08T15:45:03+00:00,3116,147211070,745.4375,,43.903923
2026-02-08T15:50:03+00:00,2785,147211330,745.4375,,43.842552
2026-02-08T15:55:03+00:00,2563,147211570,745.625,,43.503372
2026-02-08T16:00:03+00:00,2404,147211780,745.1875,,43.19262
2026-02-08T16:05:03+00:00,1961,147211970,745.375,,42.942337
2026-02-08T16:10:03+00:00,952,147212080,745.375,,42.341866
2026-02-08T16:15:03+00:00,2104,147212240,745.3125,,41.958176
2026-02-08T16:20:03+00:00,892,147212350,746.0625,,41.479042
2026-02-08T16:25:03+00:00,1338,147212430,746.1875,,41.087456
2026-02-08T16:30:03+00:00,1470,147212540,745.875,,40.956123
2026-02-08T16:35:03+00:00,1190,147212670,745.5625,,40.785892
2026-02-08T16:40:03+00:00,763,147212750,746.0625,,40.493286
2026-02-08T16:45:03+00:00,562,147212800,745.5625,,40.053417
2026-02-08T16:50:03+00:00,332,147212850,745.4375,,41.01637
2026-02-08T16:55:03+00:00,90,147212860,745.9375,,41.64115
2026-02-08T17:00:03+00:00,48,147212860,745.5,,41.76502
2026-02-08T17:05:03+00:00,100,147212860,745.3125,,41.86171
2026-02-08T17:10:03+00:00,0,147212860,606.8125,,40.659157
2026-02-08T17:15:03+00:00,0,147212860,336.375,,40.092575
2026-02-08T17:20:03+00:00,0,147212860,65.5625,,39.206036
2026-02-08T17:25:03+00:00,0,147212860,35.1875,,38.00425
2026-02-08T17:30:03+00:00,0,147212860,6.5625,,37.142387
2026-02-08T17:35:03+00:00,0,147212860,25.0625,,35.89604
2026-02-08T17:40:03+00:00,0,147212860,25.0625,,35.02055
2026-02-08T17:45:03+00:00,0,147212860,25,,34.362835
2026-02-08T17:50:03+00:00,0,147212860,25.0625,,33.910248
2026-02-08T17:55:03+00:00,0,147212860,25,,33.369415
2026-02-08T18:00:03+00:00,0,147212860,25.0625,,32.93008
2026-02-08T18:05:03+00:00,0,147212860,25,,32.456642
2026-02-08T18:10:03+00:00,0,147212860,25,,31.9857
2026-02-08T18:15:03+00:00,0,147212860,25,,31.60401
2026-02-08T18:20:03+00:00,0,147212860,25,,31.208134
2026-02-08T18:25:03+00:00,0,147212860,25,,30.797638
2026-02-08T18:30:03+00:00,0,147212860,24.9375,,30.401936
2026-02-08T18:35:03+00:00,0,147212860,24.9375,,30.132172
2026-02-08T18:40:03+00:00,0,147212860,24.9375,,29.787184
2026-02-08T18:45:03+00:00,0,147212860,24.9375,,29.38761
2026-02-08T18:50:03+00:00,0,147212860,24.9375,,29.185644
2026-02-08T18:55:03+00:00,0,147212860,24.9375,,28.905533
2026-02-08T19:00:03+00:00,0,147212860,24.9375,,28.648438
2026-02-08T19:05:03+00:00,0,147212860,24.9375,,28.46706
2026-02-08T19:10:03+00:00,0,147212860,24.9375,,28.179668
2026-02-08T19:10:42+00:00,0,147212860,24.9375,,28.179668
2026-02-08T19:15:03+00:00,0,147212860,24.9375,,27.862797
2026-02-08T19:20:03+00:00,0,147212860,24.9375,,27.649578
2026-02-08T19:25:03+00:00,0,147212860,24.9375,,27.380804
2026-02-08T19:30:03+00:00,0,147212860,24.9375,,27.163965
2026-02-08T19:35:03+00:00,0,147212860,24.875,,26.835625
2026-02-08T19:40:03+00:00,0,147212860,24.9375,,26.670052
2026-02-08T19:45:03+00:00,0,147212860,24.9375,,26.39199
2026-02-08T19:50:03+00:00,0,147212860,24.875,,26.167627
2026-02-08T19:55:03+00:00,0,147212860,24.9375,,26.026522
2026-02-08T20:00:03+00:00,0,147212860,24.9375,,25.713701
2026-02-08T20:05:03+00:00,0,147212860,24.9375,,25.512897
2026-02-08T20:10:03+00:00,0,147212860,24.875,,25.281733
2026-02-08T20:15:03+00:00,0,147212860,24.9375,,24.988134
2026-02-08T20:20:03+00:00,0,147212860,24.875,,24.79749
2026-02-08T20:25:03+00:00,0,147212860,24.9375,,24.605341
2026-02-08T20:30:03+00:00,0,147212860,24.875,,24.460236
2026-02-08T20:35:03+00:00,0,147212860,24.9375,,24.314266
2026-02-08T20:40:03+00:00,0,147212860,24.9375,,24.167429
2026-02-08T20:45:03+00:00,0,147212860,24.9375,,24.081367
2026-02-08T20:50:03+00:00,0,147212860,24.9375,,23.83382
2026-02-08T20:55:03+00:00,0,147212860,24.9375,,23.734106
2026-02-08T21:00:03+00:00,0,147212860,24.9375,,23.583784
2026-02-08T21:05:03+00:00,0,147212860,24.9375,,23.558643
2026-02-08T21:10:03+00:00,0,147212860,24.9375,,23.38194
2026-02-08T21:15:03+00:00,0,147212860,24.9375,,23.280407
2026-02-08T21:20:03+00:00,0,147212860,24.9375,,23.254957
2026-02-08T21:25:03+00:00,0,147212860,24.9375,,23.152908
2026-02-08T21:30:03+00:00,0,147212860,24.9375,,23.050446
2026-02-08T21:35:03+00:00,0,147212860,24.9375,,22.999058
2026-02-08T21:40:03+00:00,0,147212860,24.9375,,22.973322
2026-02-08T21:45:03+00:00,0,147212860,24.9375,,22.792454
2026-02-08T21:50:03+00:00,0,147212860,24.9375,,22.818369
2026-02-08T21:55:03+00:00,0,147212860,24.9375,,22.688519
2026-02-08T22:00:03+00:00,0,147212860,24.9375,,22.610287
2026-02-08T22:05:03+00:00,0,147212860,24.9375,,22.558
2026-02-08T22:10:03+00:00,0,147212860,24.9375,,22.505604
2026-02-08T22:15:03+00:00,0,147212860,24.9375,,22.42681
2026-02-08T22:20:03+00:00,0,147212860,24.9375,,22.400492
2026-02-08T22:25:03+00:00,0,147212860,24.9375,,22.242006
2026-02-08T22:30:03+00:00,0,147212860,24.9375,,22.26849
2026-02-08T22:35:03+00:00,0,147212860,24.9375,,22.109184
2026-02-08T22:40:03+00:00,0,147212860,24.9375,,22.055864
2026-02-08T22:45:03+00:00,0,147212860,24.9375,,22.109184
2026-02-08T22:50:03+00:00,0,147212860,24.9375,,21.948889
2026-02-08T22:55:03+00:00,0,147212860,24.9375,,21.975674
2026-02-08T23:00:03+00:00,0,147212860,24.875,,21.868364
2026-02-08T23:05:03+00:00,0,147212860,24.9375,,21.787592
2026-02-08T23:10:03+00:00,0,147212860,24.875,,21.787592
2026-02-08T23:15:03+00:00,0,147212860,24.9375,,21.76061
2026-02-08T23:20:03+00:00,0,147212860,24.9375,,21.787592
2026-02-08T23:25:03+00:00,0,147212860,24.875,,21.706564
2026-02-08T23:30:03+00:00,0,147212860,24.9375,,21.625284
2026-02-08T23:35:03+00:00,0,147212860,24.9375,,21.598133
2026-02-08T23:40:03+00:00,0,147212860,24.875,,21.489246
2026-02-08T23:45:03+00:00,0,147212860,24.875,,21.489246
2026-02-08T23:50:03+00:00,0,147212860,24.8125,,21.434635
2026-02-08T23:55:03+00:00,0,147212860,24.9375,,21.489246
2026-02-09T00:00:03+00:00,0,147212860,24.875,,21.434635
2026-02-09T00:05:03+00:00,0,147212860,24.875,,21.297596
2026-02-09T00:10:03+00:00,0,147212860,24.9375,,21.352497
2026-02-09T00:15:03+00:00,0,147212860,24.875,,21.352497
2026-02-09T00:20:03+00:00,0,147212860,24.875,,21.215029
2026-02-09T00:25:03+00:00,0,147212860,24.9375,,21.159838
2026-02-09T00:30:03+00:00,0,147212860,24.9375,,21.132198
2026-02-09T00:35:03+00:00,0,147212860,24.875,,21.076834
2026-02-09T00:40:03+00:00,0,147212860,24.875,,21.049109
2026-02-09T00:45:03+00:00,0,147212860,24.875,,21.049109
2026-02-09T00:50:03+00:00,0,147212860,24.9375,,21.076834
2026-02-09T00:55:03+00:00,0,147212860,24.875,,20.965752
2026-02-09T01:00:03+00:00,0,147212860,24.9375,,20.993567
2026-02-09T01:05:03+00:00,0,147212860,24.9375,,20.965752
2026-02-09T01:10:03+00:00,0,147212860,24.9375,,20.993567
2026-02-09T01:15:03+00:00,0,147212860,24.875,,20.937906
2026-02-09T01:20:03+00:00,0,147212860,24.875,,20.910034
2026-02-09T01:25:03+00:00,0,147212860,24.875,,20.937906
2026-02-09T01:30:03+00:00,0,147212860,24.9375,,20.8542
2026-02-09T01:35:03+00:00,0,147212860,24.875,,20.8542
2026-02-09T01:40:03+00:00,0,147212860,24.875,,20.770224
2026-02-09T01:45:03+00:00,0,147212860,24.875,,20.8542
2026-02-09T01:50:03+00:00,0,147212860,24.9375,,20.826237
2026-02-09T01:55:03+00:00,0,147212860,24.875,,20.770224
2026-02-09T02:00:03+00:00,0,147212860,24.875,,20.68598
2026-02-09T02:05:03+00:00,0,147212860,24.9375,,20.742174
2026-02-09T02:10:03+00:00,0,147212860,24.875,,20.742174
2026-02-09T02:15:03+00:00,0,147212860,24.9375,,20.544977
2026-02-09T02:20:03+00:00,0,147212860,24.875,,20.511965
2026-02-09T02:25:03+00:00,0,147212860,24.9375,,20.511965
2026-02-09T02:30:03+00:00,0,147212860,24.875,,20.455284
2026-02-09T02:35:03+00:00,0,147212860,24.875,,20.455284
2026-02-09T02:40:03+00:00,0,147212860,24.875,,20.39848
2026-02-09T02:45:03+00:00,0,147212860,24.875,,20.341555
2026-02-09T02:50:03+00:00,0,147212860,24.875,,20.313046
2026-02-09T02:55:03+00:00,0,147212860,24.875,,20.227335
2026-02-09T03:00:03+00:00,0,147212860,24.875,,20.227335
2026-02-09T03:05:03+00:00,0,147212860,24.875,,20.083872
2026-02-09T03:10:03+00:00,0,147212860,24.875,,20.141352
2026-02-09T03:15:03+00:00,0,147212860,24.875,,19.95136
2026-02-09T03:20:03+00:00,0,147212860,24.875,,19.997927
2026-02-09T03:25:03+00:00,0,147212860,24.875,,19.92804
2026-02-09T03:30:03+00:00,0,147212860,24.875,,19.881325
2026-02-09T03:35:03+00:00,0,147212860,24.875,,19.811062
2026-02-09T03:40:03+00:00,0,147212860,24.875,,19.811062
2026-02-09T03:45:03+00:00,0,147212860,24.875,,19.787588
2026-02-09T03:50:03+00:00,0,147212860,24.875,,19.764091
2026-02-09T03:55:03+00:00,0,147212860,24.875,,19.646223
2026-02-09T04:00:03+00:00,0,147212860,24.875,,19.646223
2026-02-09T04:05:03+00:00,0,147212860,24.875,,19.622572
2026-02-09T04:10:03+00:00,0,147212860,24.875,,19.551464
2026-02-09T04:15:03+00:00,0,147212860,24.875,,19.551464
2026-02-09T04:20:03+00:00,0,147212860,24.875,,19.480125
2026-02-09T04:25:03+00:00,0,147212860,24.875,,19.384644
2026-02-09T04:30:03+00:00,0,147212860,24.875,,19.336744
2026-02-09T04:35:03+00:00,0,147212860,24.875,,19.264702
2026-02-09T04:40:03+00:00,0,147212860,24.875,,19.119902
2026-02-09T04:45:03+00:00,0,147212860,24.875,,19.119902
2026-02-09T04:50:03+00:00,0,147212860,24.875,,19.022839
2026-02-09T04:55:03+00:00,0,147212860,24.875,,19.047144
2026-02-09T05:00:03+00:00,0,147212860,24.875,,19.047144
2026-02-09T05:05:03+00:00,0,147212860,24.875,,19.022839
2026-02-09T05:10:03+00:00,0,147212860,24.875,,18.974144
2026-02-09T05:11:17+00:00,0,147212860,24.875,,18.998505
2026-02-09T05:15:03+00:00,0,147212860,24.875,,18.998505
2026-02-09T05:20:03+00:00,0,147212860,24.875,,18.925344
2026-02-09T05:25:03+00:00,0,147212860,24.875,,18.925344
2026-02-09T05:30:03+00:00,0,147212860,24.875,,18.876436
2026-02-09T05:35:03+00:00,0,147212860,24.875,,18.704403
2026-02-09T05:40:03+00:00,0,147212860,24.875,,18.605495
2026-02-09T05:45:03+00:00,0,147212860,24.875,,18.630264
2026-02-09T05:50:03+00:00,0,147212860,24.875,,18.481243
2026-02-09T05:55:03+00:00,0,147212860,24.875,,18.456308
2026-02-09T06:00:03+00:00,0,147212860,24.8125,,18.481243
2026-02-09T06:05:03+00:00,0,147212860,24.875,,18.356297
2026-02-09T06:10:03+00:00,0,147212860,24.875,,18.431349
2026-02-09T06:15:03+00:00,0,147212860,24.875,,18.381342
2026-02-09T06:20:03+00:00,0,147212860,25.9375,,18.406359
2026-02-09T06:25:03+00:00,0,147212860,35.5625,,18.28099
2026-02-09T06:30:03+00:00,0,147212860,50.875,,18.306122
2026-02-09T06:35:03+00:00,0,147212860,419.1875,,18.778296
2026-02-09T06:40:03+00:00,0,147212860,839.5625,,19.693447
2026-02-09T06:45:03+00:00,84,147212860,745.8125,,21.434635
2026-02-09T06:50:03+00:00,199,147212880,745.8125,,22.25525
2026-02-09T06:55:03+00:00,361,147212910,745.375,,22.973322
2026-02-09T07:00:03+00:00,309,147212930,745.8125,,23.45782
2026-02-09T07:05:03+00:00,426,147212960,745.375,,23.982647
2026-02-09T07:10:03+00:00,557,147213010,745.625,,24.532898
2026-02-09T07:15:03+00:00,683,147213060,745.875,,24.940613
2026-02-09T07:20:03+00:00,776,147213120,745.5,,25.383087
2026-02-09T07:25:03+00:00,788,147213180,745.75,,25.799343
2026-02-09T07:30:03+00:00,812,147213260,745.75,,26.167627
2026-02-09T07:35:03+00:00,889,147213330,745.8125,,26.531353
2026-02-09T07:40:03+00:00,930,147213400,745.8125,,26.91806
2026-02-09T07:45:03+00:00,977,147213490,745.8125,,27.380804
2026-02-09T07:50:03+00:00,1086,147213580,745.75,,27.729721
2026-02-09T07:55:03+00:00,1241,147213680,745.8125,,28.048067
2026-02-09T08:00:03+00:00,1571,147213800,745.6875,,28.33679
2026-02-09T08:05:03+00:00,1610,147213940,745.75,,28.751556
2026-02-09T08:10:03+00:00,1785,147214080,745.75,,29.08411
2026-02-09T08:15:03+00:00,2117,147214260,745.75,,29.46297
2026-02-09T08:20:03+00:00,2213,147214450,745.25,,29.778917
2026-02-09T08:25:03+00:00,2127,147214620,745.875,,30.192307
2026-02-09T08:30:03+00:00,2368,147214820,745.1875,,30.718872
2026-02-09T08:35:03+00:00,2843,147215040,745.375,,31.246964
2026-02-09T08:40:03+00:00,2875,147215300,744.5625,,31.680704
2026-02-09T08:45:03+00:00,3544,147215550,745.75,,32.20318
2026-02-09T08:50:03+00:00,3386,147215840,745.3125,,32.847034
2026-02-09T08:55:03+00:00,2928,147216130,745.1875,,33.177944
2026-02-09T09:00:03+00:00,3252,147216400,745.375,,33.505486
2026-02-09T09:05:03+00:00,3355,147216670,744.4375,,33.92812
2026-02-09T09:10:03+00:00,4544,147216980,745.5625,,34.415657
2026-02-09T09:15:03+00:00,3726,147217310,745.25,,34.88711
2026-02-09T09:20:03+00:00,3304,147217620,745.125,,35.20986
2026-02-09T09:25:03+00:00,3063,147217890,745.25,,35.492073
2026-02-09T09:30:03+00:00,2939,147218140,745,,35.647957
2026-02-09T09:35:03+00:00,2906,147218380,745.1875,,35.89604
2026-02-09T09:40:03+00:00,3018,147218640,745.0625,,36.111794
2026-02-09T09:45:03+00:00,3296,147218910,745.1875,,36.417866
2026-02-09T09:50:03+00:00,3644,147219200,745.375,,36.781887
2026-02-09T09:55:03+00:00,4205,147219540,745.5,,37.380795
2026-02-09T10:00:03+00:00,5052,147219920,745.375,,37.97016
2026-02-09T10:05:03+00:00,5536,147220400,745.3125,,38.92235
2026-02-09T10:10:03+00:00,4408,147220800,745.3125,,39.31889
2026-02-09T10:15:03+00:00,6268,147221220,745.25,,39.822388
2026-02-09T10:20:03+00:00,11362,147221980,748.125,,42.310024
2026-02-09T10:25:03+00:00,5532,147222620,745.3125,,43.130184
2026-02-09T10:30:03+00:00,4596,147223090,745.75,,42.978928
2026-02-09T10:35:03+00:00,4555,147223470,745.3125,,42.81663
2026-02-09T10:40:03+00:00,6277,147223970,745.8125,,43.44657
2026-02-09T10:45:03+00:00,8141,147224640,746.8125,,44.72866
2026-02-09T10:50:03+00:00,7943,147225390,745.9375,,43.87325
2026-02-09T10:55:03+00:00,6125,147225950,745.375,,43.719536
2026-02-09T11:00:03+00:00,5813,147226480,745.3125,,43.62703
2026-02-09T11:05:03+00:00,6241,147227000,745.4375,,43.903923
2026-02-09T11:10:03+00:00,5776,147227520,745.5625,,43.965206
2026-02-09T11:15:03+00:00,5938,147228030,745.5,,44.14851
2026-02-09T11:20:03+00:00,5991,147228510,745.5625,,44.27026
2026-02-09T11:25:03+00:00,5916,147229000,745.5,,44.39165
2026-02-09T11:30:03+00:00,6084,147229500,745.4375,,44.72866
2026-02-09T11:35:03+00:00,8094,147230110,745.8125,,45.28028
2026-02-09T11:40:03+00:00,8429,147230820,745.4375,,46.282433
2026-02-09T11:45:03+00:00,7046,147231420,745.3125,,46.38797
2026-02-09T11:50:03+00:00,5264,147232000,745.9375,,46.557533
2026-02-09T11:55:03+00:00,4922,147232450,745.9375,,46.241325
2026-02-09T12:00:03+00:00,4569,147232860,745.375,,46.064766
2026-02-09T12:05:03+00:00,4434,147233250,745.1875,,45.780945
2026-02-09T12:10:03+00:00,4450,147233630,745.4375,,45.60272
2026-02-09T12:15:03+00:00,4468,147234020,745.5,,45.45967
2026-02-09T12:20:03+00:00,4854,147234420,745.5,,45.45967
2026-02-09T12:25:03+00:00,5108,147234860,745.9375,,45.709732
2026-02-09T12:30:03+00:00,3879,147235250,745.4375,,45.46564
2026-02-09T12:35:03+00:00,3562,147235550,744.8125,,45.07016
2026-02-09T12:40:03+00:00,3894,147235870,745.4375,,44.878662
2026-02-09T12:45:03+00:00,4598,147236240,746.125,,44.81373
2026-02-09T12:50:03+00:00,4860,147236640,745.5,,44.938515
2026-02-09T12:55:03+00:00,4944,147237060,745.3125,,44.968407
2026-02-09T13:00:03+00:00,5501,147237500,745.9375,,45.17233
2026-02-09T13:05:03+00:00,5280,147237980,746,,45.566998
2026-02-09T13:10:03+00:00,5525,147238450,744.875,,45.857975
2026-02-09T13:15:03+00:00,5027,147238930,745.3125,,45.852055
2026-02-09T13:20:03+00:00,4568,147239310,745.9375,,45.74535
2026-02-09T13:25:03+00:00,4115,147239680,745.5625,,45.60867
2026-02-09T13:30:03+00:00,4920,147240100,745.375,,45.786877
2026-02-09T13:35:03+00:00,4232,147240510,746,,45.852055
2026-02-09T13:40:03+00:00,4357,147240880,745.3125,,45.644363
2026-02-09T13:45:03+00:00,3938,147241230,746,,45.60272
2026-02-09T13:50:03+00:00,5632,147241630,744.75,,45.71567
2026-02-09T13:55:03+00:00,4964,147242140,745.9375,,46.276558
2026-02-09T14:00:03+00:00,5390,147242600,746,,46.31177
2026-02-09T14:05:03+00:00,3896,147243070,745.875,,46.5225
2026-02-09T14:10:03+00:00,3607,147243360,745.375,,45.92306
2026-02-09T14:15:03+00:00,5958,147243780,745.8125,,46.241325
2026-02-09T14:20:03+00:00,5941,147244300,745.875,,46.871696
2026-02-09T14:25:03+00:00,5921,147244750,746,,46.80206
2026-02-09T14:30:03+00:00,5341,147245220,745.875,,47.045364
2026-02-09T14:35:03+00:00,6218,147245710,745.9375,,47.149265
2026-02-09T14:40:03+00:00,6785,147246200,745.9375,,47.045364
2026-02-09T14:45:03+00:00,5827,147246750,745.8125,,47.39084
2026-02-09T14:50:03+00:00,3970,147247200,746,,47.18385
2026-02-09T14:55:03+00:00,3798,147247500,744.875,,46.877495
2026-02-09T15:00:03+00:00,4855,147247900,745.4375,,46.871696
2026-02-09T15:05:03+00:00,5564,147248350,745.375,,46.906483
2026-02-09T15:10:03+00:00,5012,147248830,746,,46.94124
2026-02-09T15:15:03+00:00,3325,147249150,745.75,,46.417248
2026-02-09T15:20:03+00:00,2602,147249390,745.3125,,45.88757
2026-02-09T15:25:03+00:00,2380,147249620,745.5,,45.423847
2026-02-09T15:30:03+00:00,1817,147249800,745.4375,,44.968407
2026-02-09T15:35:03+00:00,2050,147249950,745.9375,,44.517727
2026-02-09T15:40:03+00:00,2000,147250130,745.875,,44.366394
2026-02-09T15:45:03+00:00,1842,147250300,745.375,,44.05696
2026-02-09T15:50:03+00:00,1730,147250450,745.5625,,43.688725
2026-02-09T15:55:03+00:00,1594,147250600,745.25,,43.19262
2026-02-09T16:00:03+00:00,1655,147250740,745.3125,,43.005043
2026-02-09T16:05:03+00:00,1317,147250860,745.5625,,42.78515
2026-02-09T16:10:03+00:00,963,147250960,745.5,,42.341866
2026-02-09T16:15:03+00:00,937,147251040,745.5,,41.92604
2026-02-09T16:20:03+00:00,841,147251120,745.375,,41.570984
2026-02-09T16:25:03+00:00,730,147251180,745.4375,,41.081993
2026-02-09T16:30:03+00:00,967,147251250,745.8125,,40.818893
2026-02-09T16:35:03+00:00,560,147251330,745.5625,,40.321213
2026-02-09T16:40:03+00:00,333,147251360,745.3125,,40.785892
2026-02-09T16:45:03+00:00,248,147251400,745.375,,41.310883
2026-02-09T16:50:03+00:00,214,147251410,745.375,,41.180237
2026-02-09T16:55:03+00:00,177,147251420,745.375,,40.950645
2026-02-09T17:00:03+00:00,81,147251420,745.3125,,40.520973
2026-02-09T17:05:03+00:00,63,147251440,745.3125,,40.18752
2026-02-09T17:10:03+00:00,61,147251440,745.0625,,39.7946
2026-02-09T17:15:03+00:00,84,147251440,743.0625,,39.571518
2026-02-09T17:20:03+00:00,0,147251440,65.1875,,37.706112
2026-02-09T17:25:03+00:00,0,147251440,31.875,,36.392456
2026-02-09T17:30:03+00:00,0,147251440,2,,35.492073
2026-02-09T17:35:03+00:00,0,147251440,1.5625,,35.178375
2026-02-09T17:40:03+00:00,0,147251440,1.5625,,35.178375
2026-02-09T19:20:03+00:00,0,147251440,0,,0
2026-02-10T05:20:04+00:00,0,147251440,0,,0
2026-02-10T06:25:04+00:00,0,147251440,36.3125,,15.734758
2026-02-10T06:30:04+00:00,0,147251440,78.0625,,15.958309
2026-02-10T06:35:04+00:00,0,147251440,327.4375,,16.453676
2026-02-10T06:40:04+00:00,0,147251440,679.5625,,17.951727
2026-02-10T06:45:04+00:00,77,147251440,745.375,,19.480125
2026-02-10T06:50:04+00:00,81,147251440,745.4375,,20.341555
2026-02-10T06:55:04+00:00,60,147251460,745.5625,,21.24258
2026-02-10T07:00:04+00:00,111,147251460,745.3125,,21.814545
2026-02-10T07:05:04+00:00,363,147251470,745.375,,22.610287
2026-02-10T07:10:04+00:00,448,147251500,745.875,,23.191225
2026-02-10T07:15:04+00:00,1011,147251570,745.25,,23.583784
2026-02-10T07:20:04+00:00,1213,147251660,745.375,,24.13058
2026-02-10T07:25:04+00:00,970,147251780,745.3125,,24.544987
2026-02-10T07:30:04+00:00,1087,147251860,745.3125,,24.857227
2026-02-10T07:35:04+00:00,1247,147251970,745.3125,,25.383087
2026-02-10T07:40:04+00:00,2577,147252100,745.1875,,25.870525
2026-02-10T07:45:04+00:00,3181,147252350,745.9375,,26.780539
2026-02-10T07:50:04+00:00,1458,147252560,745.6875,,27.380804
2026-02-10T07:55:04+00:00,1475,147252690,745.75,,27.622812
2026-02-10T08:00:04+00:00,1267,147252800,745.25,,27.876072
2026-02-10T08:05:04+00:00,1181,147252910,745.25,,28.113945
2026-02-10T08:10:04+00:00,1556,147253060,745.25,,28.441053
2026-02-10T08:15:04+00:00,2224,147253220,745.625,,28.674252
2026-02-10T08:20:04+00:00,865,147253340,745.8125,,28.828651
2026-02-10T08:25:04+00:00,904,147253420,745.9375,,28.982206
2026-02-10T08:30:04+00:00,986,147253540,745.3125,,28.943897
2026-02-10T08:35:04+00:00,1687,147253660,745.75,,29.185644
2026-02-10T08:40:04+00:00,1433,147253780,745.8125,,29.312044
2026-02-10T08:45:04+00:00,3339,147253950,746,,29.762379
2026-02-10T08:50:04+00:00,3040,147254300,745.9375,,30.787802
2026-02-10T08:55:04+00:00,2782,147254660,745.625,,31.575205
2026-02-10T09:00:04+00:00,1718,147255120,746,,32.680298
2026-02-10T09:05:04+00:00,3087,147255330,745.9375,,32.231438
2026-02-10T09:10:04+00:00,3569,147255680,746,,32.819305
2026-02-10T09:15:04+00:00,1782,147255970,745.75,,32.957714
2026-02-10T09:20:04+00:00,7277,147256510,745.3125,,34.256924
2026-02-10T09:25:04+00:00,4131,147257020,745.5,,34.861107
2026-02-10T09:30:04+00:00,2982,147257250,746,,34.230392
2026-02-10T09:35:04+00:00,5149,147257630,745.5,,34.861107
2026-02-10T09:40:04+00:00,4155,147258050,745.875,,35.215107
2026-02-10T09:45:04+00:00,2722,147258770,745.8125,,37.504356
2026-02-10T09:50:04+00:00,8964,147259300,745.3125,,38.02858
2026-02-10T09:55:04+00:00,9371,147260080,745.3125,,39.683235
2026-02-10T10:00:04+00:00,9385,147260780,745.8125,,40.62603
2026-02-10T10:05:04+00:00,8861,147261440,745.875,,41.15297
2026-02-10T10:10:04+00:00,9052,147262140,745.6875,,41.83487
2026-02-10T10:15:04+00:00,4674,147262930,745.75,,42.853333
2026-02-10T10:20:04+00:00,8846,147263660,745.375,,43.534325
2026-02-10T10:25:04+00:00,8996,147264430,745.9375,,44.123096
2026-02-10T10:30:04+00:00,9171,147265150,745.4375,,44.63337
2026-02-10T10:35:04+00:00,9352,147265950,745.8125,,43.104145
2026-02-10T10:40:04+00:00,9410,147266750,746.0625,,42.853333
2026-02-10T10:45:04+00:00,10147,147267570,745.5,,43.3172
2026-02-10T10:50:04+00:00,10419,147268340,745.25,,43.41039
2026-02-10T10:55:04+00:00,9989,147268940,745.375,,43.16141
2026-02-10T11:00:04+00:00,5643,147269680,746.0625,,43.53948
2026-02-10T11:05:04+00:00,10456,147270510,746,,44.366394
2026-02-10T11:10:04+00:00,9969,147271380,745.625,,44.998276
2026-02-10T11:15:04+00:00,3660,147271790,745.6875,,43.223793
2026-02-10T11:20:04+00:00,2797,147272540,745.5,,43.934578
2026-02-10T11:25:04+00:00,3101,147272830,745.875,,42.091797
2026-02-10T11:30:04+00:00,10376,147273440,745.3125,,43.03636
2026-02-10T11:35:04+00:00,9999,147274300,745.8125,,44.123096
2026-02-10T11:40:04+00:00,10119,147275170,745.8125,,44.84371
2026-02-10T11:45:04+00:00,10157,147276050,746.375,,45.531246
2026-02-10T11:50:04+00:00,10100,147276910,746.0625,,45.92306
2026-02-10T11:55:04+00:00,10143,147277780,745.25,,46.423103
2026-02-10T12:00:04+00:00,10093,147278640,745.875,,46.66248
2026-02-10T12:05:04+00:00,10071,147279500,746,,47.114655
2026-02-10T12:10:04+00:00,10118,147280370,746.0625,,47.252945
2026-02-10T12:15:04+00:00,8113,147281230,745.625,,47.3564
2026-02-10T12:20:04+00:00,10142,147282100,745.5,,47.67115
2026-02-10T12:25:04+00:00,10050,147282980,745.375,,47.77372
2026-02-10T12:30:04+00:00,10129,147283840,745.3125,,47.876064
2026-02-10T12:35:04+00:00,10007,147284700,745.4375,,48.04616
2026-02-10T12:40:04+00:00,10679,147285580,745.5625,,48.215656
2026-02-10T12:45:04+00:00,10880,147286530,745.3125,,48.687073
2026-02-10T12:50:04+00:00,10452,147287250,745.5625,,47.978195
2026-02-10T12:55:04+00:00,11725,147288180,745.25,,48.653557
2026-02-10T13:00:04+00:00,7725,147288960,745.4375,,48.283287
2026-02-10T13:05:04+00:00,9398,147289400,744.375,,46.633347
2026-02-10T13:10:04+00:00,10954,147290100,747.8125,,47.15503
2026-02-10T13:15:04+00:00,2471,147290720,746,,46.382114
2026-02-10T13:20:04+00:00,10464,147291340,747.5,,46.17666
2026-02-10T13:25:04+00:00,9964,147292220,745.6875,,46.563366
2026-02-10T13:30:04+00:00,8978,147292700,745.375,,45.286266
2026-02-10T13:35:04+00:00,9432,147293390,745.875,,45.495472
2026-02-10T13:40:04+00:00,9165,147294190,745.4375,,45.822437
2026-02-10T13:45:04+00:00,9264,147294960,745.25,,45.96443
2026-02-10T13:50:04+00:00,8849,147295730,745.4375,,46.2472
2026-02-10T13:55:04+00:00,8676,147296480,745.375,,46.493286
2026-02-10T14:00:04+00:00,8730,147297220,746,,46.31177
2026-02-10T14:05:04+00:00,8295,147297950,745.875,,46.346954
2026-02-10T14:10:04+00:00,8200,147298670,745.5625,,46.282433
2026-02-10T14:15:04+00:00,7701,147299340,745.4375,,45.96443
2026-02-10T14:20:04+00:00,7468,147300000,745.5,,45.250317
2026-02-10T14:25:04+00:00,7298,147300620,745.9375,,45.17233
2026-02-10T14:30:04+00:00,7029,147301250,745.375,,44.81873
2026-02-10T14:35:04+00:00,6834,147301840,745.4375,,44.542892
2026-02-10T14:40:04+00:00,6602,147302420,745.375,,44.39165
2026-02-10T14:45:04+00:00,6443,147302980,745.4375,,44.14851
2026-02-10T14:50:04+00:00,6275,147303520,745.9375,,43.66303
2026-02-10T14:55:04+00:00,6073,147304050,746.125,,43.166615
2026-02-10T15:00:04+00:00,5840,147304560,745.5,,42.722103
2026-02-10T15:05:04+00:00,5637,147305060,746.0625,,42.410774
2026-02-10T15:10:04+00:00,5337,147305520,745.625,,41.86171
2026-02-10T15:15:04+00:00,5076,147305970,745.4375,,41.34348
2026-02-10T15:20:04+00:00,4822,147306400,745.9375,,40.917744
2026-02-10T15:25:04+00:00,4510,147306800,745.5625,,40.487747
2026-02-10T15:30:04+00:00,4264,147307170,745.5,,40.18752
2026-02-10T15:35:04+00:00,4011,147307520,745.6875,,41.668106
2026-02-10T15:40:04+00:00,3757,147307860,745.1875,,41.76502
2026-02-10T15:45:04+00:00,3493,147308180,745.5,,41.53855
2026-02-10T15:50:04+00:00,3224,147308460,745.375,,41.212936
2026-02-10T15:55:04+00:00,2933,147308720,746,,40.592884
2026-02-10T16:00:04+00:00,2701,147308960,745.0625,,40.18752
2026-02-10T16:05:04+00:00,2424,147309180,745.9375,,39.60414
2026-02-10T16:10:04+00:00,2194,147309390,745.25,,39.234283
2026-02-10T16:15:04+00:00,1964,147309570,746,,38.81301
2026-02-10T16:20:04+00:00,1714,147309730,746,,38.439743
2026-02-10T16:25:04+00:00,1446,147309860,745.5,,38.086906
2026-02-10T16:30:04+00:00,1189,147309970,745.25,,37.706112
2026-02-10T16:35:04+00:00,908,147310060,745.3125,,37.291573
2026-02-10T16:40:04+00:00,722,147310130,745.4375,,36.781887
2026-02-10T16:45:04+00:00,564,147310190,745.25,,36.478783
2026-02-10T16:50:04+00:00,418,147310220,745.375,,36.173206
2026-02-10T16:55:04+00:00,315,147310260,745.8125,,35.777374
2026-02-10T17:00:04+00:00,212,147310290,745.9375,,35.403458
2026-02-10T17:05:04+00:00,122,147310300,745.3125,,35.083755
2026-02-10T17:10:04+00:00,55,147310300,745.3125,,34.809025
2026-02-10T17:15:04+00:00,16,147310300,745.375,,34.59984
2026-02-10T17:20:04+00:00,0,147310300,548.25,,34.150658
2026-02-10T17:25:04+00:00,0,147310300,284.8125,,32.70815
2026-02-10T17:30:04+00:00,0,147310300,47.75,,31.718985
2026-02-10T17:35:04+00:00,0,147310300,24.8125,,30.461588
2026-02-10T17:40:04+00:00,0,147310300,1.4375,,29.638018
2026-02-10T17:45:04+00:00,0,147310300,1.375,,29.687828
2026-02-10T17:50:04+00:00,0,147310300,1.375,,29.687828
2026-02-10T19:25:04+00:00,0,147310300,0,,0
2026-02-11T05:25:02+00:00,0,147310300,0,,0
2026-02-11T06:20:02+00:00,0,147310300,26.25,,13.196791
2026-02-11T06:25:02+00:00,0,147310300,39.25,,13.524656
2026-02-11T06:30:02+00:00,0,147310300,68.3125,,13.649347
2026-02-11T06:35:02+00:00,0,147310300,409.9375,,14.659044
2026-02-11T06:40:02+00:00,0,147310300,355.375,,15.357435
2026-02-11T06:45:02+00:00,0,147310300,712.125,,16.3946
2026-02-11T06:50:02+00:00,0,147310300,832.125,,17.461716
2026-02-11T06:55:02+00:00,72,147310300,745.3125,,18.053553
2026-02-11T07:00:02+00:00,88,147310300,744.375,,18.687948
2026-02-11T07:05:02+00:00,87,147310300,745.375,,19.336744
2026-02-11T07:10:02+00:00,177,147310320,745.4375,,19.787588
2026-02-11T07:15:02+00:00,306,147310340,745.3125,,20.341555
2026-02-11T07:20:02+00:00,372,147310370,745.25,,20.882132
2026-02-11T07:25:02+00:00,726,147310420,745.3125,,21.352497
2026-02-11T07:30:02+00:00,802,147310480,745.25,,21.814545
2026-02-11T07:35:02+00:00,1141,147310580,745.3125,,22.162397
2026-02-11T07:40:02+00:00,1313,147310690,746,,22.63639
2026-02-11T07:45:02+00:00,696,147310780,745.4375,,23.0761
2026-02-11T07:50:02+00:00,553,147310820,745.8125,,23.407259
2026-02-11T07:55:02+00:00,1330,147310900,745.375,,23.759073
2026-02-11T08:00:02+00:00,2462,147311040,745.9375,,24.27764
2026-02-11T08:05:02+00:00,2389,147311230,746.0625,,24.785524
2026-02-11T08:10:02+00:00,1948,147311410,745.3125,,25.121763
2026-02-11T08:15:02+00:00,2084,147311570,745.4375,,25.613468
2026-02-11T08:20:02+00:00,2242,147311790,745.4375,,26.209826
2026-02-11T08:25:02+00:00,2465,147312020,745.375,,26.76675
2026-02-11T08:30:02+00:00,4533,147312240,745.6875,,27.259031
2026-02-11T08:35:02+00:00,4265,147312590,745.5,,28.219028
2026-02-11T08:40:02+00:00,3245,147312910,746,,28.802979
2026-02-11T08:45:02+00:00,2484,147313230,745.3125,,29.274183
2026-02-11T08:50:02+00:00,5755,147313550,745.5625,,29.927324
2026-02-11T08:55:02+00:00,5929,147314020,745.875,,30.964401
2026-02-11T09:00:02+00:00,4028,147314460,745.9375,,31.804953
2026-02-11T09:05:02+00:00,2737,147314820,745.875,,31.919226
2026-02-11T09:10:02+00:00,2614,147315090,745.8125,,31.890694
2026-02-11T09:15:02+00:00,3968,147315420,746,,32.316074
2026-02-11T09:20:02+00:00,7130,147316000,745.375,,33.686012
2026-02-11T09:25:02+00:00,7304,147316640,745.3125,,35.146862
2026-02-11T09:30:02+00:00,2865,147317060,745.375,,35.05217
2026-02-11T09:35:02+00:00,3084,147317340,745.25,,34.75686
2026-02-11T09:40:02+00:00,2655,147317580,745.4375,,34.521034
2026-02-11T09:45:02+00:00,1572,147317760,745.1875,,33.990585
2026-02-11T09:50:02+00:00,2031,147317920,745.5,,33.802814
2026-02-11T09:55:02+00:00,11079,147318200,745.5,,34.124035
2026-02-11T10:00:02+00:00,12410,147319070,745.6875,,37.64718
2026-02-11T10:05:02+00:00,9758,147320000,745.5,,39.988663
2026-02-11T10:10:02+00:00,5922,147320940,746.125,,42.05977
2026-02-11T10:15:02+00:00,3288,147321570,745.1875,,41.79727
2026-02-11T10:20:02+00:00,7483,147321920,745.25,,40.254417
2026-02-11T10:25:02+00:00,8473,147322510,745.5625,,40.917744
2026-02-11T10:30:02+00:00,11144,147323340,745.375,,42.373684
2026-02-11T10:35:02+00:00,10976,147323890,746.0625,,41.867073
2026-02-11T10:40:02+00:00,7980,147324750,746.1875,,43.47757
2026-02-11T10:45:02+00:00,12202,147325620,745.375,,44.578102
2026-02-11T10:50:02+00:00,3311,147326110,745.875,,43.472404
2026-02-11T10:55:02+00:00,3549,147326420,745.75,,41.705826
2026-02-11T11:00:02+00:00,3178,147326770,746.625,,40.98899
2026-02-11T11:05:02+00:00,9112,147327520,745.0625,,42.9737
2026-02-11T11:10:02+00:00,11626,147328160,746.5,,43.291275
2026-02-11T11:15:02+00:00,11840,147329100,745.9375,,44.903614
2026-02-11T11:20:02+00:00,3531,147329680,745.9375,,41.054657
2026-02-11T11:25:02+00:00,10771,147330130,746.3125,,42.02771
2026-02-11T11:30:02+00:00,12233,147330880,745.1875,,43.62703
2026-02-11T11:35:02+00:00,8193,147331710,744.8125,,44.878662
2026-02-11T11:40:02+00:00,6177,147332380,746.3125,,44.72866
2026-02-11T11:45:02+00:00,9443,147333200,745.375,,43.098934
2026-02-11T11:50:02+00:00,9634,147334100,746,,43.260143
2026-02-11T11:55:02+00:00,10912,147334900,746.75,,43.260143
2026-02-11T12:00:02+00:00,10577,147335900,749.125,,44.517727
2026-02-11T12:05:02+00:00,10697,147336770,751.1875,,44.69358
2026-02-11T12:10:02+00:00,5381,147337150,745.25,,42.341866
2026-02-11T12:15:02+00:00,11749,147337620,750.25,,41.506104
2026-02-11T12:20:02+00:00,11008,147338600,751.875,,43.503372
2026-02-11T12:25:02+00:00,11501,147339330,751.4375,,43.072876
2026-02-11T12:30:02+00:00,2208,147339840,745.9375,,41.770397
2026-02-11T12:35:02+00:00,1716,147340380,746,,41.34891
2026-02-11T12:40:02+00:00,1576,147341170,745.8125,,42.37899
2026-02-11T12:45:02+00:00,10953,147341920,748.4375,,42.81663
2026-02-11T12:50:02+00:00,10731,147342850,751.125,,43.441406
2026-02-11T12:55:02+00:00,10778,147343760,750.125,,43.81695
2026-02-11T13:00:02+00:00,3443,147344560,746,,43.601303
2026-02-11T13:05:02+00:00,10768,147345470,748.875,,44.275322
2026-02-11T13:10:02+00:00,10237,147346380,749.5625,,44.663486
2026-02-11T13:15:02+00:00,4089,147347090,746.4375,,43.970306
2026-02-11T13:20:02+00:00,10532,147347870,751.0625,,44.578102
2026-02-11T13:25:02+00:00,10999,147348770,750.5,,45.10023
2026-02-11T13:30:02+00:00,12050,147349460,751.5,,44.54792
2026-02-11T13:35:02+00:00,10201,147350420,749.4375,,45.322193
2026-02-11T13:40:02+00:00,10887,147351180,750.375,,45.13629
2026-02-11T13:45:02+00:00,10291,147352100,750,,45.96443
2026-02-11T13:50:02+00:00,10372,147353000,750.75,,46.211945
2026-02-11T13:55:02+00:00,3330,147353660,745.9375,,45.17233
2026-02-11T14:00:02+00:00,10184,147353970,750.375,,43.37935
2026-02-11T14:05:02+00:00,8045,147354780,745.6875,,44.542892
2026-02-11T14:10:02+00:00,9623,147355650,745.25,,45.07016
2026-02-11T14:15:02+00:00,8233,147356400,745.9375,,44.963425
2026-02-11T14:20:02+00:00,7779,147357090,745.375,,44.663486
2026-02-11T14:25:02+00:00,7590,147357740,745.4375,,44.14851
2026-02-11T14:30:02+00:00,7256,147358370,745.25,,43.750324
2026-02-11T14:35:02+00:00,7003,147358990,745.375,,43.441406
2026-02-11T14:40:02+00:00,6842,147359580,746.125,,42.978928
2026-02-11T14:45:02+00:00,6592,147360160,746,,42.632637
2026-02-11T14:50:02+00:00,6507,147360720,745.5,,42.27816
2026-02-11T14:55:02+00:00,6349,147361280,745.625,,41.89389
2026-02-11T15:00:02+00:00,6013,147361780,745.5,,41.44113
2026-02-11T15:05:02+00:00,5821,147362290,745.5625,,41.180237
2026-02-11T15:10:02+00:00,5491,147362770,745.25,,40.520973
2026-02-11T15:15:02+00:00,5201,147363230,746,,40.053417
2026-02-11T15:20:02+00:00,4918,147363660,745.5,,41.47363
2026-02-11T15:25:02+00:00,4648,147364060,745.4375,,41.603386
2026-02-11T15:30:02+00:00,4333,147364450,745.4375,,41.376053
2026-02-11T15:35:02+00:00,4097,147364820,746.125,,40.791397
2026-02-11T15:40:02+00:00,3819,147365150,745.875,,40.293392
2026-02-11T15:45:02+00:00,3556,147365470,745.375,,40.12052
2026-02-11T15:50:02+00:00,3256,147365760,746.4375,,39.71575
2026-02-11T15:55:02+00:00,2986,147366030,745.875,,39.351738
2026-02-11T16:00:02+00:00,2750,147366270,745.375,,38.836815
2026-02-11T16:05:02+00:00,2521,147366500,745.1875,,38.37716
2026-02-11T16:10:02+00:00,2256,147366700,745.3125,,37.940918
2026-02-11T16:15:02+00:00,2016,147366900,745.3125,,37.617676
2026-02-11T16:20:02+00:00,1735,147367060,745.1875,,37.172276
2026-02-11T16:25:02+00:00,1483,147367180,745.375,,36.81206
2026-02-11T16:30:02+00:00,1200,147367310,745.375,,36.387367
2026-02-11T16:35:02+00:00,945,147367400,745.4375,,35.8032
2026-02-11T16:40:02+00:00,756,147367470,745.4375,,35.616833
2026-02-11T16:45:02+00:00,598,147367520,745.3125,,35.20986
2026-02-11T16:50:02+00:00,450,147367570,745.25,,34.88711
2026-02-11T16:55:02+00:00,337,147367600,745.3125,,34.547325
2026-02-11T17:00:02+00:00,217,147367630,745.375,,34.177258
2026-02-11T17:05:02+00:00,133,147367650,745.4375,,34.017323
2026-02-11T17:10:02+00:00,58,147367650,745.4375,,33.775898
2026-02-11T17:15:02+00:00,105,147367650,745.125,,33.695015
2026-02-11T17:20:02+00:00,83,147367650,743.75,,33.505486
2026-02-11T17:25:02+00:00,0,147367650,360.6875,,31.976213
2026-02-11T17:30:02+00:00,0,147367650,52.1875,,30.993744
2026-02-11T17:35:02+00:00,0,147367650,31.25,,29.7127
2026-02-11T17:40:02+00:00,0,147367650,1.5,,28.905533
2026-02-11T17:45:02+00:00,0,147367650,1.4375,,28.751556
2026-02-11T17:50:02+00:00,0,147367650,1.4375,,28.751556
2026-02-11T19:25:03+00:00,0,147367650,0,,0
2026-02-12T05:25:04+00:00,0,147367650,0,,0
2026-02-12T06:15:04+00:00,0,147367650,32.6875,,11.770935
2026-02-12T06:20:04+00:00,0,147367650,51.25,,12.068575
2026-02-12T06:25:04+00:00,0,147367650,443.0625,,12.958073
2026-02-12T06:30:04+00:00,0,147367650,544,,14.035072
2026-02-12T06:35:04+00:00,96,147367650,745.375,,14.854891
2026-02-12T06:40:04+00:00,93,147367660,745.4375,,16.530704
2026-02-12T06:45:04+00:00,188,147367660,744.75,,17.23027
2026-02-12T06:50:04+00:00,281,147367700,745.625,,17.9262
2026-02-12T06:55:04+00:00,395,147367710,745.5,,18.555878
2026-02-12T07:00:04+00:00,501,147367760,745.375,,19.095675
2026-02-12T07:05:04+00:00,623,147367800,745.1875,,19.646223
2026-02-12T07:10:04+00:00,765,147367870,745.375,,20.055086
2026-02-12T07:15:04+00:00,910,147367940,745.375,,20.511965
2026-02-12T07:20:04+00:00,1087,147368030,745.4375,,21.049109
2026-02-12T07:25:04+00:00,1253,147368130,745.5,,21.434635
2026-02-12T07:30:04+00:00,1476,147368240,745.1875,,21.814545
2026-02-12T07:35:04+00:00,1649,147368380,745.375,,22.242006
2026-02-12T07:40:04+00:00,1827,147368530,745.25,,22.740538
2026-02-12T07:45:04+00:00,2064,147368690,746.0625,,23.088915
2026-02-12T07:50:04+00:00,2295,147368880,745.8125,,23.62145
2026-02-12T07:55:04+00:00,2516,147369090,745.9375,,24.06905
2026-02-12T08:00:04+00:00,2798,147369310,745.3125,,24.544987
2026-02-12T08:05:04+00:00,3121,147369570,745.375,,24.952501
2026-02-12T08:10:04+00:00,3396,147369840,745.3125,,25.55604
2026-02-12T08:15:04+00:00,3679,147370140,745.8125,,26.308056
2026-02-12T08:20:04+00:00,3988,147370480,745.5,,26.931774
2026-02-12T08:25:04+00:00,4177,147370830,745.8125,,27.515505
2026-02-12T08:30:04+00:00,4356,147371200,746.0625,,28.205915
2026-02-12T08:35:04+00:00,4577,147371580,746,,28.931114
2026-02-12T08:40:04+00:00,4813,147371980,745.5,,29.55063
2026-02-12T08:45:04+00:00,5028,147372400,745.4375,,30.242336
2026-02-12T08:50:04+00:00,5208,147372850,745.25,,31.071863
2026-02-12T08:55:04+00:00,5395,147373300,745.4375,,31.824024
2026-02-12T09:00:04+00:00,5601,147373760,745.375,,32.7267
2026-02-12T09:05:04+00:00,5792,147374260,745.5,,33.44206
2026-02-12T09:10:04+00:00,6009,147374770,744.875,,34.24808
2026-02-12T09:15:04+00:00,6254,147375300,745.375,,34.88711
2026-02-12T09:20:04+00:00,6428,147375840,745.5625,,35.710133
2026-02-12T09:25:04+00:00,6634,147376400,745.9375,,36.569973
2026-02-12T09:30:04+00:00,6840,147376980,745.125,,37.380795
2026-02-12T09:35:04+00:00,7018,147377570,745.375,,38.14514
2026-02-12T09:40:04+00:00,7194,147378180,745.3125,,38.80825
2026-02-12T09:45:04+00:00,7407,147378800,745.375,,39.515533
2026-02-12T09:50:04+00:00,7612,147379460,745.3125,,40.287827
2026-02-12T09:55:04+00:00,7833,147380110,745.375,,41.114765
2026-02-12T10:00:04+00:00,8020,147380800,745.375,,42.02236
2026-02-12T10:05:04+00:00,8221,147381490,745.375,,42.78515
2026-02-12T10:10:04+00:00,8418,147382200,745.1875,,43.565247
2026-02-12T10:15:04+00:00,8580,147382930,746.4375,,44.184055
2026-02-12T10:20:04+00:00,8800,147383680,745.9375,,44.84371
2026-02-12T10:25:04+00:00,8878,147384430,745.4375,,42.81663
2026-02-12T10:30:04+00:00,9017,147385200,745.8125,,42.75889
2026-02-12T10:35:04+00:00,9142,147385970,745.3125,,43.37935
2026-02-12T10:40:04+00:00,9240,147386770,745.9375,,43.842552
2026-02-12T10:45:04+00:00,9371,147387570,746.0625,,44.092583
2026-02-12T10:50:04+00:00,9459,147388370,745.875,,44.396706
2026-02-12T10:55:04+00:00,9533,147389180,745.9375,,44.72866
2026-02-12T11:00:04+00:00,9700,147390020,745.3125,,45.1423
2026-02-12T11:05:04+00:00,9749,147390830,745.75,,45.352116
2026-02-12T11:10:04+00:00,9839,147391680,745.75,,45.674088
2026-02-12T11:15:04+00:00,9928,147392530,745.4375,,46.03528
2026-02-12T11:20:04+00:00,9908,147393380,745.8125,,46.276558
2026-02-12T11:25:04+00:00,10019,147394240,745.9375,,46.80206
2026-02-12T11:30:04+00:00,10048,147395100,745.9375,,46.975975
2026-02-12T11:35:04+00:00,10069,147395950,745.3125,,47.36214
2026-02-12T11:40:04+00:00,9986,147396820,745.8125,,47.631207
2026-02-12T11:45:04+00:00,10031,147397680,745.9375,,47.938503
2026-02-12T11:50:04+00:00,10104,147398540,746,,48.0405
2026-02-12T11:55:04+00:00,10168,147399410,745.25,,48.215656
2026-02-12T12:00:04+00:00,10130,147400290,746,,48.412647
2026-02-12T12:05:04+00:00,10113,147401150,746.0625,,48.547256
2026-02-12T12:10:04+00:00,10151,147402020,745.5,,48.71499
2026-02-12T12:15:04+00:00,10109,147402900,745.25,,49.020973
2026-02-12T12:20:04+00:00,9945,147403740,745.5625,,49.11515
2026-02-12T12:25:04+00:00,10131,147404600,745.5,,49.64898
2026-02-12T12:30:04+00:00,9968,147405460,745.375,,49.910927
2026-02-12T12:35:04+00:00,9975,147406300,744.8125,,50.20667
2026-02-12T12:40:04+00:00,9852,147407150,745.5625,,50.674507
2026-02-12T12:45:04+00:00,9758,147407980,745.4375,,50.74564
2026-02-12T12:50:04+00:00,8743,147408820,745.0625,,51.138485
2026-02-12T12:55:04+00:00,9678,147409630,745.375,,51.215446
2026-02-12T13:00:04+00:00,9734,147410460,745.5,,51.400997
2026-02-12T13:05:04+00:00,9339,147411300,745.3125,,51.5923
2026-02-12T13:10:04+00:00,9607,147412110,745.9375,,51.78295
2026-02-12T13:15:04+00:00,9634,147412940,745.4375,,51.897026
2026-02-12T13:20:04+00:00,8361,147413710,745.375,,51.897026
2026-02-12T13:25:04+00:00,9137,147414510,745.375,,51.821
2026-02-12T13:30:04+00:00,8961,147415280,745.3125,,51.5923
2026-02-12T13:35:04+00:00,8696,147416050,744.8125,,51.253887
2026-02-12T13:40:04+00:00,8776,147416800,744.9375,,50.945625
2026-02-12T13:45:04+00:00,8577,147417540,744.8125,,50.984253
2026-02-12T13:50:04+00:00,8339,147418260,746.0625,,50.900528
2026-02-12T13:55:04+00:00,8277,147418980,744.9375,,50.5968
2026-02-12T14:00:04+00:00,8127,147419680,745,,50.480045
2026-02-12T14:05:04+00:00,8028,147420370,746.125,,49.938126
2026-02-12T14:10:04+00:00,7665,147421040,745.9375,,49.479027
2026-02-12T14:15:04+00:00,7573,147421700,744.9375,,49.153877
2026-02-12T14:20:04+00:00,7305,147422340,744.6875,,49.220192
2026-02-12T14:25:04+00:00,6940,147422940,745.625,,49.081932
2026-02-12T14:30:04+00:00,6838,147423540,745.4375,,48.92105
2026-02-12T14:35:04+00:00,6564,147424110,745.4375,,48.614418
2026-02-12T14:40:04+00:00,6546,147424670,744.9375,,48.58645
2026-02-12T14:45:04+00:00,6295,147425220,745.4375,,48.243847
2026-02-12T14:50:04+00:00,5777,147425760,744.8125,,47.910133
2026-02-12T14:55:04+00:00,3950,147426240,745.4375,,47.59694
2026-02-12T15:00:04+00:00,6417,147426740,744.9375,,47.36214
2026-02-12T15:05:04+00:00,3310,147427200,745.9375,,46.83689
2026-02-12T15:10:04+00:00,2909,147427460,745.5,,45.71567
2026-02-12T15:15:04+00:00,4303,147427800,746.0625,,45.24432
2026-02-12T15:20:04+00:00,4712,147428210,746,,45.17233
2026-02-12T15:25:04+00:00,4615,147428620,745.8125,,45.28028
2026-02-12T15:30:04+00:00,3604,147429000,745.9375,,45.10023
2026-02-12T15:35:04+00:00,1638,147429200,745.25,,44.209427
2026-02-12T15:40:04+00:00,1554,147429330,744.75,,43.472404
2026-02-12T15:45:04+00:00,1502,147429470,745.9375,,42.853333
2026-02-12T15:50:04+00:00,1498,147429600,745.9375,,42.28347
2026-02-12T15:55:04+00:00,1458,147429730,745.875,,41.867073
2026-02-12T16:00:04+00:00,1268,147429840,745.4375,,41.668106
2026-02-12T16:05:04+00:00,1173,147429950,745.75,,41.218384
2026-02-12T16:10:04+00:00,1053,147430050,746.0625,,40.791397
2026-02-12T16:15:04+00:00,918,147430130,745.875,,40.426758
2026-02-12T16:20:04+00:00,872,147430200,745.875,,40.92323
2026-02-12T16:25:04+00:00,822,147430270,745.8125,,41.38148
2026-02-12T16:30:04+00:00,730,147430340,745.875,,41.34891
2026-02-12T16:35:04+00:00,498,147430400,745.8125,,41.120224
2026-02-12T16:40:04+00:00,364,147430430,745.875,,40.791397
2026-02-12T16:45:04+00:00,409,147430460,745.875,,40.526512
2026-02-12T16:50:04+00:00,445,147430500,745.375,,40.321213
2026-02-12T16:55:04+00:00,91,147430530,745.75,,40.025425
2026-02-12T17:00:04+00:00,41,147430530,745.875,,39.7436
2026-02-12T17:05:04+00:00,10,147430530,745.875,,39.632076
2026-02-12T17:10:04+00:00,116,147430530,745.75,,39.0692
2026-02-12T17:15:04+00:00,105,147430530,745.0625,,39.375183
2026-02-12T17:20:04+00:00,0,147430530,814.6875,,38.49262
2026-02-12T17:25:04+00:00,0,147430530,563.0625,,38.033447
2026-02-12T17:30:04+00:00,0,147430530,40.5,,37.351078
2026-02-12T17:35:04+00:00,0,147430530,25,,35.309395
2026-02-12T17:40:04+00:00,0,147430530,25,,33.89237
2026-02-12T17:45:04+00:00,0,147430530,25,,33.012917
2026-02-12T17:50:04+00:00,0,147430530,24.9375,,32.40049
2026-02-12T17:55:04+00:00,0,147430530,24.9375,,31.804953
2026-02-12T18:00:04+00:00,0,147430530,24.9375,,31.31481
2026-02-12T18:05:04+00:00,0,147430530,24.9375,,30.846771
2026-02-12T18:10:04+00:00,0,147430530,24.9375,,30.342175
2026-02-12T18:15:04+00:00,0,147430530,24.9375,,29.935547
2026-02-12T18:20:04+00:00,0,147430530,25,,29.563133
2026-02-12T18:25:04+00:00,0,147430530,24.9375,,29.160295
2026-02-12T18:30:04+00:00,0,147430530,24.9375,,28.854301
2026-02-12T18:35:04+00:00,0,147430530,24.875,,28.622597
2026-02-12T18:40:04+00:00,0,147430530,24.875,,28.33679
2026-02-12T18:45:04+00:00,0,147430530,24.875,,27.942347
2026-02-12T18:50:04+00:00,0,147430530,24.9375,,27.743057
2026-02-12T18:55:04+00:00,0,147430530,25,,27.3673
2026-02-12T19:00:04+00:00,0,147430530,24.9375,,27.204746
2026-02-12T19:05:04+00:00,0,147430530,24.9375,,26.876871
2026-02-12T19:10:04+00:00,0,147430530,25,,26.656212
2026-02-12T19:15:04+00:00,0,147430530,25,,26.378017
2026-02-12T19:20:04+00:00,0,147430530,24.9375,,26.040665
2026-02-12T19:25:04+00:00,0,147430530,25,,25.813593
2026-02-12T19:26:53+00:00,0,147430530,24.9375,,25.699402
2026-02-12T19:30:03+00:00,0,147430530,24.9375,,25.55604
2026-02-12T19:35:03+00:00,0,147430530,24.9375,,25.209126
2026-02-12T19:40:03+00:00,0,147430530,24.9375,,24.98022
2026-02-12T19:45:03+00:00,0,147430530,24.9375,,24.809448
2026-02-12T19:50:03+00:00,0,147430530,24.9375,,24.569147
2026-02-12T19:55:03+00:00,0,147430530,24.9375,,24.399519
2026-02-12T20:00:03+00:00,0,147430530,24.9375,,24.105986
2026-02-12T20:05:03+00:00,0,147430530,24.9375,,23.908342
2026-02-12T20:10:03+00:00,0,147430530,24.875,,23.784014
2026-02-12T20:15:03+00:00,0,147430530,24.9375,,23.45782
2026-02-12T20:20:03+00:00,0,147430530,24.9375,,23.331224
2026-02-12T20:25:03+00:00,0,147430530,24.9375,,23.101728
2026-02-12T20:30:03+00:00,0,147430530,24.9375,,23.024763
2026-02-12T20:35:03+00:00,0,147430530,24.9375,,22.792454
2026-02-12T20:40:03+00:00,0,147430530,24.9375,,22.714542
2026-02-12T20:45:03+00:00,0,147430530,24.9375,,22.558
2026-02-12T20:50:03+00:00,0,147430530,24.9375,,22.42681
2026-02-12T20:55:03+00:00,0,147430530,24.9375,,22.135803
2026-02-12T21:00:03+00:00,0,147430530,24.9375,,21.975674
2026-02-12T21:05:03+00:00,0,147430530,24.9375,,21.814545
2026-02-12T21:10:03+00:00,0,147430530,24.9375,,21.679499
2026-02-12T21:15:03+00:00,0,147430530,24.875,,21.625284
2026-02-12T21:20:03+00:00,0,147430530,24.9375,,21.407284
2026-02-12T21:25:03+00:00,0,147430530,24.875,,21.297596
2026-02-12T21:30:03+00:00,0,147430530,24.875,,21.10453
2026-02-12T21:35:03+00:00,0,147430530,24.875,,20.965752
2026-02-12T21:40:03+00:00,0,147430530,24.875,,20.798244
2026-02-12T21:45:03+00:00,0,147430530,24.875,,20.68598
2026-02-12T21:50:03+00:00,0,147430530,24.875,,20.426897
2026-02-12T21:55:03+00:00,0,147430530,24.875,,20.170044
2026-02-12T22:00:03+00:00,0,147430530,24.875,,20.112627
2026-02-12T22:05:03+00:00,0,147430530,24.875,,19.95136
2026-02-12T22:10:03+00:00,0,147430530,24.875,,19.787588
2026-02-12T22:15:03+00:00,0,147430530,24.875,,19.622572
2026-02-12T22:20:03+00:00,0,147430530,24.875,,19.480125
2026-02-12T22:25:03+00:00,0,147430530,24.875,,19.384644
2026-02-12T22:30:03+00:00,0,147430530,24.8125,,19.288744
2026-02-12T22:35:03+00:00,0,147430530,24.875,,19.095675
2026-02-12T22:40:03+00:00,0,147430530,24.875,,19.022839
2026-02-12T22:45:03+00:00,0,147430530,24.875,,18.925344
2026-02-12T22:50:03+00:00,0,147430530,24.875,,18.925344
2026-02-12T22:55:03+00:00,0,147430530,24.875,,18.778296
2026-02-12T23:00:03+00:00,0,147430530,24.875,,18.655005
2026-02-12T23:05:03+00:00,0,147430530,24.875,,18.605495
2026-02-12T23:10:03+00:00,0,147430530,24.875,,18.531027
2026-02-12T23:15:03+00:00,0,147430530,24.875,,18.406359
2026-02-12T23:20:03+00:00,0,147430530,24.8125,,18.331223
2026-02-12T23:25:03+00:00,0,147430530,24.875,,18.306122
2026-02-12T23:30:03+00:00,0,147430530,24.875,,18.129622
2026-02-12T23:35:03+00:00,0,147430530,24.875,,18.053553
2026-02-12T23:40:03+00:00,0,147430530,24.875,,18.078938
2026-02-12T23:45:03+00:00,0,147430530,24.875,,17.9262
2026-02-12T23:50:03+00:00,0,147430530,24.875,,17.951727
2026-02-12T23:55:03+00:00,0,147430530,24.875,,17.8238
2026-02-13T00:00:03+00:00,0,147430530,24.875,,17.8238
2026-02-13T00:05:03+00:00,0,147430530,24.875,,17.849443
2026-02-13T00:10:03+00:00,0,147430530,24.875,,17.8238
2026-02-13T00:15:03+00:00,0,147430530,24.875,,17.772425
2026-02-13T00:20:03+00:00,0,147430530,24.875,,17.772425
2026-02-13T00:25:03+00:00,0,147430530,24.875,,17.772425
2026-02-13T00:30:03+00:00,0,147430530,24.875,,17.695145
2026-02-13T00:35:03+00:00,0,147430530,24.875,,17.669325
2026-02-13T00:40:03+00:00,0,147430530,24.875,,17.695145
2026-02-13T00:45:03+00:00,0,147430530,24.875,,17.695145
2026-02-13T00:50:03+00:00,0,147430530,24.875,,17.591694
2026-02-13T00:55:03+00:00,0,147430530,24.875,,17.669325
2026-02-13T01:00:03+00:00,0,147430530,24.875,,17.695145
2026-02-13T01:05:03+00:00,0,147430530,24.875,,17.643478
2026-02-13T01:10:03+00:00,0,147430530,24.875,,17.669325
2026-02-13T01:15:03+00:00,0,147430530,24.875,,17.617601
2026-02-13T01:20:03+00:00,0,147430530,24.875,,17.513798
2026-02-13T01:25:03+00:00,0,147430530,24.875,,17.565758
2026-02-13T01:30:03+00:00,0,147430530,24.875,,17.48777
2026-02-13T01:35:03+00:00,0,147430530,24.875,,17.43563
2026-02-13T01:40:03+00:00,0,147430530,24.875,,17.40952
2026-02-13T01:45:03+00:00,0,147430530,24.875,,17.40952
2026-02-13T01:50:03+00:00,0,147430530,24.875,,17.40952
2026-02-13T01:55:03+00:00,0,147430530,24.875,,17.383373
2026-02-13T02:00:03+00:00,0,147430530,24.875,,17.330997
2026-02-13T02:05:03+00:00,0,147430530,24.8125,,17.40952
2026-02-13T02:10:03+00:00,0,147430530,24.875,,17.330997
2026-02-13T02:15:03+00:00,0,147430530,24.875,,17.304764
2026-02-13T02:20:03+00:00,0,147430530,24.875,,17.330997
2026-02-13T02:25:03+00:00,0,147430530,24.875,,17.225882
2026-02-13T02:30:03+00:00,0,147430530,24.875,,17.225882
2026-02-13T02:35:03+00:00,0,147430530,24.875,,17.225882
2026-02-13T02:40:03+00:00,0,147430530,24.8125,,17.225882
2026-02-13T02:45:03+00:00,0,147430530,24.875,,17.173143
2026-02-13T02:50:03+00:00,0,147430530,24.875,,17.146727
2026-02-13T02:55:03+00:00,0,147430530,24.875,,17.252207
2026-02-13T03:00:03+00:00,0,147430530,24.875,,17.199526
2026-02-13T03:05:03+00:00,0,147430530,24.875,,17.093807
2026-02-13T03:10:03+00:00,0,147430530,24.875,,17.120283
2026-02-13T03:15:03+00:00,0,147430530,24.8125,,17.146727
2026-02-13T03:20:03+00:00,0,147430530,24.8125,,17.120283
2026-02-13T03:25:03+00:00,0,147430530,24.8125,,17.0673
2026-02-13T03:30:03+00:00,0,147430530,24.875,,17.146727
2026-02-13T03:35:03+00:00,0,147430530,24.875,,17.199526
2026-02-13T03:40:03+00:00,0,147430530,24.875,,17.225882
2026-02-13T03:45:03+00:00,0,147430530,24.875,,17.173143
2026-02-13T03:50:03+00:00,0,147430530,24.875,,17.146727
2026-02-13T03:55:03+00:00,0,147430530,24.8125,,17.199526
2026-02-13T04:00:03+00:00,0,147430530,24.8125,,17.146727
2026-02-13T04:05:03+00:00,0,147430530,24.8125,,17.225882
2026-02-13T04:10:03+00:00,0,147430530,24.875,,17.120283
2026-02-13T04:15:03+00:00,0,147430530,24.8125,,17.146727
2026-02-13T04:20:03+00:00,0,147430530,24.8125,,17.093807
2026-02-13T04:25:03+00:00,0,147430530,24.8125,,17.173143
2026-02-13T04:30:03+00:00,0,147430530,24.875,,17.0673
2026-02-13T04:35:03+00:00,0,147430530,24.875,,17.146727
2026-02-13T04:40:03+00:00,0,147430530,24.8125,,17.040764
2026-02-13T04:45:03+00:00,0,147430530,24.8125,,17.0673
2026-02-13T04:50:03+00:00,0,147430530,24.8125,,17.146727
2026-02-13T04:55:03+00:00,0,147430530,24.875,,17.014198
2026-02-13T05:00:03+00:00,0,147430530,24.875,,17.120283
2026-02-13T05:05:03+00:00,0,147430530,24.8125,,17.040764
2026-02-13T05:10:03+00:00,0,147430530,24.8125,,17.014198
2026-02-13T05:15:03+00:00,0,147430530,24.875,,17.040764
2026-02-13T05:20:03+00:00,0,147430530,24.875,,17.0673
2026-02-13T05:25:03+00:00,0,147430530,24.875,,17.040764
2026-02-13T05:27:27+00:00,0,147430530,24.8125,,17.014198
2026-02-13T05:30:03+00:00,0,147430530,24.8125,,17.014198
2026-02-13T05:35:03+00:00,0,147430530,24.875,,16.934313
2026-02-13T05:40:03+00:00,0,147430530,24.875,,16.960972
2026-02-13T05:45:03+00:00,0,147430530,24.875,,16.9876
2026-02-13T05:50:03+00:00,0,147430530,24.8125,,17.0673
2026-02-13T05:55:03+00:00,0,147430530,24.875,,17.0673
2026-02-13T06:00:03+00:00,0,147430530,24.875,,16.9876
2026-02-13T06:05:03+00:00,0,147430530,24.875,,17.0673
2026-02-13T06:10:03+00:00,0,147430530,24.875,,16.9876
2026-02-13T06:15:03+00:00,0,147430530,79.25,,17.093807
2026-02-13T06:20:03+00:00,0,147430530,682,,18.053553
2026-02-13T06:25:03+00:00,0,147430530,253.875,,18.876436
2026-02-13T06:30:03+00:00,0,147430530,327.5625,,19.022839
2026-02-13T06:35:03+00:00,0,147430530,835.0625,,18.900904
2026-02-13T06:40:03+00:00,87,147430530,745.5,,19.92804
2026-02-13T06:45:03+00:00,126,147430540,745.25,,20.965752
2026-02-13T06:50:03+00:00,292,147430560,746,,21.84147
2026-02-13T06:55:03+00:00,441,147430600,746,,22.558
2026-02-13T07:00:03+00:00,564,147430620,745.4375,,23.101728
2026-02-13T07:05:03+00:00,691,147430690,745.4375,,23.6089
2026-02-13T07:10:03+00:00,868,147430750,745.4375,,24.007362
2026-02-13T07:15:03+00:00,1129,147430830,745.5,,24.496593
2026-02-13T07:20:03+00:00,1217,147430930,745.4375,,24.857227
2026-02-13T07:25:03+00:00,1373,147431040,745.375,,25.44085
2026-02-13T07:30:03+00:00,1384,147431170,745.625,,25.927347
2026-02-13T07:35:03+00:00,1384,147431280,745.5625,,26.294043
2026-02-13T07:40:03+00:00,1614,147431410,745.4375,,26.600784
2026-02-13T07:45:03+00:00,1776,147431550,745.5625,,27.068583
2026-02-13T07:50:03+00:00,2037,147431710,745.375,,27.502064
2026-02-13T07:55:03+00:00,2049,147431890,745.375,,27.9026
2026-02-13T08:00:03+00:00,2024,147432060,745.5,,28.29759
2026-02-13T08:05:03+00:00,2093,147432260,745.375,,28.71293
2026-02-13T08:10:03+00:00,2468,147432450,745.5,,29.198309
2026-02-13T08:15:03+00:00,2142,147432640,745.4375,,29.46297
2026-02-13T08:20:03+00:00,2353,147432830,745.9375,,29.787184
2026-02-13T08:25:03+00:00,2811,147433060,744.8125,,30.152227
2026-02-13T08:30:03+00:00,3673,147433310,745.4375,,30.876219
2026-02-13T08:35:03+00:00,4201,147433650,745.9375,,31.690279
2026-02-13T08:40:03+00:00,4665,147434000,745.375,,32.316074
2026-02-13T08:45:03+00:00,4406,147434370,745.375,,33.040478
2026-02-13T08:50:03+00:00,3807,147434690,745.25,,33.369415
2026-02-13T08:55:03+00:00,4470,147435040,745.375,,33.829704
2026-02-13T09:00:03+00:00,4579,147435440,745.375,,34.415657
2026-02-13T09:05:03+00:00,4710,147435820,745.4375,,34.913094
2026-02-13T09:10:03+00:00,5165,147436240,745.375,,35.58568
2026-02-13T09:15:03+00:00,5998,147436720,745.4375,,36.478783
2026-02-13T09:20:03+00:00,6457,147437280,745.5625,,37.67666
2026-02-13T09:25:03+00:00,6452,147437810,745.625,,38.40606
2026-02-13T09:30:03+00:00,5754,147438320,745.8125,,38.9271
2026-02-13T09:35:03+00:00,5039,147438770,746.125,,39.26721
2026-02-13T09:40:03+00:00,5256,147439220,745.9375,,39.436066
2026-02-13T09:45:03+00:00,5372,147439660,745.3125,,39.822388
2026-02-13T09:50:03+00:00,5255,147440110,746.125,,40.059013
2026-02-13T09:55:03+00:00,5044,147440560,745.9375,,40.460033
2026-02-13T10:00:03+00:00,4291,147440940,745.9375,,40.493286
2026-02-13T10:05:03+00:00,5759,147441340,745.8125,,40.659157
2026-02-13T10:10:03+00:00,6052,147441890,745.375,,41.70044
2026-02-13T10:15:03+00:00,9222,147442600,745.9375,,43.260143
2026-02-13T10:20:03+00:00,9137,147443380,745.5,,44.69358
2026-02-13T10:25:03+00:00,10671,147444240,745.4375,,43.81183
2026-02-13T10:30:03+00:00,7147,147445010,745.8125,,44.031494
2026-02-13T10:35:03+00:00,9498,147445740,745.5,,44.239853
2026-02-13T10:40:03+00:00,8684,147446510,746,,44.698593
2026-02-13T10:45:03+00:00,8746,147447220,745.875,,44.783722
2026-02-13T10:50:03+00:00,8494,147447950,746,,45.028027
2026-02-13T10:55:03+00:00,9722,147448690,745.375,,45.322193
2026-02-13T11:00:03+00:00,9654,147449520,746.1875,,46.10013
2026-02-13T11:05:03+00:00,9220,147450270,746.0625,,46.170776
2026-02-13T11:10:03+00:00,9686,147451100,745.4375,,46.842693
2026-02-13T11:15:03+00:00,9357,147451940,745.375,,47.36214
2026-02-13T11:20:03+00:00,8473,147452740,744.875,,47.396576
2026-02-13T11:25:03+00:00,10209,147453570,744.75,,47.876064
2026-02-13T11:30:03+00:00,10368,147454420,745.5,,48.317066
2026-02-13T11:35:03+00:00,9392,147455280,745.1875,,48.58645
2026-02-13T11:40:03+00:00,10588,147456110,745.4375,,48.653557
2026-02-13T11:45:03+00:00,10728,147457010,745,,49.054234
2026-02-13T11:50:03+00:00,10896,147457840,744.9375,,49.153877
2026-02-13T11:55:03+00:00,10135,147458670,745.0625,,49.418575
2026-02-13T12:00:03+00:00,9393,147459400,744.9375,,49.187042
2026-02-13T12:05:03+00:00,10666,147460210,745.0625,,49.517456
2026-02-13T12:10:03+00:00,9184,147460940,745.4375,,49.45156
2026-02-13T12:15:03+00:00,7450,147461620,745,,49.020973
2026-02-13T12:20:03+00:00,10157,147462290,745,,48.687073
2026-02-13T12:25:03+00:00,8519,147463040,745.0625,,48.78749
2026-02-13T12:30:03+00:00,7565,147463740,745.0625,,48.317066
2026-02-13T12:35:03+00:00,11062,147464430,745.5625,,47.944176
2026-02-13T12:40:03+00:00,7392,147465150,744.8125,,48.01219
2026-02-13T12:45:03+00:00,7544,147465840,745,,47.841972
2026-02-13T12:50:03+00:00,9090,147466430,745.5625,,47.396576
2026-02-13T12:55:03+00:00,10028,147467140,745.625,,47.499725
2026-02-13T13:00:03+00:00,6676,147467780,745.5625,,47.15503
2026-02-13T13:05:03+00:00,6838,147468450,745.625,,47.114655
2026-02-13T13:10:03+00:00,5433,147469140,745.875,,47.149265
2026-02-13T13:15:03+00:00,9712,147469940,745.4375,,47.739555
2026-02-13T13:20:03+00:00,6208,147470560,746.0625,,47.114655
2026-02-13T13:25:03+00:00,9261,147471300,746.125,,47.149265
2026-02-13T13:30:03+00:00,9253,147471940,745.625,,46.773014
2026-02-13T13:35:03+00:00,8430,147472600,745.1875,,46.633347
2026-02-13T13:40:03+00:00,6858,147473300,745.5625,,46.70323
2026-02-13T13:45:03+00:00,7017,147473920,745.5,,46.598373
2026-02-13T13:50:03+00:00,7089,147474540,745.625,,46.317635
2026-02-13T13:55:03+00:00,6042,147475120,745.5625,,45.88757
2026-02-13T14:00:03+00:00,5502,147475650,745.5,,45.46564
2026-02-13T14:05:03+00:00,4938,147476060,745.375,,44.9086
2026-02-13T14:10:03+00:00,5209,147476560,745.4375,,44.72866
2026-02-13T14:15:03+00:00,5362,147477000,745.9375,,44.244923
2026-02-13T14:20:03+00:00,4736,147477380,745.6875,,43.441406
2026-02-13T14:25:03+00:00,4492,147477760,745.875,,42.69581
2026-02-13T14:30:03+00:00,4051,147478140,746,,42.28347
2026-02-13T14:35:03+00:00,3475,147478500,746.125,,41.802643
2026-02-13T14:40:03+00:00,3244,147478850,745.875,,41.34891
2026-02-13T14:45:03+00:00,2830,147479120,745.9375,,40.725327
2026-02-13T14:50:03+00:00,3778,147479400,745.4375,,40.18752
2026-02-13T14:55:03+00:00,3211,147479730,745.375,,40.053417
2026-02-13T15:00:03+00:00,2283,147479970,745.4375,,41.212936
2026-02-13T15:05:03+00:00,3135,147480220,745.375,,41.34348
2026-02-13T15:10:03+00:00,2529,147480430,745.9375,,41.218384
2026-02-13T15:15:03+00:00,2943,147480670,745.375,,41.04919
2026-02-13T15:20:03+00:00,2036,147480900,745.375,,40.851868
2026-02-13T15:25:03+00:00,2192,147481090,745.5,,40.587357
2026-02-13T15:30:03+00:00,1821,147481250,746.125,,40.059013
2026-02-13T15:35:03+00:00,1909,147481400,745.3125,,39.7946
2026-02-13T15:40:03+00:00,1595,147481570,745.375,,39.576183
2026-02-13T15:45:03+00:00,1344,147481700,745.9375,,39.49218
2026-02-13T15:50:03+00:00,1322,147481810,745.875,,39.23899
2026-02-13T15:55:03+00:00,1317,147481920,746.125,,38.984005
2026-02-13T16:00:03+00:00,1263,147482030,745.25,,38.80825
2026-02-13T16:05:03+00:00,955,147482140,745.375,,38.63643
2026-02-13T16:10:03+00:00,1034,147482220,745.875,,38.26617
2026-02-13T16:15:03+00:00,1224,147482320,746.25,,38.12089
2026-02-13T16:20:03+00:00,716,147482420,745.375,,37.999382
2026-02-13T16:25:03+00:00,586,147482460,746,,37.799232
2026-02-13T16:30:03+00:00,753,147482530,745.875,,37.59307
2026-02-13T16:35:03+00:00,615,147482600,746.125,,37.62259
2026-02-13T16:40:03+00:00,344,147482620,745.5,,37.529022
2026-02-13T16:45:03+00:00,226,147482660,745.4375,,37.440155
2026-02-13T16:50:03+00:00,151,147482670,746,,37.236942
2026-02-13T16:55:03+00:00,130,147482670,744.9375,,37.261784
2026-02-13T17:00:03+00:00,56,147482690,745.4375,,36.992607
2026-02-13T17:05:03+00:00,84,147482690,745.375,,36.751686
2026-02-13T17:10:03+00:00,76,147482690,745.5,,36.509205
2026-02-13T17:15:03+00:00,74,147482690,744.9375,,36.203873
2026-02-13T17:20:03+00:00,44,147482690,745.1875,,35.8032
2026-02-13T17:25:03+00:00,0,147482690,43.625,,33.829704
2026-02-13T17:30:03+00:00,0,147482690,38.6875,,32.465996
2026-02-13T17:35:03+00:00,0,147482690,37.5625,,31.440441
2026-02-13T17:40:03+00:00,0,147482690,24.9375,,29.935547
2026-02-13T17:45:03+00:00,0,147482690,24.9375,,29.033205
2026-02-13T17:50:03+00:00,0,147482690,24.9375,,28.23214
2026-02-13T17:55:03+00:00,0,147482690,24.9375,,27.756386
2026-02-13T18:00:03+00:00,0,147482690,24.9375,,27.272589
2026-02-13T18:05:03+00:00,0,147482690,24.9375,,26.890608
2026-02-13T18:10:03+00:00,0,147482690,24.875,,26.586912
2026-02-13T18:15:03+00:00,0,147482690,24.9375,,26.419916
2026-02-13T18:20:03+00:00,0,147482690,24.9375,,26.237925
2026-02-13T18:25:03+00:00,0,147482690,24.9375,,26.111267
2026-02-13T18:30:03+00:00,0,147482690,24.9375,,25.827837
2026-02-13T18:35:03+00:00,0,147482690,24.9375,,25.742275
2026-02-13T18:40:03+00:00,0,147482690,24.875,,25.484098
2026-02-13T18:45:03+00:00,0,147482690,24.875,,25.223661
2026-02-13T18:50:03+00:00,0,147482690,24.875,,24.988134
2026-02-13T18:55:03+00:00,0,147482690,24.875,,24.713612
2026-02-13T19:00:03+00:00,0,147482690,24.875,,24.435968
2026-02-13T19:05:03+00:00,0,147482690,24.9375,,24.289854
2026-02-13T19:10:03+00:00,0,147482690,24.9375,,24.09368
2026-02-13T19:15:03+00:00,0,147482690,24.9375,,23.821379
2026-02-13T19:20:03+00:00,0,147482690,24.9375,,23.671581
2026-02-13T19:20:27+00:00,0,147482690,24.9375,,23.721615
2026-02-13T19:25:03+00:00,0,147482690,24.9375,,23.533478
2026-02-13T19:30:03+00:00,0,147482690,24.9375,,23.38194
2026-02-13T19:35:03+00:00,0,147482690,24.9375,,23.280407
2026-02-13T19:40:03+00:00,0,147482690,24.9375,,23.31853
2026-02-13T19:45:03+00:00,0,147482690,24.9375,,23.17846
2026-02-13T19:50:03+00:00,0,147482690,24.875,,23.12733
2026-02-13T19:55:03+00:00,0,147482690,24.9375,,23.024763
2026-02-13T20:00:03+00:00,0,147482690,24.9375,,22.973322
2026-02-13T20:05:03+00:00,0,147482690,24.9375,,22.895966
2026-02-13T20:10:03+00:00,0,147482690,24.9375,,22.844261
2026-02-13T20:15:03+00:00,0,147482690,24.9375,,22.740538
2026-02-13T20:20:03+00:00,0,147482690,24.9375,,22.688519
2026-02-13T20:25:03+00:00,0,147482690,24.9375,,22.558
2026-02-13T20:30:03+00:00,0,147482690,24.9375,,22.531815
2026-02-13T20:35:03+00:00,0,147482690,24.9375,,22.558
2026-02-13T20:40:03+00:00,0,147482690,24.9375,,22.505604
2026-02-13T20:45:03+00:00,0,147482690,24.9375,,22.453102
2026-02-13T20:50:03+00:00,0,147482690,24.9375,,22.42681
2026-02-13T20:55:03+00:00,0,147482690,24.9375,,22.479366
2026-02-13T21:00:03+00:00,0,147482690,24.875,,22.400492
2026-02-13T21:05:03+00:00,0,147482690,24.9375,,22.400492
2026-02-13T21:10:03+00:00,0,147482690,24.9375,,22.294943
2026-02-13T21:15:03+00:00,0,147482690,24.9375,,22.34777
2026-02-13T21:20:03+00:00,0,147482690,24.9375,,22.294943
2026-02-13T21:25:03+00:00,0,147482690,24.9375,,22.162397
2026-02-13T21:30:03+00:00,0,147482690,24.875,,22.109184
2026-02-13T21:35:03+00:00,0,147482690,24.9375,,22.135803
2026-02-13T21:40:03+00:00,0,147482690,24.9375,,22.082539
2026-02-13T21:45:03+00:00,0,147482690,24.9375,,22.055864
2026-02-13T21:50:03+00:00,0,147482690,24.9375,,22.002432
2026-02-13T21:55:03+00:00,0,147482690,24.9375,,22.029161
2026-02-13T22:00:03+00:00,0,147482690,24.9375,,21.975674
2026-02-13T22:05:03+00:00,0,147482690,24.9375,,21.868364
2026-02-13T22:10:03+00:00,0,147482690,24.875,,21.868364
2026-02-13T22:15:03+00:00,0,147482690,24.875,,21.868364
2026-02-13T22:20:03+00:00,0,147482690,24.9375,,21.733603
2026-02-13T22:25:03+00:00,0,147482690,24.9375,,21.814545
2026-02-13T22:30:03+00:00,0,147482690,24.875,,21.679499
2026-02-13T22:35:03+00:00,0,147482690,24.9375,,21.652407
2026-02-13T22:40:03+00:00,0,147482690,24.9375,,21.706564
2026-02-13T22:45:03+00:00,0,147482690,24.9375,,21.625284
2026-02-13T22:50:03+00:00,0,147482690,24.875,,21.652407
2026-02-13T22:55:03+00:00,0,147482690,24.9375,,21.516512
2026-02-13T23:00:03+00:00,0,147482690,24.875,,21.516512
2026-02-13T23:05:03+00:00,0,147482690,24.875,,21.434635
2026-02-13T23:10:03+00:00,0,147482690,24.875,,21.407284
2026-02-13T23:15:03+00:00,0,147482690,24.9375,,21.434635
2026-02-13T23:20:03+00:00,0,147482690,24.875,,21.352497
2026-02-13T23:25:03+00:00,0,147482690,24.9375,,21.270103
2026-02-13T23:30:03+00:00,0,147482690,24.9375,,21.132198
2026-02-13T23:35:03+00:00,0,147482690,24.875,,21.10453
2026-02-13T23:40:03+00:00,0,147482690,24.8125,,20.993567
2026-02-13T23:45:03+00:00,0,147482690,24.875,,20.910034
2026-02-13T23:50:03+00:00,0,147482690,24.9375,,20.882132
2026-02-13T23:55:03+00:00,0,147482690,24.875,,20.8542
2026-02-14T00:00:03+00:00,0,147482690,24.875,,20.742174
2026-02-14T00:05:03+00:00,0,147482690,24.875,,20.714092
2026-02-14T00:10:03+00:00,0,147482690,24.875,,20.601469
2026-02-14T00:15:03+00:00,0,147482690,24.875,,20.511965
2026-02-14T00:20:03+00:00,0,147482690,24.875,,20.455284
2026-02-14T00:25:03+00:00,0,147482690,24.875,,20.313046
2026-02-14T00:30:03+00:00,0,147482690,24.875,,20.198706
2026-02-14T00:35:03+00:00,0,147482690,24.875,,20.055086
2026-02-14T00:40:03+00:00,0,147482690,24.875,,20.055086
2026-02-14T00:45:03+00:00,0,147482690,24.875,,19.92804
2026-02-14T00:50:03+00:00,0,147482690,24.875,,19.95136
2026-02-14T00:55:03+00:00,0,147482690,24.875,,19.881325
2026-02-14T01:00:03+00:00,0,147482690,24.875,,19.881325
2026-02-14T01:05:03+00:00,0,147482690,24.875,,19.85793
2026-02-14T01:10:03+00:00,0,147482690,24.875,,19.811062
2026-02-14T01:15:03+00:00,0,147482690,24.875,,19.811062
2026-02-14T01:20:03+00:00,0,147482690,24.875,,19.693447
2026-02-14T01:25:03+00:00,0,147482690,24.875,,19.71702
2026-02-14T01:30:03+00:00,0,147482690,24.875,,19.598896
2026-02-14T01:35:03+00:00,0,147482690,24.875,,19.598896
2026-02-14T01:40:03+00:00,0,147482690,24.875,,19.480125
2026-02-14T01:45:03+00:00,0,147482690,24.875,,19.503933
2026-02-14T01:50:03+00:00,0,147482690,24.8125,,19.408552
2026-02-14T01:55:03+00:00,0,147482690,24.875,,19.31276
2026-02-14T02:00:03+00:00,0,147482690,24.875,,19.288744
2026-02-14T02:05:03+00:00,0,147482690,24.875,,19.216541
2026-02-14T02:10:03+00:00,0,147482690,24.875,,19.240635
2026-02-14T02:15:03+00:00,0,147482690,24.8125,,19.192423
2026-02-14T02:20:03+00:00,0,147482690,24.8125,,19.119902
2026-02-14T02:25:03+00:00,0,147482690,24.875,,19.022839
2026-02-14T02:30:03+00:00,0,147482690,24.875,,18.998505
2026-02-14T02:35:03+00:00,0,147482690,24.8125,,18.900904
2026-02-14T02:40:03+00:00,0,147482690,24.875,,18.949759
2026-02-14T02:45:03+00:00,0,147482690,24.8125,,18.900904
2026-02-14T02:50:03+00:00,0,147482690,24.875,,18.80287
2026-02-14T02:55:03+00:00,0,147482690,24.875,,18.778296
2026-02-14T03:00:03+00:00,0,147482690,24.875,,18.679716
2026-02-14T03:05:03+00:00,0,147482690,24.875,,18.655005
2026-02-14T03:10:03+00:00,0,147482690,24.875,,18.655005
2026-02-14T03:15:03+00:00,0,147482690,24.875,,18.605495
2026-02-14T03:20:03+00:00,0,147482690,24.875,,18.555878
2026-02-14T03:25:03+00:00,0,147482690,24.8125,,18.531027
2026-02-14T03:30:03+00:00,0,147482690,24.875,,18.50615
2026-02-14T03:35:03+00:00,0,147482690,24.875,,18.431349
2026-02-14T03:40:03+00:00,0,147482690,24.875,,18.381342
2026-02-14T03:45:03+00:00,0,147482690,24.8125,,18.431349
2026-02-14T03:50:03+00:00,0,147482690,24.8125,,18.28099
2026-02-14T03:55:03+00:00,0,147482690,24.8125,,18.306122
2026-02-14T04:00:03+00:00,0,147482690,24.875,,18.28099
2026-02-14T04:05:03+00:00,0,147482690,24.875,,18.23065
2026-02-14T04:10:03+00:00,0,147482690,24.875,,18.15492
2026-02-14T04:15:03+00:00,0,147482690,24.8125,,18.23065
2026-02-14T04:20:03+00:00,0,147482690,24.8125,,18.205435
2026-02-14T04:25:03+00:00,0,147482690,24.875,,18.104294
2026-02-14T04:30:03+00:00,0,147482690,24.875,,18.104294
2026-02-14T04:35:03+00:00,0,147482690,24.875,,18.104294
2026-02-14T04:40:03+00:00,0,147482690,24.875,,18.129622
2026-02-14T04:45:03+00:00,0,147482690,24.8125,,18.078938
2026-02-14T04:50:03+00:00,0,147482690,24.875,,18.078938
2026-02-14T04:55:03+00:00,0,147482690,24.875,,18.078938
2026-02-14T05:00:03+00:00,0,147482690,24.75,,18.002697
2026-02-14T05:05:03+00:00,0,147482690,24.8125,,18.053553
2026-02-14T05:10:03+00:00,0,147482690,24.875,,18.028141
2026-02-14T05:15:03+00:00,0,147482690,24.875,,17.9262
2026-02-14T05:20:03+00:00,0,147482690,24.875,,17.9262
2026-02-14T05:21:02+00:00,0,147482690,24.875,,17.977226
2026-02-14T05:25:04+00:00,0,147482690,24.875,,17.977226
2026-02-14T05:30:04+00:00,0,147482690,24.875,,17.849443
2026-02-14T05:35:04+00:00,0,147482690,24.875,,17.9262
2026-02-14T05:40:04+00:00,0,147482690,24.8125,,17.849443
2026-02-14T05:45:04+00:00,0,147482690,24.875,,17.87506
2026-02-14T05:50:04+00:00,0,147482690,24.875,,17.87506
2026-02-14T05:55:04+00:00,0,147482690,24.8125,,17.798126
2026-02-14T06:00:04+00:00,0,147482690,24.875,,17.849443
2026-02-14T06:05:04+00:00,0,147482690,24.875,,17.746695
2026-02-14T06:10:04+00:00,0,147482690,24.875,,17.8238
2026-02-14T06:15:04+00:00,0,147482690,24.875,,17.798126
2026-02-14T06:20:04+00:00,0,147482690,39.0625,,17.720934
2026-02-14T06:25:04+00:00,0,147482690,64,,17.746695
2026-02-14T06:30:04+00:00,0,147482690,423.5625,,18.356297
2026-02-14T06:35:04+00:00,0,147482690,418.5,,19.168274
2026-02-14T06:40:04+00:00,74,147482690,746.25,,19.95136
2026-02-14T06:45:04+00:00,96,147482690,745.4375,,21.434635
2026-02-14T06:50:04+00:00,150,147482700,745.5625,,22.002432
2026-02-14T06:55:04+00:00,256,147482720,745.375,,22.714542
2026-02-14T07:00:04+00:00,344,147482750,745.4375,,23.331224
2026-02-14T07:05:04+00:00,374,147482780,745.4375,,23.858686
2026-02-14T07:10:04+00:00,482,147482820,745.5,,24.25319
2026-02-14T07:15:04+00:00,548,147482860,745.5625,,24.689592
2026-02-14T07:20:04+00:00,721,147482910,745.5,,24.98022
2026-02-14T07:25:04+00:00,832,147482980,745.4375,,25.44085
2026-02-14T07:30:04+00:00,1008,147483060,745.625,,25.842073
2026-02-14T07:35:04+00:00,1164,147483150,745.3125,,26.294043
2026-02-14T07:40:04+00:00,1271,147483250,745.375,,26.656212
2026-02-14T07:45:04+00:00,1422,147483360,745.875,,27.163965
2026-02-14T07:50:04+00:00,1555,147483490,745.6875,,27.448233
2026-02-14T07:55:04+00:00,1673,147483630,745.375,,27.876072
2026-02-14T08:00:04+00:00,1875,147483790,745.4375,,28.349844
2026-02-14T08:05:04+00:00,2026,147483950,746.0625,,28.674252
2026-02-14T08:10:04+00:00,2272,147484140,745.875,,29.08411
2026-02-14T08:15:04+00:00,2492,147484350,745.75,,29.513096
2026-02-14T08:20:04+00:00,2606,147484560,745.1875,,29.935547
2026-02-14T08:25:04+00:00,2603,147484780,745.6875,,30.312254
2026-02-14T08:30:04+00:00,2679,147485010,745.3125,,30.728727
2026-02-14T08:35:04+00:00,2877,147485250,745.125,,31.140068
2026-02-14T08:40:04+00:00,3084,147485500,745.25,,31.632792
2026-02-14T08:45:04+00:00,3296,147485780,745.8125,,32.174896
2026-02-14T08:50:04+00:00,3502,147486080,745.875,,32.512703
2026-02-14T08:55:04+00:00,3744,147486380,745.875,,33.095535
2026-02-14T09:00:04+00:00,4006,147486720,745.375,,33.478317
2026-02-14T09:05:04+00:00,4245,147487070,745.1875,,34.017323
2026-02-14T09:10:04+00:00,4256,147487440,745.3125,,34.494728
2026-02-14T09:15:04+00:00,4576,147487800,746,,34.917427
2026-02-14T09:20:04+00:00,4752,147488220,745.3125,,35.460823
2026-02-14T09:25:04+00:00,4837,147488620,745.3125,,36.111794
2026-02-14T09:30:04+00:00,5118,147489060,745.25,,36.448334
2026-02-14T09:35:04+00:00,5230,147489500,745.875,,36.605377
2026-02-14T09:40:04+00:00,5520,147489950,745.4375,,36.781887
2026-02-14T09:45:04+00:00,5731,147490430,745.1875,,37.02261
2026-02-14T09:50:04+00:00,5753,147490910,745.0625,,37.351078
2026-02-14T09:55:04+00:00,6096,147491420,745.375,,37.617676
2026-02-14T10:00:04+00:00,6318,147491950,745.3125,,38.174225
2026-02-14T10:05:04+00:00,6491,147492480,745.375,,38.57897
2026-02-14T10:10:04+00:00,6448,147493060,746,,38.898613
2026-02-14T10:15:04+00:00,6594,147493620,745.375,,39.29071
2026-02-14T10:20:04+00:00,6785,147494190,745.25,,39.65534
2026-02-14T10:25:04+00:00,7143,147494780,745.25,,40.019825
2026-02-14T10:30:04+00:00,7242,147495400,745.1875,,40.487747
2026-02-14T10:35:04+00:00,6886,147496000,745.3125,,40.71982
2026-02-14T10:40:04+00:00,7138,147496620,745.4375,,41.04919
2026-02-14T10:45:04+00:00,7344,147497230,745.375,,41.70044
2026-02-14T10:50:04+00:00,7467,147497860,744.75,,41.958176
2026-02-14T10:55:04+00:00,6867,147498500,745.1875,,42.08646
2026-02-14T11:00:04+00:00,7770,147499120,745.5,,42.59574
2026-02-14T11:05:04+00:00,6943,147499760,745.3125,,42.84809
2026-02-14T11:10:04+00:00,7698,147500420,745.5,,43.03636
2026-02-14T11:15:04+00:00,8340,147501060,745.3125,,43.348286
2026-02-14T11:20:04+00:00,7771,147501780,746.0625,,43.81695
2026-02-14T11:25:04+00:00,8036,147502450,745.375,,43.934578
2026-02-14T11:30:04+00:00,7088,147503120,744.875,,44.27026
2026-02-14T11:35:04+00:00,8623,147503820,745.5,,44.63337
2026-02-14T11:40:04+00:00,8958,147504590,744.9375,,43.3172
2026-02-14T11:45:04+00:00,7780,147505300,745.625,,42.532417
2026-02-14T11:50:04+00:00,9068,147506020,744.9375,,42.40548
2026-02-14T11:55:04+00:00,7132,147506640,745.375,,41.958176
2026-02-14T12:00:04+00:00,7535,147507330,745.5,,42.18242
2026-02-14T12:05:04+00:00,7893,147508000,745.375,,42.150455
2026-02-14T12:10:04+00:00,7717,147508660,745.1875,,41.958176
2026-02-14T12:15:04+00:00,8702,147509310,745.5,,42.18242
2026-02-14T12:20:04+00:00,8040,147510030,745.5,,42.468994
2026-02-14T12:25:04+00:00,7568,147510720,745.1875,,42.214355
2026-02-14T12:30:04+00:00,7798,147511420,745.1875,,42.59574
2026-02-14T12:35:04+00:00,7558,147512100,745.4375,,42.59574
2026-02-14T12:40:04+00:00,8120,147512770,745.5625,,42.75364
2026-02-14T12:45:04+00:00,6796,147513420,745.4375,,42.69055
2026-02-14T12:50:04+00:00,7865,147514030,746.0625,,42.632637
2026-02-14T12:55:04+00:00,7884,147514700,745.25,,42.722103
2026-02-14T13:00:04+00:00,7804,147515360,745.4375,,42.81663
2026-02-14T13:05:04+00:00,7326,147515980,745.3125,,42.75364
2026-02-14T13:10:04+00:00,7373,147516600,745.375,,42.87953
2026-02-14T13:15:04+00:00,7322,147517230,745.4375,,42.9737
2026-02-14T13:20:04+00:00,6956,147517810,745.6875,,42.75364
2026-02-14T13:25:04+00:00,6478,147518380,745.5,,42.56409
2026-02-14T13:30:04+00:00,6147,147518940,745.8125,,42.410774
2026-02-14T13:35:04+00:00,6408,147519500,745.5625,,42.59574
2026-02-14T13:40:04+00:00,6443,147520030,745.3125,,42.310024
2026-02-14T13:45:04+00:00,6490,147520590,746.125,,42.219673
2026-02-14T13:50:04+00:00,6252,147521140,745.375,,42.18242
2026-02-14T13:55:04+00:00,6202,147521660,745.625,,41.958176
2026-02-14T14:00:04+00:00,6180,147522190,746.0625,,41.99563
2026-02-14T14:05:04+00:00,6005,147522720,745.5625,,41.86171
2026-02-14T14:10:04+00:00,5949,147523230,746,,41.44113
2026-02-14T14:15:04+00:00,5698,147523730,745.5,,41.24561
2026-02-14T14:20:04+00:00,5554,147524200,745.5,,40.851868
2026-02-14T14:25:04+00:00,5149,147524660,745.5625,,40.520973
2026-02-14T14:30:04+00:00,5135,147525090,745.375,,40.321213
2026-02-14T14:35:04+00:00,5120,147525540,745.625,,40.18752
2026-02-14T14:40:04+00:00,4979,147525970,746.25,,41.770397
2026-02-14T14:45:04+00:00,4870,147526380,745.5,,42.150455
2026-02-14T14:50:04+00:00,4478,147526780,745.4375,,42.24627
2026-02-14T14:55:04+00:00,4453,147527170,744.9375,,42.08646
2026-02-14T15:00:04+00:00,4389,147527550,745.25,,42.11847
2026-02-14T15:05:04+00:00,4111,147527900,745.375,,42.11847
2026-02-14T15:10:04+00:00,3976,147528260,745.3125,,41.99028
2026-02-14T15:15:04+00:00,3862,147528590,745.4375,,41.76502
2026-02-14T15:20:04+00:00,3720,147528910,745.4375,,41.408604
2026-02-14T15:25:04+00:00,3556,147529230,745.375,,41.376053
2026-02-14T15:30:04+00:00,3200,147529520,746,,41.01637
2026-02-14T15:35:04+00:00,2921,147529780,746,,40.493286
2026-02-14T15:40:04+00:00,2729,147530030,745.4375,,40.12052
2026-02-14T15:45:04+00:00,2427,147530240,745.5,,39.73896
2026-02-14T15:50:04+00:00,2286,147530450,745.375,,39.515533
2026-02-14T15:55:04+00:00,2081,147530640,745.4375,,39.149475
2026-02-14T16:00:04+00:00,1927,147530820,745.25,,38.77967
2026-02-14T16:05:04+00:00,1836,147530980,745.375,,38.463787
2026-02-14T16:10:04+00:00,1700,147531120,745.375,,38.319294
2026-02-14T16:15:04+00:00,1469,147531260,745.375,,37.940918
2026-02-14T16:20:04+00:00,1368,147531380,745.4375,,37.67666
2026-02-14T16:25:04+00:00,1142,147531490,745.4375,,37.351078
2026-02-14T16:30:04+00:00,978,147531580,745.25,,37.11248
2026-02-14T16:35:04+00:00,850,147531660,745.9375,,36.630642
2026-02-14T16:40:04+00:00,770,147531730,745.375,,36.387367
2026-02-14T16:45:04+00:00,586,147531790,745.3125,,36.173206
2026-02-14T16:50:04+00:00,467,147531840,745.5625,,35.74118
2026-02-14T16:55:04+00:00,391,147531870,745.375,,35.429543
2026-02-14T17:00:04+00:00,262,147531900,745.375,,35.146862
2026-02-14T17:05:04+00:00,146,147531920,745.5,,34.861107
2026-02-14T17:10:04+00:00,70,147531920,745.4375,,34.59984
2026-02-14T17:15:04+00:00,11,147531920,745.125,,34.327568
2026-02-14T17:20:04+00:00,81,147531920,744.75,,34.070724
2026-02-14T17:25:04+00:00,0,147531920,329.375,,32.735973
2026-02-14T17:30:04+00:00,0,147531920,70.3125,,31.776321
2026-02-14T17:35:04+00:00,0,147531920,34.0625,,30.401936
2026-02-14T17:40:04+00:00,0,147531920,1.9375,,29.362442
2026-02-14T19:25:03+00:00,0,147531920,0,,0
2026-02-15T05:25:02+00:00,0,147531920,0,,0
2026-02-15T06:15:02+00:00,0,147531920,35.3125,,10.790121
2026-02-15T06:20:02+00:00,0,147531920,88.5,,11.078367
2026-02-15T06:25:02+00:00,0,147531920,486.75,,12.384071
2026-02-15T06:30:02+00:00,0,147531920,832.0625,,13.491274
2026-02-15T06:35:02+00:00,101,147531940,746.0625,,14.893826
2026-02-15T06:40:02+00:00,132,147531940,745.875,,15.809509
2026-02-15T06:45:02+00:00,238,147531950,745.875,,16.503548
2026-02-15T06:50:02+00:00,339,147531980,745.3125,,17.304764
2026-02-15T06:55:02+00:00,475,147532020,745.25,,17.849443
2026-02-15T07:00:02+00:00,586,147532060,745.3125,,18.406359
2026-02-15T07:05:02+00:00,741,147532110,745.4375,,18.900904
2026-02-15T07:10:02+00:00,884,147532180,745.4375,,19.336744
2026-02-15T07:15:02+00:00,1031,147532270,745.375,,19.764091
2026-02-15T07:20:02+00:00,1212,147532370,745.6875,,20.255936
2026-02-15T07:25:02+00:00,1370,147532460,745.5,,20.742174
2026-02-15T07:30:02+00:00,1584,147532590,745.3125,,21.215029
2026-02-15T07:35:02+00:00,1749,147532740,745.4375,,21.733603
2026-02-15T07:40:02+00:00,1992,147532900,745.9375,,22.228756
2026-02-15T07:45:02+00:00,2187,147533090,745.5,,22.76651
2026-02-15T07:50:02+00:00,2394,147533280,745.4375,,23.229485
2026-02-15T07:55:02+00:00,2639,147533490,745.375,,23.734106
2026-02-15T08:00:02+00:00,2909,147533730,745.4375,,24.25319
2026-02-15T08:05:02+00:00,3190,147534000,745.375,,24.761576
2026-02-15T08:10:02+00:00,3441,147534270,744.75,,25.44085
2026-02-15T08:15:02+00:00,3691,147534580,745.3125,,26.09716
2026-02-15T08:20:02+00:00,3901,147534910,744.8125,,26.876871
2026-02-15T08:25:02+00:00,4160,147535250,745.4375,,27.6362
2026-02-15T08:30:02+00:00,4367,147535620,745.5625,,28.29759
2026-02-15T08:35:02+00:00,4528,147536000,746,,28.87993
2026-02-15T08:40:02+00:00,4793,147536400,745.75,,29.662935
2026-02-15T08:45:02+00:00,4984,147536820,745.375,,30.391983
2026-02-15T08:50:02+00:00,5201,147537260,745.9375,,31.081615
2026-02-15T08:55:02+00:00,5424,147537710,745.5,,31.88118
2026-02-15T09:00:02+00:00,5598,147538190,746.125,,32.70815
2026-02-15T09:05:02+00:00,5815,147538670,745.125,,33.396675
2026-02-15T09:10:02+00:00,6031,147539180,745.3125,,34.070724
2026-02-15T09:15:02+00:00,6282,147539710,745.3125,,34.913094
2026-02-15T09:20:02+00:00,6455,147540260,745.375,,35.67906
2026-02-15T09:25:02+00:00,6584,147540820,745.375,,36.478783
2026-02-15T09:30:02+00:00,6927,147541400,745.375,,37.380795
2026-02-15T09:35:02+00:00,7132,147542000,745.25,,38.116035
2026-02-15T09:40:02+00:00,7329,147542620,745.4375,,38.92235
2026-02-15T09:45:02+00:00,7493,147543250,746.4375,,39.71575
2026-02-15T09:50:02+00:00,7585,147543900,746.0625,,40.426758
2026-02-15T09:55:02+00:00,7904,147544580,746,,41.38148
2026-02-15T10:00:02+00:00,8155,147545260,745.9375,,42.28347
2026-02-15T10:05:02+00:00,8381,147545970,745.5,,43.130184
2026-02-15T10:10:02+00:00,8557,147546700,745.5625,,43.965206
2026-02-15T10:15:02+00:00,8634,147547440,745.875,,44.72866
2026-02-15T10:20:02+00:00,8905,147548200,745.5,,42.9737
2026-02-15T10:25:02+00:00,8857,147548940,746,,43.01027
2026-02-15T10:30:02+00:00,9192,147549730,745.25,,43.534325
2026-02-15T10:35:02+00:00,9123,147550510,745.875,,44.092583
2026-02-15T10:40:02+00:00,9383,147551300,746.0625,,44.668503
2026-02-15T10:45:02+00:00,9442,147552110,745.5,,45.286266
2026-02-15T10:50:02+00:00,9477,147552910,745.9375,,45.852055
2026-02-15T10:55:02+00:00,9542,147553730,745.25,,46.352818
2026-02-15T11:00:02+00:00,9657,147554540,745.5,,46.80787
2026-02-15T11:05:02+00:00,9756,147555380,745.5,,47.149265
2026-02-15T11:10:02+00:00,9749,147556210,745.375,,47.636917
2026-02-15T11:15:02+00:00,9954,147557060,745.3125,,48.04616
2026-02-15T11:20:02+00:00,9967,147557920,745.875,,48.3452
2026-02-15T11:25:02+00:00,10172,147558770,744.9375,,48.95438
2026-02-15T11:30:02+00:00,10030,147559630,745,,49.418575
2026-02-15T11:35:02+00:00,10154,147560500,745.4375,,49.643505
2026-02-15T11:40:02+00:00,10268,147561380,745,,49.910927
2026-02-15T11:45:02+00:00,10081,147562240,744.875,,50.167507
2026-02-15T11:50:02+00:00,10053,147563100,745.1875,,50.635666
2026-02-15T11:55:02+00:00,10079,147563970,745.0625,,51.06142
2026-02-15T12:00:02+00:00,10103,147564830,745.5,,51.093544
2026-02-15T12:05:02+00:00,10232,147565710,744.9375,,51.598663
2026-02-15T12:10:02+00:00,10165,147566600,745.4375,,51.744873
2026-02-15T12:15:02+00:00,10030,147567460,745.6875,,52.12449
2026-02-15T12:20:02+00:00,10013,147568320,745.5625,,52.23787
2026-02-15T12:25:02+00:00,9909,147569180,745.5625,,52.501526
2026-02-15T12:30:02+00:00,10097,147570030,745.375,,52.72653
2026-02-15T12:35:02+00:00,9994,147570910,745.1875,,52.72653
2026-02-15T12:40:02+00:00,10044,147571760,745.25,,52.95062
2026-02-15T12:45:02+00:00,9945,147572620,745.5625,,53.1738
2026-02-15T12:50:02+00:00,9896,147573470,745.375,,53.285057
2026-02-15T12:55:02+00:00,9841,147574320,745.5,,53.433044
2026-02-15T13:00:02+00:00,9836,147575150,745.25,,53.543777
2026-02-15T13:05:02+00:00,9740,147576000,745.5,,53.58064
2026-02-15T13:10:02+00:00,9583,147576830,745.5625,,53.58064
2026-02-15T13:15:02+00:00,9643,147577650,745.5,,53.654285
2026-02-15T13:20:02+00:00,9403,147578450,745.25,,53.58064
2026-02-15T13:25:02+00:00,9327,147579250,745.3125,,53.506893
2026-02-15T13:30:02+00:00,8955,147580050,745.375,,53.433044
2026-02-15T13:35:02+00:00,9111,147580820,745.3125,,53.433044
2026-02-15T13:40:02+00:00,8947,147581600,745.3125,,53.210915
2026-02-15T13:45:02+00:00,8822,147582350,745.4375,,53.136665
2026-02-15T13:50:02+00:00,8668,147583090,745.375,,53.136665
2026-02-15T13:55:02+00:00,8615,147583820,745.4375,,52.913334
2026-02-15T14:00:02+00:00,8314,147584540,745.375,,52.838688
2026-02-15T14:05:02+00:00,8282,147585260,745.375,,52.539093
2026-02-15T14:10:02+00:00,8043,147585970,745.3125,,52.426323
2026-02-15T14:15:02+00:00,7524,147586640,745.375,,52.23787
2026-02-15T14:20:02+00:00,7646,147587300,745.5,,52.01087
2026-02-15T14:25:02+00:00,7346,147587940,745.5,,51.706768
2026-02-15T14:30:02+00:00,7086,147588540,745.5,,51.43931
2026-02-15T14:35:02+00:00,6865,147589150,745.0625,,51.215446
2026-02-15T14:40:02+00:00,6735,147589730,745.4375,,50.70685
2026-02-15T14:45:02+00:00,6383,147590290,745.0625,,50.480045
2026-02-15T14:50:02+00:00,6265,147590830,744.9375,,50.010593
2026-02-15T14:55:02+00:00,6023,147591360,745,,49.910927
2026-02-15T15:00:02+00:00,5813,147591870,745.1875,,49.583263
2026-02-15T15:05:02+00:00,5713,147592380,745.0625,,49.25331
2026-02-15T15:10:02+00:00,5407,147592860,745,,49.020973
2026-02-15T15:15:02+00:00,5073,147593330,744.9375,,48.653557
2026-02-15T15:20:02+00:00,4980,147593740,745.0625,,48.215656
2026-02-15T15:25:02+00:00,4643,147594160,745.0625,,47.67115
2026-02-15T15:30:02+00:00,4483,147594560,745.0625,,47.465363
2026-02-15T15:35:02+00:00,4216,147594930,746.1875,,46.94124
2026-02-15T15:40:02+00:00,3941,147595280,745,,46.70323
2026-02-15T15:45:02+00:00,3700,147595600,745,,46.38797
2026-02-15T15:50:02+00:00,3329,147595900,746.125,,45.74535
2026-02-15T15:55:02+00:00,3076,147596180,746.125,,45.352116
2026-02-15T16:00:02+00:00,2787,147596430,745.9375,,44.72866
2026-02-15T16:05:02+00:00,2602,147596660,745.875,,44.33606
2026-02-15T16:10:02+00:00,2369,147596880,745.9375,,43.909035
2026-02-15T16:15:02+00:00,2148,147597070,746.0625,,43.601303
2026-02-15T16:20:02+00:00,1897,147597250,745.4375,,43.130184
2026-02-15T16:25:02+00:00,1693,147597390,746.125,,42.727364
2026-02-15T16:30:02+00:00,1451,147597540,746.0625,,42.251587
2026-02-15T16:35:02+00:00,1169,147597650,745.5625,,41.89389
2026-02-15T16:40:02+00:00,924,147597730,745.75,,41.479042
2026-02-15T16:45:02+00:00,730,147597810,746,,40.92323
2026-02-15T16:50:02+00:00,571,147597860,745.4375,,40.45449
2026-02-15T16:55:02+00:00,442,147597900,746,,40.791397
2026-02-15T17:00:02+00:00,340,147597940,746.1875,,41.41403
2026-02-15T17:05:02+00:00,240,147597950,746,,41.316315
2026-02-15T17:10:02+00:00,138,147597970,745.875,,41.02184
2026-02-15T17:15:02+00:00,47,147597980,745.375,,40.88482
2026-02-15T17:20:02+00:00,0,147597980,746.5,,40.293392
2026-02-15T17:25:02+00:00,94,147597980,744.3125,,39.82702
2026-02-15T17:30:02+00:00,0,147597980,344.875,,37.975033
2026-02-15T17:35:02+00:00,0,147597980,44.125,,36.7265
2026-02-15T17:40:02+00:00,0,147597980,6.5,,35.27276
2026-02-15T17:45:02+00:00,0,147597980,25,,33.730988
2026-02-15T17:50:02+00:00,0,147597980,25,,32.63383
2026-02-15T17:55:02+00:00,0,147597980,24.9375,,31.900208
2026-02-15T18:00:02+00:00,0,147597980,24.9375,,31.169254
2026-02-15T18:05:02+00:00,0,147597980,25,,30.431776
2026-02-15T18:10:02+00:00,0,147597980,24.9375,,29.73755
2026-02-15T18:15:02+00:00,0,147597980,24.9375,,29.261553
2026-02-15T18:20:02+00:00,0,147597980,24.9375,,28.854301
2026-02-15T18:25:02+00:00,0,147597980,25,,28.415024
2026-02-15T18:30:02+00:00,0,147597980,24.9375,,28.021673
2026-02-15T18:35:02+00:00,0,147597980,24.9375,,27.596024
2026-02-15T18:40:02+00:00,0,147597980,24.9375,,27.24547
2026-02-15T18:45:02+00:00,0,147597980,24.9375,,26.890608
2026-02-15T18:50:02+00:00,0,147597980,24.9375,,26.559145
2026-02-15T18:55:02+00:00,0,147597980,24.9375,,26.195766
2026-02-15T19:00:02+00:00,0,147597980,25,,25.99822
2026-02-15T19:05:02+00:00,0,147597980,24.875,,25.685097
2026-02-15T19:10:02+00:00,0,147597980,24.875,,25.39754
2026-02-15T19:15:02+00:00,0,147597980,24.9375,,25.13634
2026-02-15T19:20:02+00:00,0,147597980,24.9375,,24.988134
2026-02-15T19:25:02+00:00,0,147597980,24.875,,24.749594
2026-02-15T19:25:28+00:00,0,147597980,24.875,,24.749594
2026-02-15T19:30:04+00:00,0,147597980,24.9375,,24.605341
2026-02-15T19:35:04+00:00,0,147597980,24.9375,,24.387358
2026-02-15T19:40:04+00:00,0,147597980,24.875,,24.21647
2026-02-15T19:45:04+00:00,0,147597980,24.9375,,24.09368
2026-02-15T19:50:04+00:00,0,147597980,24.9375,,24.019712
2026-02-15T19:55:04+00:00,0,147597980,24.9375,,23.871109
2026-02-15T20:00:04+00:00,0,147597980,24.9375,,23.696611
2026-02-15T20:05:04+00:00,0,147597980,24.9375,,23.596346
2026-02-15T20:10:04+00:00,0,147597980,24.9375,,23.495678
2026-02-15T20:15:04+00:00,0,147597980,24.9375,,23.343912
2026-02-15T20:20:04+00:00,0,147597980,24.9375,,23.267683
2026-02-15T20:25:04+00:00,0,147597980,24.9375,,23.088915
2026-02-15T20:30:04+00:00,0,147597980,24.9375,,22.934673
2026-02-15T20:35:04+00:00,0,147597980,24.9375,,22.908875
2026-02-15T20:40:04+00:00,0,147597980,24.9375,,22.727543
2026-02-15T20:45:04+00:00,0,147597980,24.9375,,22.597223
2026-02-15T20:50:04+00:00,0,147597980,24.875,,22.623343
2026-02-15T20:55:04+00:00,0,147597980,24.875,,22.518713
2026-02-15T21:00:04+00:00,0,147597980,24.9375,,22.387321
2026-02-15T21:05:04+00:00,0,147597980,24.9375,,22.228756
2026-02-15T21:10:04+00:00,0,147597980,24.9375,,22.175682
2026-02-15T21:15:04+00:00,0,147597980,24.9375,,22.175682
2026-02-15T21:20:04+00:00,0,147597980,24.9375,,22.042515
2026-02-15T21:25:04+00:00,0,147597980,24.9375,,21.989058
2026-02-15T21:30:04+00:00,0,147597980,24.9375,,21.935486
2026-02-15T21:35:04+00:00,0,147597980,24.9375,,21.774103
2026-02-15T21:40:04+00:00,0,147597980,24.9375,,21.774103
2026-02-15T21:45:04+00:00,0,147597980,24.9375,,21.693035
2026-02-15T21:50:04+00:00,0,147597980,24.875,,21.584547
2026-02-15T21:55:04+00:00,0,147597980,24.9375,,21.557354
2026-02-15T22:00:04+00:00,0,147597980,24.875,,21.502882
2026-02-15T22:05:04+00:00,0,147597980,24.9375,,21.420961
2026-02-15T22:10:04+00:00,0,147597980,24.9375,,21.338785
2026-02-15T22:15:04+00:00,0,147597980,24.9375,,21.420961
2026-02-15T22:20:04+00:00,0,147597980,24.9375,,21.283854
2026-02-15T22:25:04+00:00,0,147597980,24.9375,,21.228807
2026-02-15T22:30:04+00:00,0,147597980,24.875,,21.228807
2026-02-15T22:35:04+00:00,0,147597980,24.9375,,21.311335
2026-02-15T22:40:04+00:00,0,147597980,24.875,,21.146023
2026-02-15T22:45:04+00:00,0,147597980,24.9375,,21.201242
2026-02-15T22:50:04+00:00,0,147597980,24.875,,21.173647
2026-02-15T22:55:04+00:00,0,147597980,24.875,,21.090687
2026-02-15T23:00:04+00:00,0,147597980,24.9375,,20.979662
2026-02-15T23:05:04+00:00,0,147597980,24.875,,20.951836
2026-02-15T23:10:04+00:00,0,147597980,24.875,,20.896088
2026-02-15T23:15:04+00:00,0,147597980,24.875,,20.784239
2026-02-15T23:20:04+00:00,0,147597980,24.875,,20.700039
2026-02-15T23:25:04+00:00,0,147597980,24.875,,20.728136
2026-02-15T23:30:04+00:00,0,147597980,24.875,,20.615572
2026-02-15T23:35:04+00:00,0,147597980,24.875,,20.671913
2026-02-15T23:40:04+00:00,0,147597980,24.875,,20.643759
2026-02-15T23:45:04+00:00,0,147597980,24.875,,20.55911
2026-02-15T23:50:04+00:00,0,147597980,24.875,,20.474194
2026-02-15T23:55:04+00:00,0,147597980,24.875,,20.502527
2026-02-16T00:00:04+00:00,0,147597980,24.875,,20.332054
2026-02-16T00:05:04+00:00,0,147597980,24.875,,20.332054
2026-02-16T00:10:04+00:00,0,147597980,24.875,,20.274986
2026-02-16T00:15:04+00:00,0,147597980,24.875,,20.160484
2026-02-16T00:20:04+00:00,0,147597980,24.875,,20.160484
2026-02-16T00:25:04+00:00,0,147597980,24.875,,20.189154
2026-02-16T00:30:04+00:00,0,147597980,24.875,,20.045486
2026-02-16T00:35:04+00:00,0,147597980,24.875,,20.045486
2026-02-16T00:40:04+00:00,0,147597980,24.875,,19.920261
2026-02-16T00:45:04+00:00,0,147597980,24.875,,19.896908
2026-02-16T00:50:04+00:00,0,147597980,24.875,,19.94359
2026-02-16T00:55:04+00:00,0,147597980,24.875,,19.896908
2026-02-16T01:00:04+00:00,0,147597980,24.875,,19.779758
2026-02-16T01:05:04+00:00,0,147597980,24.875,,19.826696
2026-02-16T01:10:04+00:00,0,147597980,24.875,,19.709167
2026-02-16T01:15:04+00:00,0,147597980,24.875,,19.685583
2026-02-16T01:20:04+00:00,0,147597980,24.875,,19.709167
2026-02-16T01:25:04+00:00,0,147597980,24.875,,19.638342
2026-02-16T01:30:04+00:00,0,147597980,24.875,,19.567287
2026-02-16T01:35:04+00:00,0,147597980,24.875,,19.614681
2026-02-16T01:40:04+00:00,0,147597980,24.875,,19.519789
2026-02-16T01:45:04+00:00,0,147597980,24.875,,19.519789
2026-02-16T01:50:04+00:00,0,147597980,24.875,,19.424479
2026-02-16T01:55:04+00:00,0,147597980,24.875,,19.400585
2026-02-16T02:00:04+00:00,0,147597980,24.875,,19.304756
2026-02-16T02:05:04+00:00,0,147597980,24.875,,19.256683
2026-02-16T02:10:04+00:00,0,147597980,24.875,,19.304756
2026-02-16T02:15:04+00:00,0,147597980,24.875,,19.256683
2026-02-16T02:20:04+00:00,0,147597980,24.875,,19.184376
2026-02-16T02:25:04+00:00,0,147597980,24.875,,19.184376
2026-02-16T02:30:04+00:00,0,147597980,24.875,,19.184376
2026-02-16T02:35:04+00:00,0,147597980,24.875,,19.11183
2026-02-16T02:40:04+00:00,0,147597980,24.875,,19.136038
2026-02-16T02:45:04+00:00,0,147597980,24.875,,19.160221
2026-02-16T02:50:04+00:00,0,147597980,24.875,,19.160221
2026-02-16T02:55:04+00:00,0,147597980,24.875,,19.11183
2026-02-16T03:00:04+00:00,0,147597980,24.875,,19.184376
2026-02-16T03:05:04+00:00,0,147597980,24.875,,19.160221
2026-02-16T03:10:04+00:00,0,147597980,24.875,,19.087595
2026-02-16T03:15:04+00:00,0,147597980,24.875,,19.136038
2026-02-16T03:20:04+00:00,0,147597980,24.875,,19.11183
2026-02-16T03:25:04+00:00,0,147597980,24.875,,19.063334
2026-02-16T03:30:04+00:00,0,147597980,24.875,,19.136038
2026-02-16T03:35:04+00:00,0,147597980,24.875,,19.087595
2026-02-16T03:40:04+00:00,0,147597980,24.875,,19.11183
2026-02-16T03:45:04+00:00,0,147597980,24.875,,19.039043
2026-02-16T03:50:04+00:00,0,147597980,24.875,,19.087595
2026-02-16T03:55:04+00:00,0,147597980,24.875,,18.990387
2026-02-16T04:00:04+00:00,0,147597980,24.8125,,18.96602
2026-02-16T04:05:04+00:00,0,147597980,24.875,,18.941622
2026-02-16T04:10:04+00:00,0,147597980,24.875,,18.892752
2026-02-16T04:15:04+00:00,0,147597980,24.875,,18.9172
2026-02-16T04:20:04+00:00,0,147597980,24.875,,18.819239
2026-02-16T04:25:04+00:00,0,147597980,24.875,,18.745485
2026-02-16T04:30:04+00:00,0,147597980,24.875,,18.770098
2026-02-16T04:35:04+00:00,0,147597980,24.875,,18.696177
2026-02-16T04:40:04+00:00,0,147597980,24.875,,18.696177
2026-02-16T04:45:04+00:00,0,147597980,24.875,,18.622011
2026-02-16T04:50:04+00:00,0,147597980,24.875,,18.597235
2026-02-16T04:55:04+00:00,0,147597980,24.875,,18.597235
2026-02-16T05:00:04+00:00,0,147597980,24.875,,18.696177
2026-02-16T05:05:04+00:00,0,147597980,24.875,,18.696177
2026-02-16T05:10:04+00:00,0,147597980,24.875,,18.597235
2026-02-16T05:15:04+00:00,0,147597980,24.875,,18.64676
2026-02-16T05:20:04+00:00,0,147597980,24.875,,18.522738
2026-02-16T05:25:04+00:00,0,147597980,24.875,,18.49785
2026-02-16T05:26:03+00:00,0,147597980,24.875,,18.447992
2026-02-16T05:30:03+00:00,0,147597980,24.875,,18.372995
2026-02-16T05:35:03+00:00,0,147597980,24.875,,18.372995
2026-02-16T05:40:03+00:00,0,147597980,24.875,,18.297747
2026-02-16T05:45:03+00:00,0,147597980,24.8125,,18.222248
2026-02-16T05:50:03+00:00,0,147597980,24.875,,18.197023
2026-02-16T05:55:03+00:00,0,147597980,24.875,,18.222248
2026-02-16T06:00:03+00:00,0,147597980,24.875,,18.121183
2026-02-16T06:05:03+00:00,0,147597980,24.875,,18.121183
2026-02-16T06:10:03+00:00,0,147597980,25.625,,18.095846
2026-02-16T06:15:03+00:00,0,147597980,43.6875,,18.171772
2026-02-16T06:20:03+00:00,0,147597980,206.375,,18.07048
2026-02-16T06:25:03+00:00,0,147597980,421.375,,18.555878
2026-02-16T06:30:03+00:00,0,147597980,813,,19.176327
2026-02-16T06:35:03+00:00,90,147597980,745.4375,,20.65784
2026-02-16T06:40:03+00:00,102,147597980,745.1875,,21.895237
2026-02-16T06:45:03+00:00,193,147598000,745.5625,,22.662468
2026-02-16T06:50:03+00:00,291,147598020,744.8125,,23.305826
2026-02-16T06:55:03+00:00,402,147598050,745.6875,,23.83382
2026-02-16T07:00:03+00:00,533,147598100,745.5,,24.326466
2026-02-16T07:05:03+00:00,666,147598140,745.9375,,24.713612
2026-02-16T07:10:03+00:00,808,147598200,745.5,,25.180033
2026-02-16T07:15:03+00:00,975,147598290,745.375,,25.613468
2026-02-16T07:20:03+00:00,1159,147598370,745.4375,,26.012377
2026-02-16T07:25:03+00:00,1329,147598480,744.8125,,26.294043
2026-02-16T07:30:03+00:00,1517,147598600,745.4375,,26.76675
2026-02-16T07:35:03+00:00,1714,147598740,745.4375,,27.095867
2026-02-16T07:40:03+00:00,1908,147598900,745.375,,27.502064
2026-02-16T07:45:03+00:00,2084,147599070,745.5,,27.876072
2026-02-16T07:50:03+00:00,2310,147599260,745.4375,,28.349844
2026-02-16T07:55:03+00:00,2518,147599460,745.875,,28.87993
2026-02-16T08:00:03+00:00,2749,147599680,745.875,,29.312044
2026-02-16T08:05:03+00:00,3042,147599940,745.4375,,29.803707
2026-02-16T08:10:03+00:00,3271,147600210,746.125,,30.372068
2026-02-16T08:15:03+00:00,3521,147600500,745.75,,31.052351
2026-02-16T08:20:03+00:00,3714,147600820,745.375,,31.718985
2026-02-16T08:25:03+00:00,3972,147601140,745.875,,32.259674
2026-02-16T08:30:03+00:00,4200,147601490,745.25,,32.93008
2026-02-16T08:35:03+00:00,0,147601680,817.25,,32.06151
2026-02-16T08:40:03+00:00,0,147601710,817.1875,,31.110855
2026-02-16T08:45:03+00:00,4751,147601730,745.4375,,30.610262
2026-02-16T08:50:03+00:00,4986,147602140,745.4375,,32.847034
2026-02-16T08:55:03+00:00,5207,147602600,744.875,,34.088505
2026-02-16T09:00:03+00:00,5441,147603040,745.4375,,35.20986
2026-02-16T09:05:03+00:00,5603,147603520,745.3125,,36.26514
2026-02-16T09:10:03+00:00,5835,147604000,745.375,,37.321335
2026-02-16T09:15:03+00:00,6116,147604510,745.5,,38.174225
2026-02-16T09:20:03+00:00,6324,147605060,745.25,,39.149475
2026-02-16T09:25:03+00:00,6493,147605600,745.3125,,39.90562
2026-02-16T09:30:03+00:00,6704,147606180,745.375,,40.851868
2026-02-16T09:35:03+00:00,6873,147606750,745.5,,41.76502
2026-02-16T09:40:03+00:00,7075,147607340,745.25,,42.65897
2026-02-16T09:45:03+00:00,7262,147607970,745.375,,43.503372
2026-02-16T09:50:03+00:00,7456,147608590,745.8125,,44.305702
2026-02-16T09:55:03+00:00,7635,147609250,745.9375,,44.426994
2026-02-16T10:00:03+00:00,7880,147609920,745.5,,43.472404
2026-02-16T10:05:03+00:00,8079,147610600,745.25,,43.87325
2026-02-16T10:10:03+00:00,8191,147611300,745.875,,44.426994
2026-02-16T10:15:03+00:00,8362,147612000,745.3125,,45.322193
2026-02-16T10:20:03+00:00,8537,147612740,745.875,,45.816513
2026-02-16T10:25:03+00:00,8746,147613470,745.375,,46.317635
2026-02-16T10:30:03+00:00,8828,147614220,745.5,,47.016464
2026-02-16T10:35:03+00:00,8894,147614980,744.8125,,47.465363
2026-02-16T10:40:03+00:00,9024,147615760,746.25,,47.870384
2026-02-16T10:45:03+00:00,9132,147616540,746.0625,,48.58085
2026-02-16T10:50:03+00:00,9222,147617330,745.375,,49.015427
2026-02-16T10:55:03+00:00,9392,147618130,745.5,,49.48452
2026-02-16T11:00:03+00:00,9447,147618930,744.8125,,50.049862
2026-02-16T11:05:03+00:00,9505,147619740,744.9375,,50.713318
2026-02-16T11:10:03+00:00,9585,147620560,745.5625,,51.093544
2026-02-16T11:15:03+00:00,9668,147621390,744.75,,51.82734
2026-02-16T11:20:03+00:00,9600,147622200,745.625,,52.08664
2026-02-16T11:25:03+00:00,9670,147623040,745.4375,,52.57663
2026-02-16T11:30:03+00:00,9673,147623870,745.5625,,53.09951
2026-02-16T11:35:03+00:00,9834,147624700,744.875,,53.328262
2026-02-16T11:40:03+00:00,9886,147625550,745.3125,,53.654285
2026-02-16T11:45:03+00:00,9854,147626400,745.8125,,54.057587
2026-02-16T11:50:03+00:00,9902,147627250,745.5625,,54.20351
2026-02-16T11:55:03+00:00,9928,147628100,745.375,,54.638947
2026-02-16T12:00:03+00:00,9959,147628940,745.375,,54.78332
2026-02-16T12:05:03+00:00,9971,147629810,745.375,,54.819355
2026-02-16T12:10:03+00:00,9919,147630660,745.4375,,53.911278
2026-02-16T12:15:03+00:00,9932,147631500,745.3125,,53.32209
2026-02-16T12:20:03+00:00,9863,147632350,745.875,,52.801327
2026-02-16T12:25:03+00:00,9755,147633200,745.4375,,52.388687
2026-02-16T12:30:03+00:00,9662,147634030,745.4375,,52.08664
2026-02-16T12:35:03+00:00,9536,147634860,745.0625,,51.897026
2026-02-16T12:40:03+00:00,9529,147635680,746.125,,51.63048
2026-02-16T12:45:03+00:00,9544,147636500,745.4375,,51.63048
2026-02-16T12:50:03+00:00,9469,147637310,746.0625,,51.43931
2026-02-16T12:55:03+00:00,9511,147638130,745.375,,51.43931
2026-02-16T13:00:03+00:00,9511,147638940,745.9375,,51.209034
2026-02-16T13:05:03+00:00,9443,147639760,745.4375,,51.093544
2026-02-16T13:10:03+00:00,9418,147640560,745.5625,,51.093544
2026-02-16T13:15:03+00:00,9572,147641380,745.5625,,51.093544
2026-02-16T13:20:03+00:00,8242,147642180,745.3125,,51.01642
2026-02-16T13:25:03+00:00,8673,147642900,746,,50.74564
2026-02-16T13:30:03+00:00,5263,147643580,745.6875,,50.39557
2026-02-16T13:35:03+00:00,8067,147644110,745.5625,,49.938126
2026-02-16T13:40:03+00:00,5493,147644740,745.4375,,50.74564
2026-02-16T13:45:03+00:00,4137,147645310,745.375,,50.977814
2026-02-16T13:50:03+00:00,4068,147645620,745.4375,,50.434574
2026-02-16T13:55:03+00:00,4554,147645980,745.375,,50.04332
2026-02-16T14:00:03+00:00,6939,147646430,745.1875,,50.200146
2026-02-16T14:05:03+00:00,8313,147647070,745.375,,51.093544
2026-02-16T14:10:03+00:00,4644,147647630,744.875,,51.36905
2026-02-16T14:15:03+00:00,4180,147648000,745.375,,50.70685
2026-02-16T14:20:03+00:00,6135,147648420,745.375,,50.62919
2026-02-16T14:25:03+00:00,6302,147648960,745.4375,,50.900528
2026-02-16T14:30:03+00:00,3962,147649400,745.375,,50.668034
2026-02-16T14:35:03+00:00,3627,147649710,745.4375,,50.04332
2026-02-16T14:40:03+00:00,3062,147650000,745.4375,,49.610657
2026-02-16T14:45:03+00:00,4062,147650290,745.375,,49.148346
2026-02-16T14:50:03+00:00,5589,147650700,745.375,,49.44606
2026-02-16T14:55:03+00:00,2734,147651200,746,,49.709137
2026-02-16T15:00:03+00:00,3573,147651470,745.5625,,49.11515
2026-02-16T15:05:03+00:00,4519,147651790,745.5,,48.882133
2026-02-16T15:10:03+00:00,4194,147652200,745.9375,,48.84875
2026-02-16T15:15:03+00:00,5153,147652560,745.0625,,48.92105
2026-02-16T15:20:03+00:00,3772,147652910,745.5,,48.647964
2026-02-16T15:25:03+00:00,4108,147653230,745.375,,48.412647
2026-02-16T15:30:03+00:00,3326,147653500,745.5625,,48.176163
2026-02-16T15:35:03+00:00,3329,147653710,745.5625,,47.59694
2026-02-16T15:40:03+00:00,2457,147653940,745.5625,,47.321938
2026-02-16T15:45:03+00:00,4046,147654200,745,,47.120426
2026-02-16T15:50:03+00:00,3680,147654540,745.8125,,47.149265
2026-02-16T15:55:03+00:00,2153,147654770,745.9375,,46.69741
2026-02-16T16:00:03+00:00,1322,147654960,744.75,,46.2472
2026-02-16T16:05:03+00:00,960,147655100,745.3125,,45.709732
2026-02-16T16:10:03+00:00,2181,147655250,745.25,,45.50144
2026-02-16T16:15:03+00:00,988,147655380,745.3125,,45.214336
2026-02-16T16:20:03+00:00,1996,147655500,744.8125,,44.878662
2026-02-16T16:25:03+00:00,1777,147655680,745.5,,44.758705
2026-02-16T16:30:03+00:00,1713,147655820,744.8125,,44.63337
2026-02-16T16:35:03+00:00,1251,147655950,744.875,,44.361336
2026-02-16T16:40:03+00:00,993,147656050,745.4375,,44.14851
2026-02-16T16:45:03+00:00,817,147656130,745.5625,,43.81183
2026-02-16T16:50:03+00:00,633,147656200,745.3125,,43.565247
2026-02-16T16:55:03+00:00,486,147656240,745.5625,,43.3172
2026-02-16T17:00:03+00:00,327,147656270,745.625,,42.942337
2026-02-16T17:05:03+00:00,210,147656290,745.875,,42.632637
2026-02-16T17:10:03+00:00,118,147656300,745.5,,42.43725
2026-02-16T17:15:03+00:00,94,147656320,745.3125,,42.11847
2026-02-16T17:20:03+00:00,117,147656320,742.8125,,41.89389
2026-02-16T17:25:03+00:00,0,147656320,363.5,,40.851868
2026-02-16T17:30:03+00:00,0,147656320,54.9375,,39.73896
2026-02-16T17:35:03+00:00,0,147656320,35.875,,38.722443
2026-02-16T17:40:03+00:00,0,147656320,1.8125,,37.882355
2026-02-16T17:45:03+00:00,0,147656320,25.0625,,36.60032
2026-02-16T17:50:03+00:00,0,147656320,25.0625,,35.7722
2026-02-16T17:55:03+00:00,0,147656320,25,,35.24132
2026-02-16T18:00:03+00:00,0,147656320,25,,34.38926
2026-02-16T18:05:03+00:00,0,147656320,25,,33.58685
2026-02-16T18:10:03+00:00,0,147656320,25.0625,,32.93008
2026-02-16T18:15:03+00:00,0,147656320,25,,32.27849
2026-02-16T18:20:03+00:00,0,147656320,25,,31.747665
2026-02-16T18:25:03+00:00,0,147656320,25,,31.305126
2026-02-16T18:30:03+00:00,0,147656320,24.9375,,30.80747
2026-02-16T18:35:03+00:00,0,147656320,25,,30.391983
2026-02-16T18:40:03+00:00,0,147656320,24.9375,,29.951982
2026-02-16T18:45:03+00:00,0,147656320,25,,29.629707
2026-02-16T18:50:03+00:00,0,147656320,25,,29.29943
2026-02-16T18:55:03+00:00,0,147656320,25,,29.071392
2026-02-16T19:00:03+00:00,0,147656320,25,,28.943897
2026-02-16T19:05:03+00:00,0,147656320,25,,28.84148
2026-02-16T19:10:03+00:00,0,147656320,25,,28.609667
2026-02-16T19:15:03+00:00,0,147656320,25,,28.375933
2026-02-16T19:20:03+00:00,0,147656320,25,,28.166536
2026-02-16T19:23:26+00:00,0,147656320,25,,27.982037
2026-02-16T19:25:03+00:00,0,147656320,24.9375,,27.982037
2026-02-16T19:30:03+00:00,0,147656320,25,,27.71638
2026-02-16T19:35:03+00:00,0,147656320,25,,27.475163
2026-02-16T19:40:03+00:00,0,147656320,24.9375,,27.177565
2026-02-16T19:45:03+00:00,0,147656320,25,,26.931774
2026-02-16T19:50:03+00:00,0,147656320,24.9375,,27.068583
2026-02-16T19:55:03+00:00,0,147656320,24.9375,,27.041271
2026-02-16T20:00:03+00:00,0,147656320,24.9375,,26.986576
2026-02-16T20:05:03+00:00,0,147656320,24.9375,,26.739155
2026-02-16T20:10:03+00:00,0,147656320,24.9375,,26.656212
2026-02-16T20:15:03+00:00,0,147656320,24.9375,,26.489614
2026-02-16T20:20:03+00:00,0,147656320,24.9375,,26.294043
2026-02-16T20:25:03+00:00,0,147656320,24.9375,,26.209826
2026-02-16T20:30:03+00:00,0,147656320,24.875,,26.153547
2026-02-16T20:35:03+00:00,0,147656320,24.9375,,26.040665
2026-02-16T20:40:03+00:00,0,147656320,24.875,,26.012377
2026-02-16T20:45:03+00:00,0,147656320,24.875,,25.89895
2026-02-16T20:50:03+00:00,0,147656320,25,,25.699402
2026-02-16T20:55:03+00:00,0,147656320,24.9375,,25.613468
2026-02-16T21:00:03+00:00,0,147656320,25,,25.527285
2026-02-16T21:05:03+00:00,0,147656320,24.9375,,25.527285
2026-02-16T21:10:03+00:00,0,147656320,25,,25.411983
2026-02-16T21:15:03+00:00,0,147656320,24.875,,25.23819
2026-02-16T21:20:03+00:00,0,147656320,24.875,,25.150911
2026-02-16T21:25:03+00:00,0,147656320,25,,25.034143
2026-02-16T21:30:03+00:00,0,147656320,24.9375,,24.952501
2026-02-16T21:35:03+00:00,0,147656320,24.875,,24.904911
2026-02-16T21:40:03+00:00,0,147656320,24.9375,,24.761576
2026-02-16T21:45:03+00:00,0,147656320,24.875,,24.66555
2026-02-16T21:50:03+00:00,0,147656320,24.875,,24.569147
2026-02-16T21:55:03+00:00,0,147656320,24.875,,24.5208
2026-02-16T22:00:03+00:00,0,147656320,24.875,,24.399519
2026-02-16T22:05:03+00:00,0,147656320,24.9375,,24.35084
2026-02-16T22:10:03+00:00,0,147656320,24.875,,24.27764
2026-02-16T22:15:03+00:00,0,147656320,24.9375,,24.13058
2026-02-16T22:20:03+00:00,0,147656320,24.875,,24.032057
2026-02-16T22:25:03+00:00,0,147656320,24.875,,23.957903
2026-02-16T22:30:03+00:00,0,147656320,24.875,,23.933136
2026-02-16T22:35:03+00:00,0,147656320,24.9375,,23.83382
2026-02-16T22:40:03+00:00,0,147656320,24.9375,,23.659058
2026-02-16T22:45:03+00:00,0,147656320,24.875,,23.659058
2026-02-16T22:50:03+00:00,0,147656320,24.9375,,23.583784
2026-02-16T22:55:03+00:00,0,147656320,24.9375,,23.483065
2026-02-16T23:00:03+00:00,0,147656320,24.875,,23.305826
2026-02-16T23:05:03+00:00,0,147656320,24.9375,,23.152908
2026-02-16T23:10:03+00:00,0,147656320,24.9375,,22.999058
2026-02-16T23:15:03+00:00,0,147656320,24.9375,,22.973322
2026-02-16T23:20:03+00:00,0,147656320,24.9375,,22.870125
2026-02-16T23:25:03+00:00,0,147656320,24.9375,,22.662468
2026-02-16T23:30:03+00:00,0,147656320,24.9375,,22.531815
2026-02-16T23:35:03+00:00,0,147656320,24.9375,,22.479366
2026-02-16T23:40:03+00:00,0,147656320,24.9375,,22.400492
2026-02-16T23:45:03+00:00,0,147656320,24.9375,,22.26849
2026-02-16T23:50:03+00:00,0,147656320,24.9375,,22.188961
2026-02-16T23:55:03+00:00,0,147656320,24.875,,22.109184
2026-02-17T00:00:03+00:00,0,147656320,24.875,,21.948889
2026-02-17T00:05:03+00:00,0,147656320,24.9375,,21.922075
2026-02-17T00:10:03+00:00,0,147656320,24.875,,21.868364
2026-02-17T00:15:03+00:00,0,147656320,24.9375,,21.706564
2026-02-17T00:20:03+00:00,0,147656320,24.875,,21.598133
2026-02-17T00:25:03+00:00,0,147656320,24.875,,21.598133
2026-02-17T00:30:03+00:00,0,147656320,24.9375,,21.379906
2026-02-17T00:35:03+00:00,0,147656320,24.875,,21.325062
2026-02-17T00:40:03+00:00,0,147656320,24.9375,,21.187447
2026-02-17T00:45:03+00:00,0,147656320,24.875,,21.021353
2026-02-17T00:50:03+00:00,0,147656320,24.875,,20.937906
2026-02-17T00:55:03+00:00,0,147656320,24.875,,20.8542
2026-02-17T01:00:03+00:00,0,147656320,24.875,,20.62967
2026-02-17T01:05:03+00:00,0,147656320,24.875,,20.573236
2026-02-17T01:10:03+00:00,0,147656320,24.875,,20.601469
2026-02-17T01:15:03+00:00,0,147656320,24.875,,20.48364
2026-02-17T01:20:03+00:00,0,147656320,24.875,,20.573236
2026-02-17T01:25:03+00:00,0,147656320,24.875,,20.48364
2026-02-17T01:30:03+00:00,0,147656320,24.9375,,20.426897
2026-02-17T01:35:03+00:00,0,147656320,24.875,,20.370033
2026-02-17T01:40:03+00:00,0,147656320,24.875,,20.255936
2026-02-17T01:45:03+00:00,0,147656320,24.875,,20.227335
2026-02-17T01:50:03+00:00,0,147656320,24.875,,20.170044
2026-02-17T01:55:03+00:00,0,147656320,24.875,,20.083872
2026-02-17T02:00:03+00:00,0,147656320,24.875,,20.055086
2026-02-17T02:05:03+00:00,0,147656320,24.875,,19.997927
2026-02-17T02:10:03+00:00,0,147656320,24.875,,20.083872
2026-02-17T02:15:03+00:00,0,147656320,24.875,,19.95136
2026-02-17T02:20:03+00:00,0,147656320,24.875,,19.997927
2026-02-17T02:25:03+00:00,0,147656320,24.875,,19.974657
2026-02-17T02:30:03+00:00,0,147656320,24.875,,19.834507
2026-02-17T02:35:03+00:00,0,147656320,24.875,,19.85793
2026-02-17T02:40:03+00:00,0,147656320,24.875,,19.881325
2026-02-17T02:45:03+00:00,0,147656320,24.875,,19.834507
2026-02-17T02:50:03+00:00,0,147656320,24.875,,19.71702
2026-02-17T02:55:03+00:00,0,147656320,24.875,,19.598896
2026-02-17T03:00:03+00:00,0,147656320,24.875,,19.575193
2026-02-17T03:05:03+00:00,0,147656320,24.875,,19.575193
2026-02-17T03:10:03+00:00,0,147656320,24.875,,19.527712
2026-02-17T03:15:03+00:00,0,147656320,24.875,,19.384644
2026-02-17T03:20:03+00:00,0,147656320,24.875,,19.384644
2026-02-17T03:25:03+00:00,0,147656320,24.875,,19.432436
2026-02-17T03:30:03+00:00,0,147656320,24.875,,19.288744
2026-02-17T03:35:03+00:00,0,147656320,24.875,,19.360708
2026-02-17T03:40:03+00:00,0,147656320,24.875,,19.264702
2026-02-17T03:45:03+00:00,0,147656320,24.875,,19.264702
2026-02-17T03:50:03+00:00,0,147656320,24.875,,19.264702
2026-02-17T03:55:03+00:00,0,147656320,24.875,,19.168274
2026-02-17T04:00:03+00:00,0,147656320,24.875,,19.192423
2026-02-17T04:05:03+00:00,0,147656320,24.875,,19.071423
2026-02-17T04:10:03+00:00,0,147656320,24.875,,19.071423
2026-02-17T04:15:03+00:00,0,147656320,24.875,,18.925344
2026-02-17T04:20:03+00:00,0,147656320,24.875,,18.925344
2026-02-17T04:25:03+00:00,0,147656320,24.875,,18.85194
2026-02-17T04:30:03+00:00,0,147656320,24.875,,18.80287
2026-02-17T04:35:03+00:00,0,147656320,24.875,,18.82742
2026-02-17T04:40:03+00:00,0,147656320,24.875,,18.778296
2026-02-17T04:45:03+00:00,0,147656320,24.875,,18.778296
2026-02-17T04:50:03+00:00,0,147656320,24.875,,18.704403
2026-02-17T04:55:03+00:00,0,147656320,24.875,,18.778296
2026-02-17T05:00:03+00:00,0,147656320,24.875,,18.82742
2026-02-17T05:05:03+00:00,0,147656320,24.875,,18.778296
2026-02-17T05:10:03+00:00,0,147656320,24.8125,,18.72906
2026-02-17T05:15:03+00:00,0,147656320,24.875,,18.80287
2026-02-17T05:20:03+00:00,0,147656320,24.875,,18.778296
2026-02-17T05:24:02+00:00,0,147656320,24.8125,,18.778296
2026-02-17T05:25:03+00:00,0,147656320,24.875,,18.72906
2026-02-17T05:30:03+00:00,0,147656320,24.875,,18.80287
2026-02-17T05:35:03+00:00,0,147656320,24.875,,18.778296
2026-02-17T05:40:03+00:00,0,147656320,24.875,,18.778296
2026-02-17T05:45:03+00:00,0,147656320,24.875,,18.75369
2026-02-17T05:50:03+00:00,0,147656320,24.875,,18.75369
2026-02-17T05:55:03+00:00,0,147656320,24.875,,18.778296
2026-02-17T06:00:03+00:00,0,147656320,24.875,,18.630264
2026-02-17T06:05:03+00:00,0,147656320,24.875,,18.655005
2026-02-17T06:10:03+00:00,0,147656320,24.875,,18.605495
2026-02-17T06:15:03+00:00,0,147656320,25.9375,,18.630264
2026-02-17T06:20:03+00:00,0,147656320,41.125,,18.704403
2026-02-17T06:25:03+00:00,0,147656320,454.1875,,18.679716
2026-02-17T06:30:03+00:00,0,147656320,680.25,,19.787588
2026-02-17T06:35:03+00:00,142,147656320,745.375,,21.625284
2026-02-17T06:40:03+00:00,406,147656340,745.3125,,22.479366
2026-02-17T06:45:03+00:00,540,147656380,745.3125,,23.229485
2026-02-17T06:50:03+00:00,597,147656430,745.4375,,23.709116
2026-02-17T06:55:03+00:00,888,147656500,745.875,,24.265417
2026-02-17T07:00:03+00:00,980,147656580,745.125,,24.713612
2026-02-17T07:05:03+00:00,1008,147656670,746.125,,25.019516
2026-02-17T07:10:03+00:00,968,147656750,746.1875,,25.512897
2026-02-17T07:15:03+00:00,1225,147656850,745.5,,26.068924
2026-02-17T07:20:03+00:00,1440,147656960,745.1875,,26.628511
2026-02-17T07:25:03+00:00,1892,147657100,745.375,,27.095867
2026-02-17T07:30:03+00:00,1809,147657260,745.5625,,27.60942
2026-02-17T07:35:03+00:00,2075,147657440,745.375,,28.087612
2026-02-17T07:40:03+00:00,2528,147657650,745.1875,,28.71293
2026-02-17T07:45:03+00:00,3016,147657870,745.4375,,29.198309
2026-02-17T07:50:03+00:00,2182,147658110,745.375,,29.629707
2026-02-17T07:55:03+00:00,2944,147658300,745.75,,30.01158
2026-02-17T08:00:03+00:00,1549,147658480,745.8125,,30.282307
2026-02-17T08:05:03+00:00,1726,147658620,745.4375,,30.540964
2026-02-17T08:10:03+00:00,1936,147658780,745.5,,30.758278
2026-02-17T08:15:04+00:00,1512,147658930,745.375,,30.876219
2026-02-17T08:20:03+00:00,1091,147659020,745.875,,31.081615
2026-02-17T08:25:03+00:00,1060,147659120,745.75,,31.110855
2026-02-17T08:30:03+00:00,845,147659200,744.875,,31.1887
2026-02-17T08:35:03+00:00,747,147659280,745.3125,,31.28575
2026-02-17T08:40:03+00:00,1093,147659340,745.1875,,31.372852
2026-02-17T08:45:03+00:00,1216,147659440,745.3125,,31.661549
2026-02-17T08:50:03+00:00,1504,147659550,746,,31.776321
2026-02-17T08:55:03+00:00,1236,147659660,745.375,,31.919226
2026-02-17T09:00:03+00:00,1361,147659780,745.4375,,31.947733
2026-02-17T09:05:03+00:00,1529,147659900,745.4375,,32.089897
2026-02-17T09:10:04+00:00,1925,147660030,745.375,,32.42858
2026-02-17T09:15:03+00:00,1895,147660210,745.4375,,32.680298
2026-02-17T09:20:03+00:00,2287,147660380,745.375,,32.819305
2026-02-17T09:25:03+00:00,5359,147660660,745.3125,,33.478317
2026-02-17T09:30:03+00:00,2944,147661060,745.4375,,34.415657
2026-02-17T09:35:04+00:00,2696,147661300,745.1875,,34.38926
2026-02-17T09:40:03+00:00,2170,147661500,745.4375,,34.38926
2026-02-17T09:45:03+00:00,1900,147661680,745.625,,34.362835
2026-02-17T09:50:03+00:00,2466,147661860,745.25,,34.442036
2026-02-17T09:55:03+00:00,3248,147662110,745.9375,,34.782955
2026-02-17T10:00:04+00:00,3996,147662420,745.3125,,35.523304
2026-02-17T10:05:04+00:00,3924,147662780,745.375,,36.111794
2026-02-17T10:10:03+00:00,4280,147663120,745.375,,36.660942
2026-02-17T10:15:03+00:00,4718,147663550,745.5625,,37.291573
2026-02-17T10:20:03+00:00,5619,147664020,745.4375,,37.999382
2026-02-17T10:25:03+00:00,3916,147664460,745.4375,,38.60771
2026-02-17T10:30:03+00:00,3264,147664780,745.375,,38.434937
2026-02-17T10:35:03+00:00,3834,147665070,745.375,,38.319294
2026-02-17T10:40:03+00:00,4357,147665420,745.4375,,38.49262
2026-02-17T10:45:03+00:00,5153,147665860,746.0625,,38.95082
2026-02-17T10:50:03+00:00,7777,147666500,745.9375,,40.22098
2026-02-17T10:55:03+00:00,5973,147667260,745.8125,,41.931404
2026-02-17T11:00:03+00:00,5562,147667730,746.4375,,41.576385
2026-02-17T11:05:03+00:00,5014,147668200,745.8125,,41.479042
2026-02-17T11:10:03+00:00,4510,147668590,745.4375,,41.147514
2026-02-17T11:15:03+00:00,4321,147669000,746,,41.02184
2026-02-17T11:20:03+00:00,4116,147669340,745.5625,,40.785892
2026-02-17T11:25:03+00:00,4768,147669730,745.6875,,40.526512
2026-02-17T11:30:03+00:00,5836,147670140,745.375,,40.71982
2026-02-17T11:35:04+00:00,6372,147670670,745.8125,,41.38148
2026-02-17T11:40:03+00:00,6752,147671300,745.25,,42.27816
2026-02-17T11:45:03+00:00,5777,147671800,745.5,,41.99028
2026-02-17T11:50:03+00:00,5200,147672290,745.875,,42.05977
2026-02-17T11:55:03+00:00,3982,147672720,745.1875,,42.02236
2026-02-17T12:00:03+00:00,6233,147673100,745.0625,,41.603386
2026-02-17T12:05:03+00:00,3519,147673540,745.3125,,41.376053
2026-02-17T12:10:03+00:00,4483,147673890,745.25,,40.818893
2026-02-17T12:15:03+00:00,3551,147674200,745.9375,,40.326775
2026-02-17T12:20:03+00:00,4056,147674600,746.3125,,40.62603
2026-02-17T12:25:03+00:00,2768,147674860,746,,40.259987
2026-02-17T12:30:03+00:00,3001,147675100,745.3125,,39.933323
2026-02-17T12:35:03+00:00,3171,147675360,746.25,,39.49218
2026-02-17T12:40:03+00:00,3315,147675630,746.375,,39.351738
2026-02-17T12:45:03+00:00,3083,147675900,745.875,,39.26721
2026-02-17T12:50:03+00:00,2687,147676160,746.3125,,38.9271
2026-02-17T12:55:03+00:00,2602,147676380,745.8125,,38.49742
2026-02-17T13:00:04+00:00,2334,147676590,745.125,,38.232323
2026-02-17T13:05:03+00:00,2414,147676780,746,,37.740448
2026-02-17T13:10:03+00:00,3213,147677040,745.9375,,37.740448
2026-02-17T13:15:03+00:00,3303,147677310,745.875,,37.71102
2026-02-17T13:20:03+00:00,4362,147677630,745.75,,37.975033
2026-02-17T13:25:03+00:00,11623,147678180,745.3125,,39.121162
2026-02-17T13:30:03+00:00,4439,147678880,745.1875,,40.818893
2026-02-17T13:35:03+00:00,3213,147679180,745.8125,,39.771427
2026-02-17T13:40:03+00:00,4297,147679470,745.375,,39.347046
2026-02-17T13:45:03+00:00,3432,147679800,745.8125,,39.210747
2026-02-17T13:50:04+00:00,3213,147680130,745.8125,,39.323586
2026-02-17T13:55:03+00:00,4894,147680450,745.6875,,39.49218
2026-02-17T14:00:03+00:00,7284,147680930,745.5,,40.1931
2026-02-17T14:05:03+00:00,3628,147681360,746.4375,,40.426758
2026-02-17T14:10:03+00:00,3405,147681650,746,,39.993267
2026-02-17T14:15:03+00:00,5918,147682000,745.9375,,40.159615
2026-02-17T14:20:03+00:00,9007,147682600,745.5625,,41.603386
2026-02-17T14:25:03+00:00,7723,147683330,745.1875,,43.25495
2026-02-17T14:30:03+00:00,7111,147683940,746,,43.47757
2026-02-17T14:35:03+00:00,3938,147684380,745.3125,,43.098934
2026-02-17T14:40:03+00:00,3164,147684660,745.25,,42.02236
2026-02-17T14:45:03+00:00,5726,147685070,745.1875,,41.958176
2026-02-17T14:50:03+00:00,6034,147685440,746,,41.83487
2026-02-17T14:55:03+00:00,3933,147685860,746.125,,41.83487
2026-02-17T15:00:03+00:00,3944,147686320,745.9375,,41.96353
2026-02-17T15:05:03+00:00,5166,147686720,745.3125,,41.603386
2026-02-17T15:10:03+00:00,4204,147687150,745.9375,,41.60878
2026-02-17T15:15:03+00:00,4708,147687550,746,,41.38148
2026-02-17T15:20:03+00:00,4394,147687950,745.4375,,41.408604
2026-02-17T15:25:04+00:00,4038,147688300,745.9375,,40.98899
2026-02-17T15:30:03+00:00,3740,147688640,745.25,,40.62051
2026-02-17T15:35:03+00:00,3483,147688940,745.25,,40.12052
2026-02-17T15:40:03+00:00,3211,147689230,745.375,,39.7946
2026-02-17T15:45:03+00:00,3130,147689500,745.375,,39.459457
2026-02-17T15:50:03+00:00,2865,147689760,745.25,,39.121162
2026-02-17T15:55:03+00:00,2659,147690000,745.3125,,38.75107
2026-02-17T16:00:04+00:00,2465,147690220,745.5,,38.463787
2026-02-17T16:05:03+00:00,2241,147690430,745.4375,,38.14514
2026-02-17T16:10:03+00:00,2094,147690610,745.375,,37.882355
2026-02-17T16:15:03+00:00,1902,147690780,745.25,,37.529022
2026-02-17T16:20:04+00:00,1730,147690940,745.4375,,37.11248
2026-02-17T16:25:03+00:00,1547,147691070,745.4375,,36.902443
2026-02-17T16:30:03+00:00,1260,147691200,745.375,,36.539604
2026-02-17T16:35:03+00:00,1106,147691300,745.3125,,36.23452
2026-02-17T16:40:03+00:00,951,147691400,745.4375,,36.050274
2026-02-17T16:45:03+00:00,777,147691460,745.8125,,35.7722
2026-02-17T16:50:03+00:00,620,147691520,745.5,,35.33555
2026-02-17T16:55:03+00:00,502,147691570,745.375,,35.146862
2026-02-17T17:00:03+00:00,412,147691620,745.25,,34.835075
2026-02-17T17:05:04+00:00,325,147691650,745.5,,34.62607
2026-02-17T17:10:03+00:00,229,147691660,745.375,,34.442036
2026-02-17T17:15:03+00:00,114,147691680,745.25,,34.415657
2026-02-17T17:20:03+00:00,91,147691680,745.125,,34.203835
2026-02-17T17:25:03+00:00,31,147691680,745.1875,,33.990585
2026-02-17T17:30:03+00:00,0,147691680,340.1875,,32.847034
2026-02-17T17:35:03+00:00,0,147691680,46.75,,31.804953
2026-02-17T17:40:03+00:00,0,147691680,27.25,,30.461588
2026-02-17T17:45:03+00:00,0,147691680,1.4375,,29.588118
2026-02-17T17:50:04+00:00,0,147691680,1.4375,,29.662935
2026-02-17T17:55:03+00:00,0,147691680,1.4375,,29.662935
2026-02-17T19:30:03+00:00,0,147691680,0,,0
2026-02-18T05:30:03+00:00,0,147691680,0,,0
2026-02-18T06:10:03+00:00,0,147691680,37.6875,,10.299313
2026-02-18T06:15:03+00:00,0,147691680,69.6875,,10.67564
2026-02-18T06:20:03+00:00,0,147691680,379.625,,11.464394
2026-02-18T06:25:03+00:00,0,147691680,714.3125,,12.751204
2026-02-18T06:30:03+00:00,91,147691680,745.75,,13.268705
2026-02-18T06:35:03+00:00,85,147691700,745.5625,,14.780703
2026-02-18T06:40:03+00:00,160,147691700,745.9375,,15.809509
2026-02-18T06:45:03+00:00,257,147691710,745.375,,16.611988
2026-02-18T06:50:03+00:00,364,147691740,745.875,,17.199526
2026-02-18T06:55:03+00:00,475,147691780,745.375,,17.746695
2026-02-18T07:00:03+00:00,593,147691820,745.375,,18.255835
2026-02-18T07:05:03+00:00,748,147691890,745.5,,18.72906
2026-02-18T07:10:03+00:00,899,147691950,745.375,,19.168274
2026-02-18T07:15:03+00:00,1094,147692050,745.375,,19.551464
2026-02-18T07:20:03+00:00,1270,147692140,745.4375,,19.974657
2026-02-18T07:25:03+00:00,1474,147692260,745.375,,20.544977
2026-02-18T07:30:03+00:00,1645,147692380,745.5625,,20.965752
2026-02-18T07:35:03+00:00,1855,147692540,745.3125,,21.434635
2026-02-18T07:40:03+00:00,2058,147692700,745.8125,,21.962284
2026-02-18T07:45:03+00:00,2254,147692900,745.375,,22.505604
2026-02-18T07:50:03+00:00,2443,147693090,745.875,,23.063276
2026-02-18T07:55:03+00:00,2706,147693310,745.9375,,23.546064
2026-02-18T08:00:03+00:00,3034,147693570,745.875,,24.09368
2026-02-18T08:05:03+00:00,3286,147693820,745.375,,24.641485
2026-02-18T08:10:03+00:00,3547,147694130,745.375,,25.23819
2026-02-18T08:15:03+00:00,3763,147694430,745.875,,26.111267
2026-02-18T08:20:03+00:00,3993,147694770,746.625,,26.780539
2026-02-18T08:25:03+00:00,4232,147695120,745.5625,,27.448233
2026-02-18T08:30:03+00:00,4406,147695490,745.3125,,28.166536
2026-02-18T08:35:03+00:00,4621,147695890,745.375,,28.73869
2026-02-18T08:40:03+00:00,4843,147696290,745.5,,29.375029
2026-02-18T08:45:03+00:00,5014,147696720,745.375,,29.951982
2026-02-18T08:50:03+00:00,5253,147697150,745.5,,30.689285
2026-02-18T08:55:03+00:00,5430,147697620,745.6875,,31.517515
2026-02-18T09:00:03+00:00,5654,147698100,746.0625,,32.146587
2026-02-18T09:05:03+00:00,5832,147698580,746.125,,32.847034
2026-02-18T09:10:03+00:00,6114,147699090,745.3125,,33.505486
2026-02-18T09:15:03+00:00,6344,147699630,746,,34.203835
2026-02-18T09:20:03+00:00,6541,147700180,745.875,,34.782955
2026-02-18T09:25:03+00:00,6749,147700750,745.375,,35.398235
2026-02-18T09:30:03+00:00,6885,147701330,745.1875,,35.92694
2026-02-18T09:35:03+00:00,7248,147701940,745.625,,36.448334
2026-02-18T09:40:03+00:00,7470,147702580,745.4375,,37.202137
2026-02-18T09:45:03+00:00,7714,147703230,745.4375,,37.58815
2026-02-18T09:50:03+00:00,7906,147703900,745.375,,38.348236
2026-02-18T09:55:03+00:00,8138,147704580,745.375,,38.722443
2026-02-18T10:00:03+00:00,8251,147705280,745.3125,,39.43139
2026-02-18T10:05:03+00:00,8538,147706000,745.5,,39.766792
2026-02-18T10:10:03+00:00,8783,147706750,745.4375,,40.520973
2026-02-18T10:15:03+00:00,8834,147707500,745.8125,,41.218384
2026-02-18T10:20:03+00:00,9112,147708290,745.75,,41.867073
2026-02-18T10:25:03+00:00,9222,147709060,745.3125,,42.500717
2026-02-18T10:30:03+00:00,9280,147709860,745.8125,,43.04158
2026-02-18T10:35:03+00:00,9251,147710660,745.9375,,43.38452
2026-02-18T10:40:03+00:00,9486,147711460,745.8125,,43.72467
2026-02-18T10:45:03+00:00,9664,147712290,745.875,,44.2145
2026-02-18T10:50:03+00:00,9568,147713100,745.125,,44.788727
2026-02-18T10:55:03+00:00,9600,147713940,745.75,,42.853333
2026-02-18T11:00:03+00:00,9829,147714770,745.375,,42.054424
2026-02-18T11:05:03+00:00,9737,147715620,745.375,,41.99028
2026-02-18T11:10:03+00:00,9874,147716460,745.9375,,42.123802
2026-02-18T11:15:03+00:00,10093,147717310,745.8125,,42.410774
2026-02-18T11:20:03+00:00,10030,147718180,745.9375,,42.727364
2026-02-18T11:25:03+00:00,10079,147719040,746.0625,,43.067657
2026-02-18T11:30:03+00:00,0,147719230,821.5,,39.459457
2026-02-18T11:35:03+00:00,9954,147719740,749.1875,,41.54396
2026-02-18T11:40:03+00:00,9977,147720600,748.5,,44.026398
2026-02-18T11:45:03+00:00,10123,147721470,750.3125,,43.78109
2026-02-18T11:50:03+00:00,10227,147722340,752.25,,43.130184
2026-02-18T11:55:03+00:00,10146,147723220,750.125,,43.472404
2026-02-18T12:00:03+00:00,10045,147724080,750.3125,,43.81183
2026-02-18T12:05:03+00:00,10220,147724940,751.4375,,43.934578
2026-02-18T12:10:03+00:00,10079,147725820,749.8125,,44.05696
2026-02-18T12:15:03+00:00,9882,147726670,750.75,,44.2145
2026-02-18T12:20:03+00:00,10043,147727540,751.0625,,44.487503
2026-02-18T12:25:03+00:00,10172,147728420,749.75,,44.69358
2026-02-18T12:30:03+00:00,10000,147729260,748.3125,,44.63337
2026-02-18T12:35:03+00:00,9879,147730110,749.875,,44.305702
2026-02-18T12:40:03+00:00,9883,147730940,748.6875,,44.487503
2026-02-18T12:45:03+00:00,9793,147731790,749.9375,,44.783722
2026-02-18T12:50:03+00:00,9856,147732640,750.0625,,44.783722
2026-02-18T12:55:03+00:00,9698,147733490,748.375,,44.698593
2026-02-18T13:00:03+00:00,9521,147734300,747.9375,,44.668503
2026-02-18T13:05:03+00:00,9319,147735100,747.8125,,44.63839
2026-02-18T13:10:03+00:00,9216,147735900,748.875,,44.482464
2026-02-18T13:15:03+00:00,9055,147736690,748.1875,,44.396706
2026-02-18T13:20:03+00:00,8934,147737460,747.9375,,44.33606
2026-02-18T13:25:03+00:00,8935,147738220,747.6875,,44.305702
2026-02-18T13:30:03+00:00,8880,147738990,749.125,,44.06205
2026-02-18T13:35:03+00:00,8549,147739740,746.8125,,44.031494
2026-02-18T13:40:03+00:00,8522,147740460,748.375,,43.903923
2026-02-18T13:45:03+00:00,8321,147741180,747.5,,43.786213
2026-02-18T13:50:03+00:00,8094,147741890,747.5,,43.41556
2026-02-18T13:55:03+00:00,7898,147742580,747.625,,43.104145
2026-02-18T14:00:03+00:00,7832,147743250,746.1875,,42.942337
2026-02-18T14:05:03+00:00,7716,147743920,745.5625,,42.81663
2026-02-18T14:10:03+00:00,7415,147744560,745.5,,42.69055
2026-02-18T14:15:03+00:00,7128,147745180,744.8125,,42.722103
2026-02-18T14:20:03+00:00,6959,147745800,745.9375,,42.506004
2026-02-18T14:25:03+00:00,6587,147746370,745.5625,,42.08646
2026-02-18T14:30:03+00:00,6602,147746940,745.875,,41.829502
2026-02-18T14:35:03+00:00,6203,147747490,745.625,,41.44113
2026-02-18T14:40:03+00:00,6032,147748000,745.75,,40.686737
2026-02-18T14:45:03+00:00,5727,147748510,745.5625,,40.22098
2026-02-18T14:50:03+00:00,5412,147748980,746,,41.64115
2026-02-18T14:55:03+00:00,5326,147749440,745.5,,41.635757
2026-02-18T15:00:03+00:00,5147,147749890,745.25,,41.376053
2026-02-18T15:05:03+00:00,5052,147750320,746.0625,,41.218384
2026-02-18T15:10:03+00:00,4712,147750740,745.3125,,41.04919
2026-02-18T15:15:03+00:00,4435,147751140,746,,40.559708
2026-02-18T15:20:03+00:00,4132,147751500,745.25,,40.053417
2026-02-18T15:25:03+00:00,3793,147751840,745.5,,39.43139
2026-02-18T15:30:03+00:00,3825,147752160,744.75,,39.03609
2026-02-18T15:35:03+00:00,3325,147752480,745.3125,,38.722443
2026-02-18T15:40:03+00:00,3208,147752750,745.3125,,38.14514
2026-02-18T15:45:03+00:00,3034,147753040,745.4375,,37.529022
2026-02-18T15:50:03+00:00,2894,147753280,745.375,,36.992607
2026-02-18T15:55:03+00:00,2680,147753520,745.375,,36.173206
2026-02-18T16:00:03+00:00,2561,147753740,745.625,,35.92694
2026-02-18T16:05:03+00:00,2245,147753950,745.375,,35.616833
2026-02-18T16:10:03+00:00,2064,147754140,745.375,,35.27276
2026-02-18T16:15:03+00:00,1855,147754300,745.5,,34.652267
2026-02-18T16:20:03+00:00,1643,147754460,745.5,,34.230392
2026-02-18T16:25:03+00:00,1473,147754600,745.4375,,33.829704
2026-02-18T16:30:03+00:00,1259,147754700,745.4375,,33.342133
2026-02-18T16:35:03+00:00,1115,147754820,745.5625,,33.086365
2026-02-18T16:40:03+00:00,924,147754900,745.9375,,32.79155
2026-02-18T16:45:03+00:00,783,147754980,745.5625,,32.33485
2026-02-18T16:50:03+00:00,638,147755040,745.0625,,31.938234
2026-02-18T16:55:03+00:00,503,147755090,745.5,,31.565596
2026-02-18T17:00:03+00:00,368,147755120,745.3125,,31.363186
2026-02-18T17:05:03+00:00,261,147755150,745.375,,31.1887
2026-02-18T17:10:03+00:00,165,147755170,745.5,,30.983967
2026-02-18T17:15:03+00:00,72,147755170,745.5,,30.689285
2026-02-18T17:20:03+00:00,6,147755170,745.5625,,30.60037
2026-02-18T17:25:03+00:00,19,147755170,745.4375,,30.639917
2026-02-18T17:30:03+00:00,0,147755170,427.5,,29.28681
2026-02-18T17:35:03+00:00,0,147755170,50.8125,,28.46706
2026-02-18T17:40:03+00:00,0,147755170,33,,27.313217
2026-02-18T17:45:03+00:00,0,147755170,1.5,,26.531353
2026-02-18T19:30:03+00:00,0,147755170,0,,0
2026-02-19T05:35:02+00:00,0,147755170,0,,0
2026-02-19T06:10:02+00:00,0,147755170,34.375,,12.014774
2026-02-19T06:15:02+00:00,0,147755170,57.6875,,12.308968
2026-02-19T06:20:02+00:00,0,147755170,363.5,,12.599028
2026-02-19T06:25:02+00:00,92,147755170,745.75,,14.253311
2026-02-19T06:30:02+00:00,84,147755170,745.875,,16.060066
2026-02-19T06:35:02+00:00,0,147755170,673,,16.421883
2026-02-19T06:40:02+00:00,98,147755170,745.875,,17.849443
2026-02-19T06:45:02+00:00,62,147755180,745.25,,18.28099
2026-02-19T06:50:02+00:00,134,147755180,745.8125,,18.819239
2026-02-19T06:55:02+00:00,359,147755200,745.1875,,19.192423
2026-02-19T07:00:02+00:00,490,147755230,745.375,,19.527712
2026-02-19T07:05:02+00:00,503,147755280,745.375,,19.92804
2026-02-19T07:10:02+00:00,542,147755330,745.5,,20.341555
2026-02-19T07:15:02+00:00,551,147755360,745.5625,,20.770224
2026-02-19T07:20:02+00:00,839,147755440,745.1875,,21.132198
2026-02-19T07:25:02+00:00,843,147755520,745.125,,21.407284
2026-02-19T07:30:02+00:00,1811,147755650,745.125,,21.868364
2026-02-19T07:35:02+00:00,2173,147755800,745.8125,,22.36096
2026-02-19T07:40:02+00:00,1228,147756000,745.125,,23.050446
2026-02-19T07:45:02+00:00,1313,147756110,745.3125,,23.407259
2026-02-19T07:50:02+00:00,1438,147756240,745.75,,23.746593
2026-02-19T07:55:02+00:00,1083,147756350,745.25,,24.056723
2026-02-19T08:00:02+00:00,1876,147756460,745.25,,24.27764
2026-02-19T08:05:02+00:00,2551,147756640,745.625,,24.641485
2026-02-19T08:10:02+00:00,1782,147756830,745.3125,,24.904911
2026-02-19T08:15:02+00:00,2357,147757010,745.1875,,25.121763
2026-02-19T08:20:02+00:00,2011,147757200,745.875,,25.165476
2026-02-19T08:25:02+00:00,2206,147757380,745.25,,25.44085
2026-02-19T08:30:02+00:00,1989,147757570,745.3125,,25.699402
2026-02-19T08:35:02+00:00,2018,147757730,745.25,,25.941536
2026-02-19T08:40:02+00:00,1927,147757900,745.25,,26.09716
2026-02-19T08:45:02+00:00,1967,147758060,745.1875,,26.265997
2026-02-19T08:50:02+00:00,2139,147758240,745.3125,,26.545252
2026-02-19T08:55:02+00:00,2129,147758430,745.4375,,26.739155
2026-02-19T09:00:02+00:00,2328,147758620,745.375,,27.013937
2026-02-19T09:05:02+00:00,2344,147758820,745.1875,,27.231901
2026-02-19T09:10:02+00:00,2546,147759020,745.375,,27.4617
2026-02-19T09:15:02+00:00,3084,147759260,745.375,,27.929104
2026-02-19T09:20:02+00:00,2748,147759520,744.75,,28.29759
2026-02-19T09:25:02+00:00,2894,147759740,745.1875,,28.45406
2026-02-19T09:30:02+00:00,3833,147760030,744.6875,,28.918327
2026-02-19T09:35:02+00:00,4090,147760380,745.25,,29.579792
2026-02-19T09:40:02+00:00,4420,147760750,745.5,,30.152227
2026-02-19T09:45:02+00:00,3685,147761090,745.8125,,30.610262
2026-02-19T09:50:02+00:00,4389,147761420,745.5,,30.983967
2026-02-19T09:55:02+00:00,4204,147761800,745.875,,31.575205
2026-02-19T10:00:02+00:00,3865,147762140,745.4375,,31.938234
2026-02-19T10:05:02+00:00,3578,147762460,745.3125,,32.193756
2026-02-19T10:10:02+00:00,4220,147762800,745.75,,32.456642
2026-02-19T10:15:02+00:00,2871,147763090,745.75,,32.568665
2026-02-19T10:20:02+00:00,3955,147763380,744.625,,32.643127
2026-02-19T10:25:02+00:00,4931,147763760,745.4375,,33.23277
2026-02-19T10:30:02+00:00,4517,147764200,744.8125,,33.847622
2026-02-19T10:35:02+00:00,3476,147764510,745.25,,33.74896
2026-02-19T10:40:02+00:00,3223,147764780,745.4375,,33.523582
2026-02-19T10:45:02+00:00,3487,147765070,744.9375,,33.305717
2026-02-19T10:50:02+00:00,4526,147765400,745.3125,,33.53263
2026-02-19T10:55:02+00:00,4680,147765810,746,,33.93705
2026-02-19T11:00:02+00:00,5027,147766220,745.375,,34.38926
2026-02-19T11:05:02+00:00,4939,147766660,746.0625,,34.809025
2026-02-19T11:10:02+00:00,4588,147767060,745.8125,,34.861107
2026-02-19T11:15:02+00:00,5703,147767470,745.5,,35.05217
2026-02-19T11:20:02+00:00,7365,147768020,744.8125,,36.13739
2026-02-19T11:25:02+00:00,6915,147768640,745.375,,37.469803
2026-02-19T11:30:02+00:00,6768,147769260,745.375,,38.37716
2026-02-19T11:35:02+00:00,6812,147769840,745.5,,38.75107
2026-02-19T11:40:02+00:00,7292,147770430,745.3125,,39.43139
2026-02-19T11:45:02+00:00,6445,147771060,745.25,,40.254417
2026-02-19T11:50:02+00:00,7073,147771620,745.125,,40.71982
2026-02-19T11:55:02+00:00,6680,147772200,745.4375,,41.24561
2026-02-19T12:00:02+00:00,6549,147772750,745.25,,41.76502
2026-02-19T12:05:02+00:00,5435,147773280,745.75,,41.705826
2026-02-19T12:10:02+00:00,5793,147773760,745.75,,41.41403
2026-02-19T12:15:02+00:00,6402,147774290,745.5,,41.570984
2026-02-19T12:20:02+00:00,6935,147774850,745.75,,41.705826
2026-02-19T12:25:02+00:00,9157,147775500,745.875,,42.506004
2026-02-19T12:30:02+00:00,6926,147776130,745.8125,,42.821877
2026-02-19T12:35:02+00:00,4666,147776640,745.3125,,42.40548
2026-02-19T12:40:02+00:00,5154,147777040,745.375,,41.92604
2026-02-19T12:45:02+00:00,5081,147777500,745.1875,,41.958176
2026-02-19T12:50:02+00:00,4967,147777920,745.625,,41.603386
2026-02-19T12:55:02+00:00,4461,147778340,745.8125,,41.283695
2026-02-19T13:00:02+00:00,4368,147778700,745.875,,41.087456
2026-02-19T13:05:02+00:00,4646,147779090,746.125,,40.71982
2026-02-19T13:10:02+00:00,5153,147779500,745.9375,,40.460033
2026-02-19T13:15:02+00:00,5524,147779970,745.1875,,40.554176
2026-02-19T13:20:02+00:00,5372,147780460,746.0625,,40.692253
2026-02-19T13:25:02+00:00,4885,147780900,745.8125,,40.460033
2026-02-19T13:30:02+00:00,6247,147781380,745.875,,40.62603
2026-02-19T13:35:02+00:00,6373,147781890,745.75,,40.82439
2026-02-19T13:40:02+00:00,4178,147782350,745.8125,,40.62603
2026-02-19T13:45:02+00:00,3712,147782690,745.3125,,39.961
2026-02-19T13:50:02+00:00,3773,147783000,745.875,,39.464134
2026-02-19T13:55:02+00:00,4502,147783360,745.1875,,39.459457
2026-02-19T14:00:02+00:00,4898,147783760,745.875,,39.632076
2026-02-19T14:05:02+00:00,5144,147784210,745.9375,,40.1931
2026-02-19T14:10:02+00:00,4909,147784640,746,,40.460033
2026-02-19T14:15:02+00:00,4277,147785020,745.375,,40.45449
2026-02-19T14:20:02+00:00,4193,147785380,745.25,,40.12052
2026-02-19T14:25:02+00:00,3517,147785710,746.4375,,39.85478
2026-02-19T14:30:02+00:00,3417,147786020,745.3125,,39.62742
2026-02-19T14:35:02+00:00,3140,147786290,745.4375,,39.295406
2026-02-19T14:40:02+00:00,2631,147786540,745.9375,,38.81301
2026-02-19T14:45:02+00:00,2107,147786740,745.1875,,38.290325
2026-02-19T14:50:02+00:00,2541,147786940,745.4375,,38.02858
2026-02-19T14:55:02+00:00,3386,147787200,745.4375,,37.794342
2026-02-19T15:00:02+00:00,4978,147787650,745.375,,38.434937
2026-02-19T15:05:02+00:00,3341,147787950,746.125,,38.232323
2026-02-19T15:10:02+00:00,3114,147788240,745.3125,,38.057755
2026-02-19T15:15:02+00:00,2779,147788500,745.875,,37.71102
2026-02-19T15:20:02+00:00,2529,147788720,745.375,,37.529022
2026-02-19T15:25:02+00:00,2443,147788930,745.4375,,37.261784
2026-02-19T15:30:02+00:00,2251,147789140,745.25,,37.05259
2026-02-19T15:35:02+00:00,2028,147789310,745.3125,,36.781887
2026-02-19T15:40:02+00:00,1815,147789470,745.5625,,36.509205
2026-02-19T15:45:02+00:00,1608,147789620,745.3125,,36.23452
2026-02-19T15:50:02+00:00,1546,147789760,745.3125,,35.86512
2026-02-19T15:55:02+00:00,1316,147789890,745.25,,35.616833
2026-02-19T16:00:02+00:00,1109,147789980,745.3125,,35.429543
2026-02-19T16:05:02+00:00,1031,147790080,745.375,,35.083755
2026-02-19T16:10:02+00:00,893,147790160,745.375,,34.809025
2026-02-19T16:15:02+00:00,807,147790240,745.25,,34.652267
2026-02-19T16:20:02+00:00,745,147790300,745.3125,,34.46839
2026-02-19T16:25:02+00:00,604,147790350,745.25,,34.256924
2026-02-19T16:30:02+00:00,527,147790400,745.875,,34.150658
2026-02-19T16:35:02+00:00,461,147790450,745.25,,34.070724
2026-02-19T16:40:02+00:00,426,147790480,745.375,,33.96383
2026-02-19T16:45:02+00:00,316,147790510,745.75,,33.910248
2026-02-19T16:50:02+00:00,274,147790540,745.3125,,33.74896
2026-02-19T16:55:02+00:00,182,147790560,745.75,,33.775898
2026-02-19T17:00:02+00:00,145,147790580,745.25,,33.613922
2026-02-19T17:05:02+00:00,63,147790600,745.3125,,33.505486
2026-02-19T17:10:02+00:00,34,147790600,745.5,,33.423912
2026-02-19T17:15:02+00:00,59,147790600,745.625,,33.369415
2026-02-19T17:20:02+00:00,0,147790600,405.5625,,32.146587
2026-02-19T17:25:02+00:00,0,147790600,334,,31.430796
2026-02-19T17:30:02+00:00,0,147790600,56.625,,30.192307
2026-02-19T17:35:02+00:00,0,147790600,36.25,,28.982206
2026-02-19T17:40:02+00:00,0,147790600,2.625,,28.087612
2026-02-19T19:20:02+00:00,0,147790600,0,,0
2026-02-20T05:20:01+00:00,0,147790600,0,,0
2026-02-20T06:10:01+00:00,0,147790600,47.5,,9.957026
2026-02-20T06:15:01+00:00,0,147790600,76.6875,,10.211529
2026-02-20T06:20:01+00:00,0,147790600,432.3125,,11.625088
2026-02-20T06:25:01+00:00,0,147790600,829,,12.906551
2026-02-20T06:30:01+00:00,0,147790600,828.6875,,11.214045
2026-02-20T06:35:01+00:00,115,147790600,745.25,,13.11611
2026-02-20T06:40:01+00:00,184,147790610,746,,14.492994
2026-02-20T06:45:01+00:00,264,147790620,745.9375,,15.442854
2026-02-20T06:50:01+00:00,370,147790660,745.375,,16.285141
2026-02-20T06:55:01+00:00,490,147790690,746,,16.9876
2026-02-20T07:00:01+00:00,636,147790740,745.4375,,17.539791
2026-02-20T07:05:01+00:00,796,147790800,746.125,,18.053553
2026-02-20T07:10:01+00:00,965,147790880,745.4375,,18.580702
2026-02-20T07:15:01+00:00,1156,147790980,745.125,,19.1441
2026-02-20T07:20:01+00:00,1338,147791070,745.375,,19.598896
2026-02-20T07:25:01+00:00,1577,147791200,745.4375,,19.997927
2026-02-20T07:30:01+00:00,1793,147791340,745.875,,20.530834
2026-02-20T07:35:01+00:00,2058,147791500,745.3125,,21.10453
2026-02-20T07:40:01+00:00,2284,147791700,745.3125,,21.733603
2026-02-20T07:45:01+00:00,2533,147791900,744.8125,,22.171253
2026-02-20T07:50:01+00:00,2754,147792130,745.4375,,22.714542
2026-02-20T07:55:01+00:00,3014,147792380,745.6875,,23.38194
2026-02-20T08:00:01+00:00,3300,147792660,745.375,,23.908342
2026-02-20T08:05:01+00:00,3527,147792940,745.25,,24.5208
2026-02-20T08:10:01+00:00,3741,147793250,745.875,,25.077984
2026-02-20T08:15:01+00:00,3966,147793580,745.4375,,25.756554
2026-02-20T08:20:01+00:00,4174,147793940,745.0625,,26.378017
2026-02-20T08:25:01+00:00,4384,147794300,745.375,,27.041271
2026-02-20T08:30:01+00:00,4609,147794690,745.3125,,27.82294
2026-02-20T08:35:01+00:00,4800,147795090,745.4375,,28.480055
2026-02-20T08:40:01+00:00,4977,147795520,745.9375,,29.28681
2026-02-20T08:45:01+00:00,5165,147795950,745.3125,,29.927324
2026-02-20T08:50:01+00:00,5353,147796400,745.3125,,30.718872
2026-02-20T08:55:01+00:00,5542,147796860,745.9375,,31.575205
2026-02-20T09:00:01+00:00,5721,147797340,745.4375,,32.33485
2026-02-20T09:05:01+00:00,5881,147797840,745.5625,,33.040478
2026-02-20T09:10:01+00:00,6145,147798370,745.9375,,33.856575
2026-02-20T09:15:01+00:00,6336,147798900,745.375,,34.521034
2026-02-20T09:20:01+00:00,6497,147799460,745.25,,35.33555
2026-02-20T09:25:01+00:00,6698,147800020,745.375,,36.173206
2026-02-20T09:30:01+00:00,6952,147800590,745.1875,,36.902443
2026-02-20T09:35:01+00:00,7153,147801200,745.3125,,37.706112
2026-02-20T09:40:01+00:00,7384,147801820,745.4375,,38.348236
2026-02-20T09:45:01+00:00,7630,147802480,745.375,,39.121162
2026-02-20T09:50:01+00:00,7837,147803140,745.125,,39.933323
2026-02-20T09:55:01+00:00,8011,147803820,745.9375,,40.692253
2026-02-20T10:00:01+00:00,8225,147804510,746,,41.576385
2026-02-20T10:05:01+00:00,8438,147805230,745.8125,,42.315334
2026-02-20T10:10:01+00:00,8530,147805970,745.9375,,43.13539
2026-02-20T10:15:01+00:00,8789,147806700,745.1875,,43.87325
2026-02-20T10:20:01+00:00,8935,147807470,745.9375,,44.578102
2026-02-20T10:25:01+00:00,9038,147808240,745.25,,43.441406
2026-02-20T10:30:01+00:00,9128,147809020,745.875,,42.821877
2026-02-20T10:35:01+00:00,9274,147809810,745.375,,43.067657
2026-02-20T10:40:01+00:00,9391,147810610,745.3125,,43.688725
2026-02-20T10:45:01+00:00,9403,147811410,745.375,,44.14851
2026-02-20T10:50:01+00:00,9453,147812220,746.0625,,44.81373
2026-02-20T10:55:01+00:00,9538,147813040,745.9375,,45.24432
2026-02-20T11:00:01+00:00,9597,147813860,745.5,,45.96443
2026-02-20T11:05:01+00:00,9645,147814690,745.375,,46.352818
2026-02-20T11:10:01+00:00,9655,147815500,746,,46.69741
2026-02-20T11:15:01+00:00,9736,147816350,745.5625,,47.396576
2026-02-20T11:20:01+00:00,9818,147817180,745.5,,47.841972
2026-02-20T11:25:01+00:00,9884,147818030,745.5625,,48.08011
2026-02-20T11:30:01+00:00,9883,147818880,745.375,,48.384552
2026-02-20T11:35:01+00:00,9972,147819730,745.625,,48.820915
2026-02-20T11:40:01+00:00,10007,147820580,745.625,,49.08747
2026-02-20T11:45:01+00:00,10052,147821440,745.3125,,49.120686
2026-02-20T11:50:01+00:00,10089,147822300,744.9375,,49.55037
2026-02-20T11:55:01+00:00,10009,147823170,745.9375,,49.709137
2026-02-20T12:00:01+00:00,10054,147824030,744.8125,,49.976185
2026-02-20T12:05:01+00:00,9973,147824900,745,,50.167507
2026-02-20T12:10:01+00:00,9981,147825740,745.125,,50.36305
2026-02-20T12:15:01+00:00,9975,147826610,745,,50.713318
2026-02-20T12:20:01+00:00,9975,147827460,744.9375,,51.06142
2026-02-20T12:25:01+00:00,9958,147828320,745.875,,50.82314
2026-02-20T12:30:01+00:00,9872,147829170,745.8125,,50.977814
2026-02-20T12:35:01+00:00,9808,147830020,745.4375,,51.247482
2026-02-20T12:40:01+00:00,9750,147830850,745.6875,,51.170567
2026-02-20T12:45:01+00:00,9690,147831700,746.0625,,51.32429
2026-02-20T12:50:01+00:00,9675,147832530,745.125,,51.400997
2026-02-20T12:55:01+00:00,9609,147833340,745.8125,,51.400997
2026-02-20T13:00:01+00:00,9488,147834180,744.9375,,51.63684
2026-02-20T13:05:01+00:00,9399,147834980,745.4375,,51.82734
2026-02-20T13:10:01+00:00,9260,147835780,745.5625,,51.935
2026-02-20T13:15:01+00:00,9211,147836580,745.25,,52.162308
2026-02-20T13:20:01+00:00,9094,147837360,745.375,,52.12449
2026-02-20T13:25:01+00:00,9008,147838130,745.4375,,52.08664
2026-02-20T13:30:01+00:00,8871,147838900,744.75,,52.24416
2026-02-20T13:35:01+00:00,8733,147839660,745.4375,,52.12449
2026-02-20T13:40:01+00:00,8601,147840400,745.4375,,52.351017
2026-02-20T13:45:01+00:00,8472,147841140,745.6875,,52.351017
2026-02-20T13:50:01+00:00,8331,147841860,745.875,,52.23787
2026-02-20T13:55:01+00:00,8204,147842560,745.625,,52.048767
2026-02-20T14:00:01+00:00,8066,147843260,745.375,,52.048767
2026-02-20T14:05:01+00:00,7960,147843950,745.5,,51.935
2026-02-20T14:10:01+00:00,7798,147844620,745.4375,,51.897026
2026-02-20T14:15:01+00:00,7638,147845300,745.4375,,51.78929
2026-02-20T14:20:01+00:00,7476,147845940,744.8125,,51.75122
2026-02-20T14:25:01+00:00,7285,147846580,745.4375,,51.63684
2026-02-20T14:30:01+00:00,7081,147847180,744.75,,51.483974
2026-02-20T14:35:01+00:00,6875,147847790,744.75,,51.17698
2026-02-20T14:40:01+00:00,6670,147848370,745.8125,,50.900528
2026-02-20T14:45:01+00:00,6453,147848930,746,,50.7844
2026-02-20T14:50:01+00:00,6233,147849470,745.4375,,50.551426
2026-02-20T14:55:01+00:00,6036,147850000,745.5625,,50.35654
2026-02-20T15:00:01+00:00,5851,147850510,744.75,,50.089104
2026-02-20T15:05:01+00:00,5553,147851000,745.9375,,49.709137
2026-02-20T15:10:01+00:00,5333,147851470,744.8125,,49.38557
2026-02-20T15:15:01+00:00,5125,147851920,745,,48.95438
2026-02-20T15:20:01+00:00,4932,147852350,745.375,,48.78749
2026-02-20T15:25:01+00:00,4681,147852770,745.4375,,48.51924
2026-02-20T15:30:01+00:00,4434,147853150,745.4375,,48.108376
2026-02-20T15:35:01+00:00,4165,147853520,744.9375,,47.910133
2026-02-20T15:40:01+00:00,3882,147853870,744.6875,,47.534058
2026-02-20T15:45:01+00:00,3625,147854190,745.375,,47.05114
2026-02-20T15:50:01+00:00,3354,147854500,745.4375,,46.738136
2026-02-20T15:55:01+00:00,3103,147854770,745.3125,,46.282433
2026-02-20T16:00:01+00:00,2828,147855020,745.5625,,45.322193
2026-02-20T16:05:01+00:00,2636,147855260,745.375,,44.118015
2026-02-20T16:10:01+00:00,2386,147855470,746.0625,,43.04158
2026-02-20T16:15:01+00:00,2184,147855660,745.375,,41.89389
2026-02-20T16:20:01+00:00,1958,147855860,746.0625,,40.758373
2026-02-20T16:25:01+00:00,1755,147856000,745.4375,,40.62051
2026-02-20T16:30:01+00:00,1544,147856140,745.3125,,41.180237
2026-02-20T16:35:01+00:00,1316,147856270,745.375,,40.785892
2026-02-20T16:40:01+00:00,1024,147856370,746,,40.259987
2026-02-20T16:45:01+00:00,794,147856450,745.375,,39.8779
2026-02-20T16:50:01+00:00,593,147856510,745.375,,39.48751
2026-02-20T16:55:01+00:00,461,147856560,745.375,,39.0692
2026-02-20T17:00:01+00:00,359,147856590,746,,38.69857
2026-02-20T17:05:01+00:00,261,147856620,746,,38.26617
2026-02-20T17:10:01+00:00,168,147856640,745.375,,38.02858
2026-02-20T17:15:01+00:00,95,147856640,745.75,,37.504356
2026-02-20T17:20:01+00:00,19,147856660,745.4375,,37.142387
2026-02-20T17:25:01+00:00,83,147856660,744.375,,36.721462
2026-02-20T17:30:01+00:00,0,147856660,357.9375,,35.115322
2026-02-20T17:35:01+00:00,0,147856660,174.5625,,34.203835
2026-02-20T17:40:01+00:00,0,147856660,39.5,,32.957714
2026-02-20T17:45:01+00:00,0,147856660,4.4375,,31.632792
2026-02-20T19:35:03+00:00,0,147856660,0,,0
2026-02-21T05:35:02+00:00,0,147856660,0,,0
2026-02-21T06:10:02+00:00,0,147856660,29.5,,11.933811
2026-02-21T06:15:02+00:00,0,147856660,44.0625,,12.282394
2026-02-21T06:20:02+00:00,0,147856660,99.6875,,12.625195
2026-02-21T06:25:02+00:00,0,147856660,513,,13.740295
2026-02-21T06:30:02+00:00,0,147856660,825.8125,,15.128147
2026-02-21T06:35:02+00:00,113,147856660,745.9375,,16.63902
2026-02-21T06:40:02+00:00,68,147856660,745.25,,17.383373
2026-02-21T06:45:02+00:00,148,147856660,745.5625,,18.205435
2026-02-21T06:50:02+00:00,207,147856670,745.9375,,18.949759
2026-02-21T06:55:02+00:00,309,147856700,745.375,,19.503933
2026-02-21T07:00:02+00:00,428,147856740,745.375,,19.997927
2026-02-21T07:05:02+00:00,568,147856770,745.4375,,20.544977
2026-02-21T07:10:02+00:00,705,147856830,745.3125,,21.076834
2026-02-21T07:15:02+00:00,747,147856900,745.875,,21.502882
2026-02-21T07:20:02+00:00,407,147856930,745.3125,,21.948889
2026-02-21T07:25:02+00:00,992,147857000,745.3125,,22.162397
2026-02-21T07:30:02+00:00,1868,147857180,745.4375,,22.947561
2026-02-21T07:35:02+00:00,1317,147857300,745.5625,,23.229485
2026-02-21T07:40:02+00:00,2371,147857460,745.3125,,23.6841
2026-02-21T07:45:02+00:00,2028,147857650,745.4375,,24.25319
2026-02-21T07:50:02+00:00,1672,147857820,745.375,,24.617395
2026-02-21T07:55:02+00:00,1409,147857950,745.5,,24.904911
2026-02-21T08:00:02+00:00,1473,147858060,745.5,,25.121763
2026-02-21T08:05:02+00:00,1895,147858200,745.3125,,25.527285
2026-02-21T08:10:02+00:00,2346,147858380,745.4375,,25.955717
2026-02-21T08:15:02+00:00,2525,147858600,745.4375,,26.517447
2026-02-21T08:20:02+00:00,2675,147858800,745.4375,,26.931774
2026-02-21T08:25:02+00:00,2390,147859020,745.4375,,27.448233
2026-02-21T08:30:02+00:00,2278,147859220,745.3125,,27.769709
2026-02-21T08:35:02+00:00,2278,147859420,745.5625,,28.034874
2026-02-21T08:40:02+00:00,2456,147859620,745.5,,28.349844
2026-02-21T08:45:02+00:00,2792,147859840,745.8125,,28.725813
2026-02-21T08:50:02+00:00,3132,147860100,745.75,,29.134924
2026-02-21T08:55:02+00:00,3312,147860370,745.75,,29.638018
2026-02-21T09:00:02+00:00,3362,147860660,745.8125,,30.01158
2026-02-21T09:05:02+00:00,3280,147860940,745.3125,,30.27232
2026-02-21T09:10:02+00:00,4205,147861260,745.875,,30.846771
2026-02-21T09:15:02+00:00,5230,147861650,746.125,,31.776321
2026-02-21T09:20:02+00:00,5130,147862130,745.875,,32.79155
2026-02-21T09:25:02+00:00,8544,147862600,745.875,,33.58685
2026-02-21T09:30:02+00:00,5713,147863200,745.5625,,34.835075
2026-02-21T09:35:02+00:00,4536,147863650,745.5625,,34.913094
2026-02-21T09:40:02+00:00,3413,147863970,745.9375,,34.577972
2026-02-21T09:45:02+00:00,9696,147864540,745.1875,,35.74118
2026-02-21T09:50:02+00:00,5541,147865000,745.375,,35.86512
2026-02-21T09:55:02+00:00,8908,147865600,745.375,,36.93252
2026-02-21T10:00:02+00:00,2438,147866240,745.1875,,37.794342
2026-02-21T10:05:02+00:00,8859,147866900,745.875,,38.6699
2026-02-21T10:10:02+00:00,8838,147867650,745.75,,39.88252
2026-02-21T10:15:02+00:00,8810,147868400,745.875,,40.82439
2026-02-21T10:20:02+00:00,8855,147869170,745.1875,,41.829502
2026-02-21T10:25:02+00:00,8892,147869940,745.25,,42.627365
2026-02-21T10:30:02+00:00,9153,147870700,745.1875,,43.41039
2026-02-21T10:35:02+00:00,9128,147871500,745.0625,,44.14851
2026-02-21T10:40:02+00:00,9282,147872290,745.3125,,44.998276
2026-02-21T10:45:02+00:00,9388,147873090,745.4375,,42.56409
2026-02-21T10:50:02+00:00,9451,147873900,746,,42.632637
2026-02-21T10:55:02+00:00,9561,147874720,745.4375,,43.03636
2026-02-21T11:00:02+00:00,9588,147875540,746.0625,,43.508533
2026-02-21T11:05:02+00:00,9648,147876370,746.3125,,43.909035
2026-02-21T11:10:02+00:00,9760,147877200,745.5625,,44.482464
2026-02-21T11:15:02+00:00,9813,147878050,745.6875,,44.69358
2026-02-21T11:20:02+00:00,9823,147878880,745.3125,,44.9933
2026-02-21T11:25:02+00:00,9893,147879730,745.5625,,45.46564
2026-02-21T11:30:02+00:00,9940,147880580,745.5625,,45.96443
2026-02-21T11:35:02+00:00,9924,147881440,745.4375,,46.17666
2026-02-21T11:40:02+00:00,9944,147882290,745.3125,,46.598373
2026-02-21T11:45:02+00:00,9980,147883140,745.5,,46.912277
2026-02-21T11:50:02+00:00,9990,147884000,745.6875,,47.2932
2026-02-21T11:55:02+00:00,10002,147884850,745.1875,,47.568367
2026-02-21T12:00:02+00:00,9999,147885710,745.625,,47.705368
2026-02-21T12:05:02+00:00,9968,147886560,745.5625,,47.876064
2026-02-21T12:10:02+00:00,9886,147887420,745.5625,,48.04616
2026-02-21T12:15:02+00:00,9662,147888270,745.5,,48.215656
2026-02-21T12:20:02+00:00,9911,147889100,745.5625,,48.14793
2026-02-21T12:25:02+00:00,9928,147889970,745.375,,48.350822
2026-02-21T12:30:02+00:00,9905,147890820,745.3125,,48.485607
2026-02-21T12:35:02+00:00,9780,147891660,746,,48.547256
2026-02-21T12:40:02+00:00,9760,147892500,745.625,,48.687073
2026-02-21T12:45:02+00:00,9708,147893330,745,,49.020973
2026-02-21T12:50:02+00:00,9655,147894160,745.875,,48.98214
2026-02-21T12:55:02+00:00,9558,147894990,746,,48.948826
2026-02-21T13:00:02+00:00,9489,147895800,745.5,,49.35254
2026-02-21T13:05:02+00:00,9392,147896600,744.8125,,49.6818
2026-02-21T13:10:02+00:00,9291,147897420,746.1875,,49.610657
2026-02-21T13:15:02+00:00,9235,147898200,746.0625,,49.80741
2026-02-21T13:20:02+00:00,9137,147899000,745.5,,49.943565
2026-02-21T13:25:02+00:00,9045,147899780,745.5625,,49.87826
2026-02-21T13:30:02+00:00,8897,147900540,745.5,,49.845573
2026-02-21T13:35:02+00:00,8849,147901310,745.0625,,50.010593
2026-02-21T13:40:02+00:00,8742,147902060,745.75,,49.943565
2026-02-21T13:45:02+00:00,8546,147902820,745.4375,,49.780136
2026-02-21T13:50:02+00:00,8440,147903540,745.1875,,49.87826
2026-02-21T13:55:02+00:00,8298,147904260,744.75,,49.74738
2026-02-21T14:00:02+00:00,8163,147904960,745.625,,49.64898
2026-02-21T14:05:02+00:00,7998,147905660,746.125,,49.57778
2026-02-21T14:10:02+00:00,7848,147906340,746,,49.479027
2026-02-21T14:15:02+00:00,7718,147907000,745.4375,,48.98214
2026-02-21T14:20:02+00:00,7555,147907660,745.6875,,48.78749
2026-02-21T14:25:02+00:00,7378,147908300,745.625,,48.451946
2026-02-21T14:30:02+00:00,7236,147908930,745.9375,,48.07445
2026-02-21T14:35:02+00:00,7069,147909540,745.625,,47.807858
2026-02-21T14:40:02+00:00,6839,147910140,745.5,,47.36214
2026-02-21T14:45:02+00:00,0,147910160,818,,43.87325
2026-02-21T14:50:02+00:00,6427,147910600,745.5,,44.938515
2026-02-21T14:55:02+00:00,6181,147911140,745.5625,,44.9086
2026-02-21T15:00:02+00:00,5925,147911650,745.4375,,44.788727
2026-02-21T15:05:02+00:00,5684,147912140,745.4375,,44.63337
2026-02-21T15:10:02+00:00,5378,147912620,745.6875,,44.39165
2026-02-21T15:15:02+00:00,5178,147913070,745.4375,,44.0875
2026-02-21T15:20:02+00:00,4970,147913520,745.6875,,43.87325
2026-02-21T15:25:02+00:00,4771,147913940,746.125,,43.570404
2026-02-21T15:30:02+00:00,4539,147914340,745.5,,43.130184
2026-02-21T15:35:02+00:00,4276,147914720,745.4375,,42.468994
2026-02-21T15:40:02+00:00,3923,147915060,745.6875,,41.635757
2026-02-21T15:45:02+00:00,3646,147915400,745.4375,,40.785892
2026-02-21T15:50:02+00:00,3392,147915680,745.5625,,40.287827
2026-02-21T15:55:02+00:00,3109,147915970,745.375,,41.570984
2026-02-21T16:00:02+00:00,2877,147916210,745.375,,41.27826
2026-02-21T16:05:02+00:00,2477,147916420,745.3125,,40.785892
2026-02-21T16:10:02+00:00,795,147916540,745.4375,,39.933323
2026-02-21T16:15:02+00:00,611,147916640,745.25,,39.206036
2026-02-21T16:20:02+00:00,678,147916780,745.3125,,38.86535
2026-02-21T16:25:02+00:00,604,147916830,745.375,,38.203285
2026-02-21T16:30:02+00:00,422,147916880,746.125,,37.62259
2026-02-21T16:35:02+00:00,487,147916910,745.3125,,37.172276
2026-02-21T16:40:02+00:00,407,147916940,745.1875,,36.630642
2026-02-21T16:45:02+00:00,341,147917000,745.4375,,35.7722
2026-02-21T16:50:02+00:00,334,147917010,745.3125,,35.24132
2026-02-21T16:55:02+00:00,244,147917040,745.1875,,34.965004
2026-02-21T17:00:02+00:00,204,147917060,745.375,,34.652267
2026-02-21T17:05:02+00:00,163,147917070,745.25,,34.547325
2026-02-21T17:10:02+00:00,77,147917090,745.875,,34.203835
2026-02-21T17:15:02+00:00,101,147917090,745.1875,,33.856575
2026-02-21T17:20:02+00:00,0,147917090,647.4375,,32.652428
2026-02-21T17:25:02+00:00,0,147917090,360.4375,,32.372375
2026-02-21T17:30:02+00:00,0,147917090,362.4375,,31.140068
2026-02-21T17:35:02+00:00,0,147917090,189.875,,30.252335
2026-02-21T17:40:02+00:00,0,147917090,34.125,,29.236273
2026-02-21T17:45:02+00:00,0,147917090,3.25,,28.310663
2026-02-21T17:50:02+00:00,0,147917090,1.375,,27.783026
2026-02-21T17:55:02+00:00,0,147917090,1.375,,27.783026
2026-02-21T19:40:04+00:00,0,147917090,0,,0
2026-02-22T05:40:03+00:00,0,147917090,0,,0
2026-02-22T06:05:03+00:00,0,147917090,32.125,,11.496632
2026-02-22T06:10:03+00:00,0,147917090,49.25,,11.716362
2026-02-22T06:15:03+00:00,0,147917090,340.625,,12.014774
2026-02-22T06:20:03+00:00,0,147917090,823.6875,,13.470383
2026-02-22T06:25:03+00:00,103,147917090,745.6875,,15.156927
2026-02-22T06:30:03+00:00,93,147917090,745.9375,,16.17517
2026-02-22T06:35:03+00:00,170,147917100,746,,16.907621
2026-02-22T06:40:03+00:00,259,147917120,745.8125,,17.695145
2026-02-22T06:45:03+00:00,498,147917150,745.8125,,18.306122
2026-02-22T06:50:03+00:00,708,147917200,745.8125,,18.75369
2026-02-22T06:55:03+00:00,619,147917260,745.3125,,19.264702
2026-02-22T07:00:03+00:00,816,147917310,745.9375,,19.74057
2026-02-22T07:05:03+00:00,1048,147917390,744.8125,,20.24164
2026-02-22T07:10:03+00:00,1142,147917490,745.4375,,20.601469
2026-02-22T07:15:03+00:00,1337,147917600,745.25,,21.132198
2026-02-22T07:20:03+00:00,907,147917700,745.3125,,21.570955
2026-02-22T07:25:03+00:00,1653,147917820,745.125,,22.029161
2026-02-22T07:30:03+00:00,820,147917920,745.375,,22.294943
2026-02-22T07:35:03+00:00,1629,147918000,745.3125,,22.610287
2026-02-22T07:40:03+00:00,2573,147918200,745.25,,23.203983
2026-02-22T07:45:03+00:00,3428,147918460,745.3125,,23.933136
2026-02-22T07:50:03+00:00,2749,147918750,745.75,,24.677572
2026-02-22T07:55:03+00:00,1820,147918910,745.4375,,24.761576
2026-02-22T08:00:03+00:00,1517,147919070,745.375,,25.00488
2026-02-22T08:05:03+00:00,5203,147919310,745.8125,,25.64214
2026-02-22T08:10:03+00:00,3875,147919740,745.3125,,27.041271
2026-02-22T08:15:03+00:00,1498,147920080,745.4375,,27.502064
2026-02-22T08:20:03+00:00,1940,147920210,745.3125,,27.177565
2026-02-22T08:25:03+00:00,6071,147920660,745.4375,,28.63552
2026-02-22T08:30:03+00:00,2280,147920900,745.875,,28.480055
2026-02-22T08:35:03+00:00,4477,147921120,745.9375,,28.583794
2026-02-22T08:40:03+00:00,7072,147921650,745.625,,29.935547
2026-02-22T08:45:03+00:00,2947,147922000,744.9375,,30.332205
2026-02-22T08:50:03+00:00,2305,147922270,745.375,,30.27232
2026-02-22T08:55:03+00:00,7608,147922560,745.3125,,30.540964
2026-02-22T09:00:03+00:00,2438,147923090,745.8125,,31.890694
2026-02-22T09:05:03+00:00,3398,147923360,745.8125,,31.661549
2026-02-22T09:10:03+00:00,8684,147923980,746.0625,,33.478317
2026-02-22T09:15:03+00:00,7967,147924720,745.9375,,35.05217
2026-02-22T09:20:03+00:00,3022,147925090,745.375,,34.415657
2026-02-22T09:25:03+00:00,5506,147925460,745.8125,,34.494728
2026-02-22T09:30:03+00:00,8762,147926110,745.9375,,35.957813
2026-02-22T09:35:03+00:00,9091,147926910,745.25,,38.232323
2026-02-22T09:40:03+00:00,2600,147927300,745.6875,,37.202137
2026-02-22T09:45:03+00:00,2788,147927520,745.8125,,36.081047
2026-02-22T09:50:03+00:00,2949,147927740,745.375,,35.366905
2026-02-22T09:55:03+00:00,9446,147928370,745.25,,37.23197
2026-02-22T10:00:03+00:00,10396,147929100,746,,38.92235
2026-02-22T10:05:03+00:00,11479,147929860,745.1875,,40.086983
2026-02-22T10:10:03+00:00,5524,147930690,745.3125,,41.89389
2026-02-22T10:15:03+00:00,3181,147931020,745.375,,39.961
2026-02-22T10:20:03+00:00,9243,147931580,745.375,,40.487747
2026-02-22T10:25:03+00:00,9455,147932380,746.75,,42.187744
2026-02-22T10:30:03+00:00,10562,147933230,745.625,,43.570404
2026-02-22T10:35:03+00:00,2848,147934000,745.75,,44.2145
2026-02-22T10:40:03+00:00,12250,147934610,748.0625,,44.396706
2026-02-22T10:45:03+00:00,3449,147935420,745.9375,,42.821877
2026-02-22T10:50:03+00:00,2453,147935660,745.3125,,40.019825
2026-02-22T10:55:03+00:00,11582,147936200,748.5,,42.664234
2026-02-22T11:00:03+00:00,7807,147937170,746.1875,,43.878365
2026-02-22T11:05:03+00:00,3256,147937700,745.25,,41.99028
2026-02-22T11:10:03+00:00,10882,147938100,745.625,,41.114765
2026-02-22T11:15:03+00:00,12881,147939070,749.375,,43.472404
2026-02-22T11:20:03+00:00,3753,147939650,745.75,,42.69581
2026-02-22T11:25:03+00:00,2700,147939950,746,,41.185688
2026-02-22T11:30:03+00:00,12722,147940400,747.1875,,41.27826
2026-02-22T11:35:03+00:00,5205,147941260,746,,42.884766
2026-02-22T11:40:03+00:00,7249,147941920,746.125,,42.727364
2026-02-22T11:45:03+00:00,11946,147942580,749,,43.098934
2026-02-22T11:50:03+00:00,4803,147943410,746.0625,,44.118015
2026-02-22T11:55:03+00:00,3620,147943940,745.4375,,43.25495
2026-02-22T12:00:03+00:00,11864,147944660,747.875,,43.99581
2026-02-22T12:05:03+00:00,8128,147945570,745.4375,,45.1423
2026-02-22T12:10:03+00:00,3063,147946190,745.375,,44.421944
2026-02-22T12:15:03+00:00,3941,147946880,746.5625,,44.963425
2026-02-22T12:20:03+00:00,10807,147947820,746.25,,46.03528
2026-02-22T12:25:03+00:00,10544,147948690,750.125,,46.382114
2026-02-22T12:30:03+00:00,11410,147949620,746.875,,47.465363
2026-02-22T12:35:03+00:00,4241,147950300,745.875,,46.557533
2026-02-22T12:40:03+00:00,4081,147950830,745.9375,,45.816513
2026-02-22T12:45:03+00:00,11619,147951740,749.5625,,47.459637
2026-02-22T12:50:03+00:00,11592,147952740,747.875,,48.51924
2026-02-22T12:55:03+00:00,5434,147953540,746,,48.614418
2026-02-22T13:00:03+00:00,3472,147954200,745.25,,48.181805
2026-02-22T13:05:03+00:00,10929,147954910,747,,48.350822
2026-02-22T13:10:03+00:00,10093,147955730,748.5625,,48.412647
2026-02-22T13:15:03+00:00,9753,147956580,746.5625,,48.58085
2026-02-22T13:20:03+00:00,9638,147957400,745.5,,48.687073
2026-02-22T13:25:03+00:00,9881,147958240,748.25,,48.653557
2026-02-22T13:30:03+00:00,9744,147959090,748.6875,,48.62001
2026-02-22T13:35:03+00:00,10254,147959950,747.4375,,49.120686
2026-02-22T13:40:03+00:00,9947,147960820,747.0625,,49.418575
2026-02-22T13:45:03+00:00,9757,147961660,746.5,,49.45156
2026-02-22T13:50:03+00:00,9591,147962480,746.875,,49.31949
2026-02-22T13:55:03+00:00,9156,147963280,745.5,,49.120686
2026-02-22T14:00:03+00:00,8893,147964060,745.375,,48.95438
2026-02-22T14:05:03+00:00,8752,147964800,745.375,,48.887695
2026-02-22T14:10:03+00:00,8711,147965550,745.5625,,48.92105
2026-02-22T14:15:03+00:00,8577,147966300,745.4375,,48.687073
2026-02-22T14:20:03+00:00,8450,147967020,745.5,,48.384552
2026-02-22T14:25:03+00:00,8097,147967740,746,,48.412647
2026-02-22T14:30:03+00:00,7771,147968420,746,,47.938503
2026-02-22T14:35:03+00:00,8006,147969090,745.75,,47.494
2026-02-22T14:40:03+00:00,7500,147969740,746.0625,,47.18385
2026-02-22T14:45:03+00:00,7026,147970370,746.0625,,47.045364
2026-02-22T14:50:03+00:00,7167,147970990,745.5625,,46.738136
2026-02-22T14:55:03+00:00,6748,147971580,746.0625,,46.276558
2026-02-22T15:00:03+00:00,6236,147972140,746.0625,,45.993965
2026-02-22T15:05:03+00:00,5899,147972660,745.875,,44.963425
2026-02-22T15:10:03+00:00,5673,147973150,745.5,,44.239853
2026-02-22T15:15:03+00:00,5434,147973630,745.6875,,43.65789
2026-02-22T15:20:03+00:00,5152,147974100,745.4375,,43.03636
2026-02-22T15:25:03+00:00,5404,147974540,745.5625,,42.341866
2026-02-22T15:30:03+00:00,4795,147974990,745.6875,,41.86171
2026-02-22T15:35:03+00:00,4616,147975220,745.375,,40.75287
2026-02-22T15:40:03+00:00,4000,147975580,745.4375,,39.961
2026-02-22T15:45:03+00:00,695,147975870,745.625,,41.310883
2026-02-22T15:50:03+00:00,859,147975940,745.4375,,40.520973
2026-02-22T15:55:03+00:00,2964,147976060,745.25,,39.933323
2026-02-22T16:00:03+00:00,2873,147976340,745.5625,,39.85015
2026-02-22T16:05:03+00:00,2620,147976580,745.3125,,39.54354
2026-02-22T16:10:03+00:00,2395,147976780,745.4375,,39.206036
2026-02-22T16:15:03+00:00,2230,147976980,745.5,,38.80825
2026-02-22T16:20:03+00:00,1995,147977170,745.5625,,38.57897
2026-02-22T16:25:03+00:00,1785,147977330,744.9375,,37.93604
2026-02-22T16:30:03+00:00,1560,147977470,745.5625,,37.469803
2026-02-22T16:35:03+00:00,1311,147977580,745.5,,36.872337
2026-02-22T16:40:03+00:00,1080,147977700,745.5,,36.417866
2026-02-22T16:45:03+00:00,868,147977780,745.4375,,35.98866
2026-02-22T16:50:03+00:00,663,147977840,745.1875,,35.61164
2026-02-22T16:55:03+00:00,541,147977890,745.0625,,35.14161
2026-02-22T17:00:03+00:00,409,147977940,744.9375,,34.96068
2026-02-22T17:05:03+00:00,294,147977970,744.9375,,34.621696
2026-02-22T17:10:03+00:00,198,147977980,745.4375,,34.256924
2026-02-22T17:15:03+00:00,109,147978000,744.875,,33.954906
2026-02-22T17:20:03+00:00,53,147978020,745.0625,,33.523582
2026-02-22T17:25:03+00:00,62,147978020,744.9375,,33.305717
2026-02-22T17:30:03+00:00,0,147978020,420.6875,,32.42858
2026-02-22T17:35:03+00:00,0,147978020,330.75,,31.130333
2026-02-22T17:40:03+00:00,0,147978020,51.375,,29.910873
2026-02-22T17:45:03+00:00,0,147978020,26.0625,,28.73869
2026-02-22T17:50:03+00:00,0,147978020,1.375,,27.9026
2026-02-22T17:55:03+00:00,0,147978020,1.375,,27.849518
2026-02-22T18:00:03+00:00,0,147978020,1.375,,27.849518
2026-02-22T19:40:02+00:00,0,147978020,0,,0
2026-02-23T05:40:03+00:00,0,147978020,0,,0
2026-02-23T06:05:03+00:00,0,147978020,39.6875,,8.551327
2026-02-23T06:10:03+00:00,0,147978020,68.75,,8.855743
2026-02-23T06:15:03+00:00,0,147978020,406.25,,9.743008
2026-02-23T06:20:03+00:00,0,147978020,813.5,,10.8186455
2026-02-23T06:25:03+00:00,100,147978020,745.3125,,12.010284
2026-02-23T06:30:03+00:00,97,147978020,745.75,,13.167103
2026-02-23T06:35:03+00:00,173,147978030,745.4375,,14.014744
2026-02-23T06:40:03+00:00,246,147978050,745.75,,14.68265
2026-02-23T06:45:03+00:00,337,147978060,745.75,,15.243065
2026-02-23T06:50:03+00:00,465,147978100,745.875,,15.837482
2026-02-23T06:55:03+00:00,603,147978140,745.1875,,16.399147
2026-02-23T07:00:03+00:00,752,147978200,746.0625,,16.934313
2026-02-23T07:05:03+00:00,935,147978270,744.9375,,17.466063
2026-02-23T07:10:03+00:00,1103,147978370,745.4375,,17.9262
2026-02-23T07:15:03+00:00,1277,147978460,745.375,,18.406359
2026-02-23T07:20:03+00:00,1513,147978600,745.4375,,18.80287
2026-02-23T07:25:03+00:00,1717,147978720,745.75,,19.288744
2026-02-23T07:30:03+00:00,1963,147978880,745.9375,,19.74057
2026-02-23T07:35:03+00:00,2202,147979060,745.9375,,20.313046
2026-02-23T07:40:03+00:00,2436,147979260,744.9375,,20.91933
2026-02-23T07:45:03+00:00,2667,147979470,745.4375,,21.543749
2026-02-23T07:50:03+00:00,2955,147979710,745.25,,22.029161
2026-02-23T07:55:03+00:00,3243,147979980,745.4375,,22.714542
2026-02-23T08:00:03+00:00,3487,147980270,745.5,,23.38194
2026-02-23T08:05:03+00:00,3694,147980590,745.4375,,23.883528
2026-02-23T08:10:03+00:00,4002,147980930,745.875,,24.496593
2026-02-23T08:15:03+00:00,4153,147981260,746.0625,,25.150911
2026-02-23T08:20:03+00:00,4384,147981630,746,,26.026522
2026-02-23T08:25:03+00:00,4571,147982020,745.875,,26.79432
2026-02-23T08:30:03+00:00,4821,147982430,745.375,,27.528942
2026-02-23T08:35:03+00:00,5004,147982850,745.375,,28.271427
2026-02-23T08:40:03+00:00,5275,147983280,745.375,,28.994965
2026-02-23T08:45:03+00:00,5488,147983740,745.4375,,29.778917
2026-02-23T08:50:03+00:00,5623,147984220,745.4375,,30.51122
2026-02-23T08:55:03+00:00,5745,147984700,745.3125,,31.33417
2026-02-23T09:00:03+00:00,5907,147985220,745.5,,32.02363
2026-02-23T09:05:03+00:00,6179,147985730,745.3125,,32.782295
2026-02-23T09:10:03+00:00,6353,147986270,745.5625,,33.523582
2026-02-23T09:15:03+00:00,6545,147986820,746.0625,,34.309925
2026-02-23T09:20:03+00:00,6709,147987400,746,,34.99092
2026-02-23T09:25:03+00:00,6849,147987980,745.375,,35.7722
2026-02-23T09:30:03+00:00,7139,147988580,745.9375,,36.417866
2026-02-23T09:35:03+00:00,7296,147989200,745.5,,37.261784
2026-02-23T09:40:03+00:00,7495,147989840,745.25,,37.940918
2026-02-23T09:45:03+00:00,7745,147990500,745.375,,38.60771
2026-02-23T09:50:03+00:00,7971,147991170,745.625,,39.375183
2026-02-23T09:55:03+00:00,8165,147991860,745.375,,40.15403
2026-02-23T10:00:03+00:00,8401,147992580,745.5,,41.114765
2026-02-23T10:05:03+00:00,8582,147993300,745.5,,41.86171
2026-02-23T10:10:03+00:00,8799,147994050,745.4375,,42.532417
2026-02-23T10:15:03+00:00,8918,147994800,745.4375,,43.19262
2026-02-23T10:20:03+00:00,9099,147995580,745.5,,43.78109
2026-02-23T10:25:03+00:00,9188,147996370,745.1875,,44.421944
2026-02-23T10:30:03+00:00,9263,147997150,745.875,,44.81373
2026-02-23T10:35:03+00:00,9461,147997950,745.375,,42.65897
2026-02-23T10:40:03+00:00,9508,147998770,745.5625,,42.373684
2026-02-23T10:45:03+00:00,9639,147999600,745.4375,,42.373684
2026-02-23T10:50:03+00:00,9853,148000450,745.3125,,42.65897
2026-02-23T10:55:03+00:00,8283,148001150,746.3125,,42.24627
2026-02-23T11:00:03+00:00,2521,148001950,745.625,,42.56409
2026-02-23T11:05:03+00:00,10832,148002850,745.5625,,43.565247
2026-02-23T11:10:03+00:00,10494,148003740,745.875,,43.84767
2026-02-23T11:15:03+00:00,10688,148004660,746.0625,,44.244923
2026-02-23T11:20:03+00:00,1899,148005550,745.625,,44.63337
2026-02-23T11:25:03+00:00,11483,148006190,745.4375,,43.965206
2026-02-23T11:30:03+00:00,11557,148007180,746,,44.81373
2026-02-23T11:35:03+00:00,12310,148008210,746,,45.638416
2026-02-23T11:40:03+00:00,3570,148009150,745.9375,,46.31177
2026-02-23T11:45:03+00:00,4416,148009470,746,,43.970306
2026-02-23T11:50:03+00:00,3528,148010300,746,,44.903614
2026-02-23T11:55:03+00:00,3320,148010670,746.0625,,43.072876
2026-02-23T12:00:03+00:00,3964,148010980,745.5625,,41.76502
2026-02-23T12:05:03+00:00,3903,148011330,745.3125,,40.917744
2026-02-23T12:10:03+00:00,3384,148011630,746.375,,40.293392
2026-02-23T12:15:03+00:00,3799,148011940,746,,41.185688
2026-02-23T12:20:03+00:00,4182,148012290,745.75,,41.54396
2026-02-23T12:25:03+00:00,3085,148012720,745.875,,42.315334
2026-02-23T12:30:03+00:00,3546,148013200,745.3125,,42.34717
2026-02-23T12:35:03+00:00,4358,148013580,745.3125,,41.570984
2026-02-23T12:40:03+00:00,4075,148013950,746.125,,40.85736
2026-02-23T12:45:03+00:00,6414,148014420,746.5,,41.218384
2026-02-23T12:50:03+00:00,3260,148014880,745.4375,,41.114765
2026-02-23T12:55:03+00:00,824,148015060,745.875,,39.436066
2026-02-23T13:00:03+00:00,1273,148015140,745.1875,,38.02858
2026-02-23T13:05:03+00:00,1921,148015260,746.0625,,36.93753
2026-02-23T13:10:03+00:00,2706,148015470,745.3125,,36.539604
2026-02-23T13:15:03+00:00,3487,148015740,745.25,,36.509205
2026-02-23T13:20:03+00:00,12065,148016290,745.75,,37.764954
2026-02-23T13:25:03+00:00,6323,148017060,745.125,,39.459457
2026-02-23T13:30:03+00:00,9672,148017840,745.4375,,41.04919
2026-02-23T13:35:03+00:00,2826,148018670,745,,42.214355
2026-02-23T13:40:03+00:00,4697,148018910,745.875,,39.937935
2026-02-23T13:45:03+00:00,9846,148019630,746.6875,,41.120224
2026-02-23T13:50:03+00:00,10051,148020500,748,,42.56409
2026-02-23T13:55:03+00:00,10359,148021360,749.375,,43.534325
2026-02-23T14:00:03+00:00,11193,148022260,745.9375,,44.668503
2026-02-23T14:05:03+00:00,4924,148022960,745.5,,41.635757
2026-02-23T14:10:03+00:00,4188,148023380,745.75,,40.758373
2026-02-23T14:15:03+00:00,2861,148023650,745.9375,,40.226555
2026-02-23T14:20:03+00:00,3219,148023900,745.9375,,39.60414
2026-02-23T14:25:03+00:00,4006,148024240,745.8125,,39.464134
2026-02-23T14:30:03+00:00,3759,148024560,746.125,,39.097557
2026-02-23T14:35:03+00:00,10397,148025060,746.875,,39.71111
2026-02-23T14:40:03+00:00,9254,148025890,748.1875,,41.73812
2026-02-23T14:45:03+00:00,4085,148026600,745.125,,42.24627
2026-02-23T14:50:03+00:00,3956,148026910,745.875,,40.692253
2026-02-23T14:55:03+00:00,2501,148027180,745.4375,,39.515533
2026-02-23T15:10:03+00:00,0,148027070,840.875,,32.643127
2026-02-23T15:15:03+00:00,6344,148027140,745.8125,,31.947733
2026-02-23T15:20:03+00:00,4799,148027620,745.8125,,34.33639
2026-02-23T15:25:03+00:00,7116,148028130,745.375,,35.523304
2026-02-23T15:30:03+00:00,2217,148028450,745.5,,35.58568
2026-02-23T15:35:03+00:00,5922,148028780,745.5,,35.8032
2026-02-23T15:40:03+00:00,5555,148029300,745.3125,,36.751686
2026-02-23T15:45:03+00:00,4205,148029700,745.4375,,37.08255
2026-02-23T15:50:03+00:00,3191,148030020,745.5,,36.842213
2026-02-23T15:55:03+00:00,3364,148030220,745.4375,,36.173206
2026-02-23T16:00:03+00:00,3175,148030500,745.3125,,36.050274
2026-02-23T16:05:03+00:00,3425,148030660,745.375,,35.74118
2026-02-23T16:10:03+00:00,2998,148030850,745.1875,,35.398235
2026-02-23T16:15:03+00:00,2581,148031100,745.5,,35.429543
2026-02-23T16:20:03+00:00,2544,148031300,745.25,,35.083755
2026-02-23T16:25:03+00:00,2173,148031500,745.375,,34.965004
2026-02-23T16:30:03+00:00,2009,148031680,745.25,,34.70461
2026-02-23T16:35:03+00:00,849,148031820,745.3125,,34.415657
2026-02-23T16:40:03+00:00,840,148031920,745.375,,34.044037
2026-02-23T16:45:03+00:00,360,148031950,745.5,,33.53263
2026-02-23T16:50:03+00:00,700,148032020,745.25,,33.2875
2026-02-23T16:55:03+00:00,278,148032080,745.375,,33.003723
2026-02-23T17:00:03+00:00,246,148032100,745.9375,,32.70815
2026-02-23T17:05:03+00:00,148,148032110,746.0625,,32.372375
2026-02-23T17:10:03+00:00,110,148032130,745.5,,31.938234
2026-02-23T17:15:03+00:00,58,148032140,745.4375,,31.680704
2026-02-23T17:20:03+00:00,87,148032140,745.375,,31.479
2026-02-23T17:25:03+00:00,0,148032140,608.3125,,30.421831
2026-02-23T17:30:03+00:00,0,148032140,398.1875,,29.88618
2026-02-23T17:35:03+00:00,0,148032140,178.9375,,29.033205
2026-02-23T17:40:03+00:00,0,148032140,40.75,,27.849518
2026-02-23T17:45:03+00:00,0,148032140,5.5625,,26.931774
2026-02-23T17:50:03+00:00,0,148032140,1.375,,26.350054
2026-02-23T17:55:03+00:00,0,148032140,1.375,,26.350054
2026-02-23T18:45:02+00:00,0,148032130,0,,0
2026-02-24T04:45:02+00:00,0,148032130,0,,0
2026-02-24T06:10:02+00:00,0,148032130,42.25,,11.021969
2026-02-24T06:15:02+00:00,0,148032130,68.9375,,11.274586
2026-02-24T06:20:02+00:00,0,148032130,504.1875,,12.144554
2026-02-24T06:25:02+00:00,0,148032130,579.375,,12.936621
2026-02-24T06:30:02+00:00,0,148032130,61.125,,13.41596
2026-02-24T06:35:02+00:00,0,148032130,798.0625,,13.11611
2026-02-24T06:40:02+00:00,87,148032130,745.4375,,14.948202
2026-02-24T06:45:02+00:00,309,148032140,745.9375,,16.087742
2026-02-24T06:50:02+00:00,807,148032200,745.875,,17.014198
2026-02-24T06:55:02+00:00,747,148032270,746,,17.8238
2026-02-24T07:00:02+00:00,413,148032320,745.8125,,18.431349
2026-02-24T07:05:02+00:00,257,148032350,745.9375,,18.82742
2026-02-24T07:10:02+00:00,853,148032380,745.3125,,19.264702
2026-02-24T07:15:02+00:00,2274,148032510,745.5,,19.95136
2026-02-24T07:20:02+00:00,642,148032640,745.375,,20.511965
2026-02-24T07:25:02+00:00,656,148032690,745.4375,,20.826237
2026-02-24T07:30:02+00:00,699,148032750,746.0625,,21.076834
2026-02-24T07:35:02+00:00,2683,148032880,745.5625,,21.543749
2026-02-24T07:40:02+00:00,1701,148033120,745.4375,,22.188961
2026-02-24T07:45:02+00:00,445,148033170,745.4375,,22.002432
2026-02-24T07:50:02+00:00,860,148033230,745.5,,21.975674
2026-02-24T07:55:02+00:00,1497,148033340,745.4375,,21.975674
2026-02-24T08:00:02+00:00,1370,148033460,745.5,,22.082539
2026-02-24T08:05:02+00:00,2030,148033600,745.4375,,22.34777
2026-02-24T08:10:02+00:00,3084,148033810,745.25,,22.610287
2026-02-24T08:15:02+00:00,3061,148034060,745.375,,23.024763
2026-02-24T08:20:02+00:00,1584,148034240,745.5,,23.0761
2026-02-24T08:25:02+00:00,6105,148034530,745.4375,,23.659058
2026-02-24T08:30:02+00:00,6728,148035060,745.5625,,25.180033
2026-02-24T08:35:02+00:00,2352,148035570,745.5,,26.378017
2026-02-24T08:40:02+00:00,6389,148035950,746.125,,26.61465
2026-02-24T08:45:02+00:00,6711,148036450,745.8125,,27.502064
2026-02-24T08:50:02+00:00,8189,148037000,745.625,,28.113945
2026-02-24T08:55:02+00:00,3819,148037540,745.5,,28.867119
2026-02-24T09:00:02+00:00,8224,148037950,745.8125,,28.854301
2026-02-24T09:05:02+00:00,8423,148038580,745.375,,29.927324
2026-02-24T09:10:02+00:00,10493,148039380,745.8125,,31.919226
2026-02-24T09:15:02+00:00,9547,148040160,745.375,,33.414837
2026-02-24T09:20:02+00:00,8690,148040880,745.25,,34.00841
2026-02-24T09:25:02+00:00,5042,148041580,745.4375,,34.595467
2026-02-24T09:30:02+00:00,6320,148042270,745.5625,,35.48687
2026-02-24T09:35:02+00:00,5591,148042800,745.5625,,34.986603
2026-02-24T09:40:02+00:00,3893,148043310,744.875,,34.856766
2026-02-24T09:45:02+00:00,3837,148043620,745.5,,33.954906
2026-02-24T09:50:02+00:00,4586,148044000,745.5,,33.847622
2026-02-24T09:55:02+00:00,3167,148044370,745.25,,33.57782
2026-02-24T10:00:02+00:00,10326,148045070,745.4375,,35.393017
2026-02-24T10:05:02+00:00,6051,148045780,745.5,,36.290634
2026-02-24T10:10:02+00:00,3063,148046160,744.875,,35.33032
2026-02-24T10:15:02+00:00,3143,148046430,745.375,,34.19498
2026-02-24T10:20:02+00:00,14073,148046780,745.3125,,33.874474
2026-02-24T10:25:02+00:00,4191,148047300,745.5625,,34.56922
2026-02-24T10:30:02+00:00,4817,148047650,745.5625,,34.115158
2026-02-24T10:35:02+00:00,5388,148048240,745.375,,34.934734
2026-02-24T10:40:02+00:00,3109,148048580,745.5625,,34.35843
2026-02-24T10:45:02+00:00,4034,148048880,745.4375,,33.414837
2026-02-24T10:50:02+00:00,3299,148049260,745.3125,,33.550713
2026-02-24T10:55:02+00:00,2712,148049490,745.375,,33.141342
2026-02-24T11:00:02+00:00,3026,148049740,745.25,,32.976128
2026-02-24T11:05:01+00:00,2389,148049970,745.3125,,32.587296
2026-02-24T11:10:02+00:00,14081,148050460,745.5,,34.168392
2026-02-24T11:15:02+00:00,14010,148051180,745.5,,35.952667
2026-02-24T11:20:02+00:00,10021,148051730,745.0625,,36.106667
2026-02-24T11:25:02+00:00,7263,148052600,745.5,,38.521427
2026-02-24T11:30:02+00:00,5930,148053220,745.1875,,38.60771
2026-02-24T11:35:02+00:00,5370,148053950,745.3125,,39.766792
2026-02-24T11:40:02+00:00,2771,148054350,745.875,,38.49262
2026-02-24T11:45:02+00:00,1455,148054510,745.5625,,36.962578
2026-02-24T11:50:02+00:00,3575,148054720,744.8125,,35.890892
2026-02-24T11:55:02+00:00,4936,148055070,745.375,,35.7722
2026-02-24T12:00:02+00:00,6543,148055620,745.5625,,36.807034
2026-02-24T12:05:02+00:00,6266,148056240,745,,38.052895
2026-02-24T12:10:02+00:00,7782,148056780,745.625,,38.463787
2026-02-24T12:15:02+00:00,12052,148057440,744.9375,,39.064472
2026-02-24T12:20:02+00:00,5029,148058030,745.4375,,39.347046
2026-02-24T12:25:02+00:00,11289,148058780,745.375,,40.686737
2026-02-24T12:30:02+00:00,12033,148059820,745.4375,,43.62703
2026-02-24T12:35:02+00:00,12078,148060700,745.3125,,44.421944
2026-02-24T12:40:02+00:00,9749,148061630,746.125,,42.18242
2026-02-24T12:45:02+00:00,12170,148062600,745.5625,,42.02236
2026-02-24T12:50:02+00:00,12430,148063630,745.4375,,42.87953
2026-02-24T12:55:02+00:00,12890,148064700,746.125,,43.99581
2026-02-24T13:00:02+00:00,14165,148065820,749.375,,45.07016
2026-02-24T13:05:02+00:00,4569,148066900,745.9375,,45.531246
2026-02-24T13:10:02+00:00,14937,148067620,749.1875,,44.81373
2026-02-24T13:15:02+00:00,4844,148068480,745.4375,,44.998276
2026-02-24T13:20:02+00:00,13477,148069000,745.25,,43.441406
2026-02-24T13:25:02+00:00,14249,148070000,745.5,,44.663486
2026-02-24T13:30:02+00:00,5286,148070780,746.125,,44.300644
2026-02-24T13:35:02+00:00,2591,148071140,745.4375,,42.08646
2026-02-24T13:40:02+00:00,2753,148071340,745.625,,40.587357
2026-02-24T13:45:02+00:00,8712,148071950,745.1875,,43.067657
2026-02-24T13:50:02+00:00,1009,148072080,745.6875,,41.310883
2026-02-24T13:55:02+00:00,1609,148072180,745.5,,39.933323
2026-02-24T14:00:01+00:00,1472,148072400,745.4375,,39.234283
2026-02-24T14:05:02+00:00,10576,148072600,745.4375,,38.722443
2026-02-24T14:10:02+00:00,1805,148072860,745.3125,,38.434937
2026-02-24T14:15:01+00:00,10772,148073460,745.5,,39.65534
2026-02-24T14:20:01+00:00,10213,148074350,745.4375,,42.43725
2026-02-24T14:25:01+00:00,1305,148074800,745.4375,,41.44113
2026-02-24T14:30:01+00:00,1425,148074910,746,,39.571518
2026-02-24T14:35:01+00:00,1547,148075040,745.3125,,38.521427
2026-02-24T14:40:01+00:00,2151,148075180,745.375,,37.8237
2026-02-24T14:45:01+00:00,2648,148075410,745.4375,,37.67666
2026-02-24T14:50:01+00:00,2286,148075630,745.4375,,37.321335
2026-02-24T14:55:01+00:00,2677,148075820,745.3125,,36.751686
2026-02-24T15:00:01+00:00,5617,148076210,745.3125,,37.05259
2026-02-24T15:05:01+00:00,5239,148076820,744.875,,38.2565
2026-02-24T15:10:01+00:00,9074,148077230,745.3125,,38.02858
2026-02-24T15:15:01+00:00,4277,148077810,745.4375,,38.979267
2026-02-24T15:20:01+00:00,3023,148078180,745.375,,38.60771
2026-02-24T15:25:01+00:00,1201,148078350,745.3125,,37.499424
2026-02-24T15:30:01+00:00,750,148078430,745.3125,,36.23452
2026-02-24T15:35:01+00:00,528,148078480,745.25,,35.366905
2026-02-24T15:40:01+00:00,741,148078530,745.3125,,34.652267
2026-02-24T15:45:01+00:00,731,148078600,745.875,,34.177258
2026-02-24T15:50:01+00:00,777,148078660,745.375,,33.990585
2026-02-24T15:55:01+00:00,747,148078740,745.5625,,33.793846
2026-02-24T16:00:01+00:00,596,148078780,745.8125,,33.53263
2026-02-24T16:05:01+00:00,601,148078830,745,,33.33303
2026-02-24T16:10:01+00:00,678,148078900,745.1875,,33.205368
2026-02-24T16:15:01+00:00,773,148078960,745.375,,33.1688
2026-02-24T16:20:01+00:00,527,148079020,745.625,,32.920864
2026-02-24T16:25:01+00:00,438,148079060,745.3125,,32.615227
2026-02-24T16:30:01+00:00,366,148079090,745.375,,32.250267
2026-02-24T16:35:01+00:00,413,148079120,745.4375,,31.909718
2026-02-24T16:40:01+00:00,610,148079170,745.875,,31.890694
2026-02-24T16:45:01+00:00,657,148079220,745,,31.738106
2026-02-24T16:50:01+00:00,485,148079260,745.4375,,31.60401
2026-02-24T16:55:01+00:00,287,148079310,745.375,,31.39218
2026-02-24T17:00:01+00:00,356,148079340,745.5,,31.130333
2026-02-24T17:05:01+00:00,304,148079380,745.4375,,30.983967
2026-02-24T17:10:01+00:00,221,148079400,745.5625,,30.659676
2026-02-24T17:15:01+00:00,109,148079410,745.4375,,30.57068
2026-02-24T17:20:01+00:00,81,148079410,745.5625,,30.362106
2026-02-24T17:25:01+00:00,95,148079410,745.375,,30.212328
2026-02-24T17:30:01+00:00,0,148079410,491.25,,29.236273
2026-02-24T17:35:01+00:00,0,148079410,384,,28.73869
2026-02-24T17:40:01+00:00,0,148079410,65.6875,,27.889338
2026-02-24T17:45:01+00:00,0,148079410,35.0625,,26.489614
2026-02-24T17:50:01+00:00,0,148079410,1.5,,25.46969
2026-02-24T17:55:01+00:00,0,148079410,1.375,,25.267225
2026-02-24T18:00:01+00:00,0,148079410,1.375,,25.267225
2026-02-24T19:40:03+00:00,0,148079410,0,,0
2026-02-25T05:40:03+00:00,0,148079410,0,,0
2026-02-25T06:05:03+00:00,0,148079410,41.625,,8.729528
2026-02-25T06:10:03+00:00,0,148079410,75.9375,,8.981077
2026-02-25T06:15:03+00:00,0,148079410,393.625,,10.211529
2026-02-25T06:20:03+00:00,0,148079410,831.4375,,11.574715
2026-02-25T06:25:03+00:00,71,148079410,745.3125,,13.090567
2026-02-25T06:30:03+00:00,190,148079420,745.1875,,13.916868
2026-02-25T06:35:03+00:00,372,148079460,746,,14.68265
2026-02-25T06:40:03+00:00,561,148079490,746,,15.328894
2026-02-25T06:45:03+00:00,832,148079550,746,,16.060066
2026-02-25T06:50:03+00:00,1082,148079630,745.875,,16.719927
2026-02-25T06:55:03+00:00,1122,148079730,744.875,,17.282879
2026-02-25T07:00:03+00:00,1171,148079820,746.0625,,17.798126
2026-02-25T07:05:03+00:00,1169,148079920,746,,18.306122
2026-02-25T07:10:03+00:00,1591,148080030,745.75,,18.75369
2026-02-25T07:15:03+00:00,1777,148080180,745.1875,,19.360708
2026-02-25T07:20:03+00:00,1968,148080350,745.3125,,19.85793
2026-02-25T07:25:03+00:00,1320,148080500,745.4375,,20.370033
2026-02-25T07:30:03+00:00,2076,148080670,744.6875,,20.891438
2026-02-25T07:35:03+00:00,2707,148080880,744.9375,,21.525595
2026-02-25T07:40:03+00:00,2906,148081120,745.4375,,22.029161
2026-02-25T07:45:03+00:00,3203,148081380,745.5625,,22.76651
2026-02-25T07:50:03+00:00,3577,148081680,745.375,,23.432554
2026-02-25T07:55:03+00:00,3831,148082000,745.375,,24.007362
2026-02-25T08:00:03+00:00,4070,148082340,745.3125,,24.689592
2026-02-25T08:05:03+00:00,4366,148082690,745.375,,25.411983
2026-02-25T08:10:03+00:00,4674,148083090,745.375,,26.237925
2026-02-25T08:15:03+00:00,4807,148083490,745.4375,,27.095867
2026-02-25T08:20:03+00:00,5069,148083920,745.4375,,27.82294
2026-02-25T08:25:03+00:00,5223,148084370,745.3125,,28.609667
2026-02-25T08:30:03+00:00,5463,148084820,745.1875,,29.198309
2026-02-25T08:35:03+00:00,5719,148085300,745.375,,29.902645
2026-02-25T08:40:03+00:00,5964,148085800,744.6875,,30.777964
2026-02-25T08:45:03+00:00,6182,148086320,745.5,,31.623201
2026-02-25T08:50:03+00:00,6487,148086860,745.25,,32.41922
2026-02-25T08:55:03+00:00,6660,148087420,746.0625,,33.23277
2026-02-25T09:00:03+00:00,6899,148088020,745.4375,,34.06183
2026-02-25T09:05:03+00:00,7138,148088600,745.5,,34.70461
2026-02-25T09:10:03+00:00,7310,148089230,745.875,,35.492073
2026-02-25T09:15:03+00:00,7584,148089870,746,,36.26514
2026-02-25T09:20:03+00:00,7786,148090530,745.9375,,37.202137
2026-02-25T09:25:03+00:00,7964,148091200,745.3125,,37.940918
2026-02-25T09:30:03+00:00,8168,148091900,745.375,,38.77967
2026-02-25T09:35:03+00:00,8424,148092600,745.375,,39.43139
2026-02-25T09:40:03+00:00,8724,148093330,745.3125,,40.18752
2026-02-25T09:45:03+00:00,8847,148094080,745.375,,41.147514
2026-02-25T09:50:03+00:00,9111,148094850,745.3125,,42.18242
2026-02-25T09:55:03+00:00,9415,148095650,745.4375,,43.098934
2026-02-25T10:00:03+00:00,9631,148096460,745.375,,43.87325
2026-02-25T10:05:03+00:00,9729,148097280,745.25,,44.69358
2026-02-25T10:10:03+00:00,9929,148098130,745.375,,42.59574
2026-02-25T10:15:03+00:00,10386,148099000,745.4375,,42.81663
2026-02-25T10:20:03+00:00,10535,148099900,744.875,,43.503372
2026-02-25T10:25:03+00:00,10770,148100820,745.375,,44.331
2026-02-25T10:30:03+00:00,10765,148101730,745.375,,44.968407
2026-02-25T10:35:03+00:00,11262,148102670,745.5,,45.822437
2026-02-25T10:40:03+00:00,11566,148103620,746.0625,,46.276558
2026-02-25T10:45:03+00:00,12078,148104640,745.1875,,47.15503
2026-02-25T10:50:03+00:00,12773,148105650,745.5625,,47.807858
2026-02-25T10:55:03+00:00,12381,148106670,745.4375,,48.451946
2026-02-25T11:00:03+00:00,12481,148107760,745.5625,,49.583263
2026-02-25T11:05:03+00:00,12036,148108820,745.3125,,50.20667
2026-02-25T11:10:03+00:00,10584,148109840,745.3125,,50.5968
2026-02-25T11:15:03+00:00,12349,148110300,745.5625,,48.485607
2026-02-25T11:20:03+00:00,12395,148111360,745.5625,,49.87826
2026-02-25T11:25:03+00:00,12376,148112340,745.4375,,50.12832
2026-02-25T11:30:03+00:00,2349,148112820,745.3125,,47.910133
2026-02-25T11:35:03+00:00,3329,148113040,745.5625,,45.928974
2026-02-25T11:40:03+00:00,14375,148113970,745.5,,48.215656
2026-02-25T11:45:03+00:00,9277,148114860,745.5625,,48.552856
2026-02-25T11:50:03+00:00,5453,148115500,744.875,,47.910133
2026-02-25T11:55:03+00:00,13085,148116580,745.375,,49.87826
2026-02-25T12:00:03+00:00,3263,148117380,745.5625,,49.583263
2026-02-25T12:05:03+00:00,5982,148117890,745.3125,,48.552856
2026-02-25T12:10:03+00:00,10527,148118820,745.4375,,49.517456
2026-02-25T12:15:03+00:00,13265,148119920,746,,50.977814
2026-02-25T12:20:03+00:00,12532,148121020,745.5,,51.859024
2026-02-25T12:25:03+00:00,12829,148122110,744.9375,,52.470207
2026-02-25T12:30:03+00:00,11936,148123170,745.0625,,53.03132
2026-02-25T12:35:03+00:00,11558,148124180,744.9375,,53.217094
2026-02-25T12:40:03+00:00,11424,148125170,745.5625,,53.09951
2026-02-25T12:45:03+00:00,11432,148126140,745.3125,,52.95062
2026-02-25T12:50:03+00:00,11553,148126930,745.5,,52.72653
2026-02-25T12:55:03+00:00,11474,148127920,744.875,,53.03132
2026-02-25T13:00:03+00:00,11456,148128900,744.9375,,53.14286
2026-02-25T13:05:03+00:00,7107,148129820,745.4375,,52.84491
2026-02-25T13:10:03+00:00,7663,148130290,744.875,,50.674507
2026-02-25T13:15:03+00:00,11216,148131220,745.625,,51.668636
2026-02-25T13:20:03+00:00,10946,148132140,745.125,,51.75122
2026-02-25T13:25:03+00:00,6215,148133000,745.25,,51.598663
2026-02-25T13:30:03+00:00,8457,148133800,745.0625,,51.44569
2026-02-25T13:35:03+00:00,10449,148134260,745.5,,49.583263
2026-02-25T13:40:03+00:00,11314,148135260,744.9375,,50.82959
2026-02-25T13:45:03+00:00,5095,148136100,745.1875,,49.943565
2026-02-25T13:50:03+00:00,8243,148136720,745.1875,,49.38557
2026-02-25T13:55:03+00:00,10487,148137310,745.3125,,48.95438
2026-02-25T14:00:03+00:00,10553,148138160,745.4375,,49.38557
2026-02-25T14:05:03+00:00,9939,148139020,745.5,,49.780136
2026-02-25T14:10:03+00:00,9678,148139730,745,,49.08747
2026-02-25T14:15:03+00:00,9190,148140530,745.5625,,49.08747
2026-02-25T14:20:03+00:00,8826,148141310,746.1875,,49.015427
2026-02-25T14:25:03+00:00,8630,148142060,745.6875,,48.78749
2026-02-25T14:30:03+00:00,8461,148142780,745.4375,,48.653557
2026-02-25T14:35:03+00:00,8293,148143500,745.5625,,48.249485
2026-02-25T14:40:03+00:00,8052,148144210,746.125,,47.83629
2026-02-25T14:45:03+00:00,7854,148144900,746.0625,,47.494
2026-02-25T14:50:03+00:00,7621,148145550,746.125,,47.562653
2026-02-25T14:55:03+00:00,7330,148146200,746.125,,47.18385
2026-02-25T15:00:03+00:00,7145,148146820,745.8125,,46.912277
2026-02-25T15:05:03+00:00,6880,148147420,746,,46.452354
2026-02-25T15:10:03+00:00,6681,148148000,746.1875,,46.064766
2026-02-25T15:15:03+00:00,6433,148148560,744.8125,,45.68003
2026-02-25T15:20:03+00:00,6091,148149100,746,,45.17233
2026-02-25T15:25:03+00:00,5678,148149600,745.6875,,44.603233
2026-02-25T15:30:03+00:00,5468,148150100,745.5,,43.99581
2026-02-25T15:35:03+00:00,5232,148150560,745.5625,,43.286087
2026-02-25T15:40:03+00:00,4984,148150990,745.5625,,42.75364
2026-02-25T15:45:03+00:00,4635,148151410,745.625,,42.24627
2026-02-25T15:50:03+00:00,4340,148151790,745.6875,,41.79727
2026-02-25T15:55:03+00:00,3956,148152140,745.4375,,41.04919
2026-02-25T16:00:03+00:00,3684,148152480,745.4375,,40.587357
2026-02-25T16:05:03+00:00,3329,148152770,745.625,,40.019825
2026-02-25T16:10:03+00:00,3025,148153040,746,,41.73812
2026-02-25T16:15:03+00:00,2795,148153300,746,,41.73812
2026-02-25T16:20:03+00:00,2436,148153520,744.875,,41.570984
2026-02-25T16:25:03+00:00,2239,148153710,745.5,,40.950645
2026-02-25T16:30:03+00:00,1972,148153900,744.875,,40.019825
2026-02-25T16:35:03+00:00,1711,148154060,745.375,,39.403297
2026-02-25T16:40:03+00:00,1432,148154190,745.3125,,38.693794
2026-02-25T16:45:03+00:00,1108,148154300,745.375,,38.116035
2026-02-25T16:50:03+00:00,842,148154380,745.5,,37.499424
2026-02-25T16:55:03+00:00,630,148154450,745.625,,37.142387
2026-02-25T17:00:03+00:00,491,148154500,745.5625,,36.721462
2026-02-25T17:05:03+00:00,365,148154530,746.1875,,36.417866
2026-02-25T17:10:03+00:00,259,148154560,745.3125,,35.98866
2026-02-25T17:15:03+00:00,155,148154580,745.3125,,35.647957
2026-02-25T17:20:03+00:00,82,148154600,745.4375,,35.460823
2026-02-25T17:25:03+00:00,11,148154600,745.3125,,35.146862
2026-02-25T17:30:03+00:00,37,148154600,744.5,,34.913094
2026-02-25T17:35:03+00:00,0,148154600,355.0625,,33.668007
2026-02-25T17:40:03+00:00,0,148154600,140.9375,,32.735973
2026-02-25T17:45:03+00:00,0,148154600,38.0625,,31.363186
2026-02-25T17:50:03+00:00,0,148154600,2.125,,30.192307
2026-02-25T17:55:03+00:00,0,148154600,1.4375,,29.662935
2026-02-25T18:00:03+00:00,0,148154600,1.4375,,29.662935
2026-02-25T19:40:03+00:00,0,148154600,0,,0
2026-02-26T05:40:04+00:00,0,148154600,0,,0
2026-02-26T06:00:04+00:00,0,148154600,26.625,,9.208595
2026-02-26T06:05:04+00:00,0,148154600,45.4375,,9.5021
2026-02-26T06:10:04+00:00,0,148154600,431.75,,10.240831
2026-02-26T06:15:04+00:00,0,148154600,427.625,,11.519627
2026-02-26T06:20:04+00:00,89,148154600,744.625,,11.852531
2026-02-26T06:25:04+00:00,71,148154600,745.5,,13.81851
2026-02-26T06:30:04+00:00,164,148154610,745.9375,,14.753298
2026-02-26T06:35:04+00:00,358,148154620,745.875,,15.527969
2026-02-26T06:40:04+00:00,574,148154660,745.9375,,16.367283
2026-02-26T06:45:04+00:00,641,148154720,746,,16.960972
2026-02-26T06:50:04+00:00,558,148154770,745.875,,17.591694
2026-02-26T06:55:04+00:00,541,148154820,745.25,,18.053553
2026-02-26T07:00:04+00:00,652,148154860,745.3125,,18.531027
2026-02-26T07:05:04+00:00,1063,148154940,745.4375,,18.974144
2026-02-26T07:10:04+00:00,1224,148155040,745.25,,19.31276
2026-02-26T07:15:04+00:00,1408,148155150,745.4375,,19.71702
2026-02-26T07:20:04+00:00,1650,148155280,745.375,,20.170044
2026-02-26T07:25:04+00:00,1928,148155420,745.4375,,20.65784
2026-02-26T07:30:04+00:00,2198,148155620,745.75,,21.173647
2026-02-26T07:35:04+00:00,2518,148155800,745.25,,21.625284
2026-02-26T07:40:04+00:00,2787,148156030,745.3125,,22.294943
2026-02-26T07:45:04+00:00,4476,148156320,745.875,,22.870125
2026-02-26T07:50:04+00:00,2327,148156700,745.3125,,23.957903
2026-02-26T07:55:04+00:00,2885,148156910,745.5,,24.228716
2026-02-26T08:00:04+00:00,1881,148157120,745.4375,,24.423824
2026-02-26T08:05:04+00:00,2013,148157300,745.9375,,24.48448
2026-02-26T08:10:04+00:00,1748,148157440,745.375,,24.496593
2026-02-26T08:15:04+00:00,1894,148157620,745.375,,24.569147
2026-02-26T08:20:04+00:00,1456,148157740,745.4375,,24.593285
2026-02-26T08:25:04+00:00,1282,148157890,745.4375,,24.569147
2026-02-26T08:30:04+00:00,2359,148158020,745.875,,24.66555
2026-02-26T08:35:04+00:00,1148,148158190,746.3125,,24.8214
2026-02-26T08:40:04+00:00,2409,148158340,746,,24.928719
2026-02-26T08:45:04+00:00,1337,148158460,745.75,,24.904911
2026-02-26T08:50:04+00:00,732,148158540,745.1875,,24.785524
2026-02-26T08:55:04+00:00,1914,148158660,745.3125,,24.904911
2026-02-26T09:00:04+00:00,2333,148158830,745.3125,,25.209126
2026-02-26T09:05:04+00:00,1788,148158980,745.8125,,25.25271
2026-02-26T09:10:04+00:00,2047,148159140,745.25,,25.411983
2026-02-26T09:15:04+00:00,3509,148159330,746.5625,,25.685097
2026-02-26T09:20:04+00:00,2887,148159710,746.3125,,26.780539
2026-02-26T09:25:04+00:00,3454,148159940,745.375,,26.76675
2026-02-26T09:30:04+00:00,2705,148160220,745.3125,,27.123125
2026-02-26T09:35:04+00:00,4897,148160510,745.875,,27.502064
2026-02-26T09:40:04+00:00,2906,148160830,745.25,,28.008469
2026-02-26T09:45:04+00:00,12454,148161220,746.25,,28.687151
2026-02-26T09:50:04+00:00,12330,148161810,745.5,,30.061878
2026-02-26T09:55:04+00:00,3338,148162260,745.25,,30.481451
2026-02-26T10:00:04+00:00,2070,148162460,745.3125,,29.704412
2026-02-26T10:05:04+00:00,2014,148162620,745.0625,,29.096823
2026-02-26T10:10:04+00:00,3439,148162830,745.3125,,28.815817
2026-02-26T10:15:04+00:00,6881,148163180,745.375,,29.375029
2026-02-26T10:20:04+00:00,5985,148163900,745.3125,,31.852615
2026-02-26T10:25:04+00:00,6386,148164450,745.8125,,32.512703
2026-02-26T10:30:04+00:00,3442,148164900,745.8125,,32.42858
2026-02-26T10:35:04+00:00,3282,148165420,745.875,,33.12303
2026-02-26T10:40:04+00:00,4793,148165890,745.4375,,33.360325
2026-02-26T10:45:04+00:00,5662,148166320,745.75,,33.559753
2026-02-26T10:50:04+00:00,1657,148166580,745.9375,,32.819305
2026-02-26T10:55:04+00:00,5653,148166900,745.9375,,32.680298
2026-02-26T11:00:04+00:00,3181,148167230,745.375,,32.698868
2026-02-26T11:05:04+00:00,4375,148167580,745.25,,32.671013
2026-02-26T11:10:04+00:00,2149,148167860,745.125,,32.174896
2026-02-26T11:15:04+00:00,1773,148168020,745.9375,,31.372852
2026-02-26T11:20:04+00:00,2430,148168220,745.6875,,31.140068
2026-02-26T11:25:04+00:00,1279,148168350,746,,30.491379
2026-02-26T11:30:04+00:00,790,148168450,745.9375,,29.588118
2026-02-26T11:35:04+00:00,101,148168480,745.75,,28.931114
2026-02-26T11:40:04+00:00,1397,148168540,745.4375,,27.9026
2026-02-26T11:45:04+00:00,1990,148168690,745.3125,,27.340271
2026-02-26T11:50:04+00:00,2961,148168900,745.4375,,27.448233
2026-02-26T11:55:04+00:00,1480,148169100,745.75,,27.703032
2026-02-26T12:00:04+00:00,5447,148169340,745.8125,,27.889338
2026-02-26T12:05:04+00:00,6925,148169890,746.0625,,29.61308
2026-02-26T12:10:04+00:00,6413,148170420,745.125,,30.80747
2026-02-26T12:15:04+00:00,7723,148170940,745.25,,31.623201
2026-02-26T12:20:04+00:00,4300,148171410,746,,31.890694
2026-02-26T12:25:04+00:00,4560,148171940,746,,32.40049
2026-02-26T12:30:04+00:00,3458,148172400,745.875,,32.680298
2026-02-26T12:35:04+00:00,1892,148172640,745.375,,32.052044
2026-02-26T12:40:04+00:00,917,148172770,745.5,,31.10111
2026-02-26T12:45:04+00:00,394,148172820,745.3125,,29.951982
2026-02-26T12:50:04+00:00,5631,148172980,745.375,,29.071392
2026-02-26T12:55:04+00:00,5499,148173660,745.1875,,31.071863
2026-02-26T13:00:04+00:00,9331,148174530,744.5,,33.550713
2026-02-26T13:05:04+00:00,2566,148174850,745.375,,32.447292
2026-02-26T13:10:04+00:00,5926,148175120,745.625,,31.833557
2026-02-26T13:15:04+00:00,11900,148175800,745.4375,,33.523582
2026-02-26T13:20:04+00:00,3873,148176320,745.5,,33.559753
2026-02-26T13:25:04+00:00,6898,148176660,745.5,,33.05884
2026-02-26T13:30:04+00:00,4223,148177170,745.875,,33.205368
2026-02-26T13:35:04+00:00,4617,148177520,746,,32.680298
2026-02-26T13:40:04+00:00,4503,148177890,745.9375,,32.59661
2026-02-26T13:45:04+00:00,6839,148178340,746.0625,,33.095535
2026-02-26T13:50:04+00:00,10343,148178960,745.6875,,34.044037
2026-02-26T13:55:04+00:00,5665,148179760,745.875,,35.834175
2026-02-26T14:00:04+00:00,4897,148180240,745.9375,,35.20986
2026-02-26T14:05:04+00:00,9684,148180820,744.8125,,35.523304
2026-02-26T14:10:04+00:00,6323,148181300,745.9375,,35.27276
2026-02-26T14:15:04+00:00,4957,148181870,745.375,,35.398235
2026-02-26T14:20:04+00:00,10236,148182380,746.25,,35.523304
2026-02-26T14:25:04+00:00,10866,148183310,745.3125,,38.174225
2026-02-26T14:30:04+00:00,9517,148184060,745.4375,,38.434937
2026-02-26T14:35:04+00:00,10218,148184930,745.25,,39.65534
2026-02-26T14:40:04+00:00,3549,148185570,745.3125,,39.234283
2026-02-26T14:45:04+00:00,9189,148186260,745.3125,,39.571518
2026-02-26T14:50:04+00:00,2525,148186740,745.25,,38.40606
2026-02-26T14:55:04+00:00,8986,148187380,745.375,,38.95082
2026-02-26T15:00:04+00:00,8042,148188050,745.5,,39.121162
2026-02-26T15:05:04+00:00,7576,148188540,745.4375,,38.40606
2026-02-26T15:10:04+00:00,7655,148189180,745.5625,,38.463787
2026-02-26T15:15:04+00:00,7165,148189820,745.4375,,38.722443
2026-02-26T15:20:04+00:00,7797,148190460,745.375,,38.979267
2026-02-26T15:25:04+00:00,2538,148191000,745.1875,,38.60771
2026-02-26T15:30:04+00:00,6126,148191470,745.4375,,37.911648
2026-02-26T15:35:04+00:00,3131,148191820,745.5625,,36.842213
2026-02-26T15:40:04+00:00,5385,148192220,745.375,,36.173206
2026-02-26T15:45:04+00:00,1284,148192600,745.25,,35.74118
2026-02-26T15:50:04+00:00,5194,148193040,745.5625,,35.7722
2026-02-26T15:55:04+00:00,5343,148193470,745.0625,,35.393017
2026-02-26T16:00:04+00:00,5380,148193900,745.3125,,35.33555
2026-02-26T16:05:04+00:00,4683,148194300,745.75,,34.835075
2026-02-26T16:10:04+00:00,756,148194510,745.1875,,33.775898
2026-02-26T16:15:04+00:00,3070,148194670,745.875,,33.012917
2026-02-26T16:20:04+00:00,2953,148194930,745.8125,,32.735973
2026-02-26T16:25:04+00:00,633,148195040,745.5,,31.966724
2026-02-26T16:30:04+00:00,3009,148195230,745.5,,31.651966
2026-02-26T16:35:04+00:00,1604,148195440,745.4375,,31.217844
2026-02-26T16:40:04+00:00,572,148195540,745.3125,,30.60037
2026-02-26T16:45:04+00:00,820,148195580,745.75,,30.071928
2026-02-26T16:50:04+00:00,1138,148195680,745.625,,29.778917
2026-02-26T16:55:04+00:00,1519,148195790,745.4375,,29.425314
2026-02-26T17:00:04+00:00,1021,148195900,745.3125,,29.122229
2026-02-26T17:05:04+00:00,618,148195980,745.6875,,28.867119
2026-02-26T17:10:04+00:00,394,148196050,745.4375,,28.583794
2026-02-26T17:15:04+00:00,97,148196060,745.6875,,28.428041
2026-02-26T17:20:04+00:00,139,148196060,745.4375,,28.219028
2026-02-26T17:25:04+00:00,151,148196080,745.5,,27.982037
2026-02-26T17:30:04+00:00,0,148196080,745,,27.82294
2026-02-26T17:35:04+00:00,21,148196080,743.9375,,27.71638
2026-02-26T17:40:04+00:00,0,148196080,185.5,,26.237925
2026-02-26T17:45:04+00:00,0,148196080,41.5,,24.904911
2026-02-26T17:50:04+00:00,0,148196080,2.375,,23.883528
2026-02-26T17:55:04+00:00,0,148196080,1.375,,23.45782
2026-02-26T18:00:04+00:00,0,148196080,1.375,,23.45782
2026-02-26T19:40:03+00:00,0,148196080,0,,0
2026-02-27T05:40:03+00:00,0,148196080,0,,0
2026-02-27T06:05:03+00:00,0,148196080,25.5,,9.380398
2026-02-27T06:10:03+00:00,0,148196080,43.625,,9.743008
2026-02-27T06:15:03+00:00,0,148196080,494,,10.000378
2026-02-27T06:20:03+00:00,0,148196080,598.75,,11.464394
2026-02-27T06:25:03+00:00,68,148196080,745.875,,13.192551
2026-02-27T06:30:03+00:00,98,148196100,745.375,,14.3054905
2026-02-27T06:35:03+00:00,152,148196100,745.9375,,15.07048
2026-02-27T06:40:03+00:00,233,148196110,745.75,,15.837482
2026-02-27T07:00:03+00:00,0,148196110,809.8125,,12.703499
2026-02-27T07:05:02+00:00,0,148196110,842.4375,,13.420153
2026-02-27T07:10:02+00:00,839,148196160,745.4375,,14.520767
2026-02-27T07:15:02+00:00,1008,148196240,746,,15.697294
2026-02-27T07:20:02+00:00,1161,148196340,745.6875,,16.800554
2026-02-27T07:25:02+00:00,502,148196400,745.875,,17.304764
2026-02-27T07:30:02+00:00,578,148196450,746.125,,17.565758
2026-02-27T07:35:02+00:00,782,148196500,745.9375,,17.951727
2026-02-27T07:40:02+00:00,1131,148196580,745.9375,,18.23065
2026-02-27T07:45:02+00:00,1520,148196700,745.875,,18.75369
2026-02-27T07:50:02+00:00,1044,148196800,746,,19.022839
2026-02-27T07:55:02+00:00,1731,148196980,746,,19.480125
2026-02-27T08:00:02+00:00,4216,148197360,745.6875,,20.882132
2026-02-27T08:05:02+00:00,3332,148197660,745.5625,,21.489246
2026-02-27T08:10:02+00:00,1252,148197870,745.3125,,21.733603
2026-02-27T08:15:02+00:00,3071,148198080,745.1875,,22.188961
2026-02-27T08:20:02+00:00,6944,148198610,745.375,,23.982647
2026-02-27T08:25:02+00:00,2238,148198800,745.8125,,23.721615
2026-02-27T08:30:02+00:00,2290,148198990,745.4375,,23.734106
2026-02-27T08:35:02+00:00,3376,148199170,745.3125,,23.709116
2026-02-27T08:40:02+00:00,4334,148199540,745.375,,24.544987
2026-02-27T08:45:02+00:00,9686,148200000,746.0625,,25.884743
2026-02-27T08:50:02+00:00,4609,148200460,745.5625,,26.79432
2026-02-27T08:55:02+00:00,4909,148200900,745.25,,27.475163
2026-02-27T09:00:02+00:00,4473,148201360,745.25,,28.219028
2026-02-27T09:05:02+00:00,5902,148201740,745.625,,28.45406
2026-02-27T09:10:02+00:00,4370,148202260,745.4375,,29.324652
2026-02-27T09:15:02+00:00,5142,148202640,745.4375,,29.47551
2026-02-27T09:20:02+00:00,10571,148203310,745.125,,31.363186
2026-02-27T09:25:02+00:00,12171,148203860,746.0625,,32.033104
2026-02-27T09:30:02+00:00,2998,148204270,745.3125,,31.824024
2026-02-27T09:35:02+00:00,3868,148204530,745.75,,30.993744
2026-02-27T09:40:02+00:00,4559,148205180,745.1875,,32.7267
2026-02-27T09:45:02+00:00,2495,148205520,745.875,,32.316074
2026-02-27T09:50:02+00:00,2083,148205730,745.9375,,31.459726
2026-02-27T09:55:02+00:00,2386,148205870,745.8125,,30.876219
2026-02-27T10:00:02+00:00,3081,148206130,746.0625,,30.787802
2026-02-27T10:05:02+00:00,3907,148206500,745.375,,31.450085
2026-02-27T10:10:02+00:00,4609,148206850,745.25,,31.70942
2026-02-27T10:15:02+00:00,5612,148207310,745.75,,32.42858
2026-02-27T10:20:02+00:00,4960,148207940,745.375,,33.92812
2026-02-27T10:25:02+00:00,3713,148208240,745.9375,,33.095535
2026-02-27T10:30:02+00:00,4690,148208600,745,,33.196228
2026-02-27T10:35:02+00:00,3990,148209040,745.375,,33.550713
2026-02-27T10:40:02+00:00,4296,148209390,745.3125,,33.360325
2026-02-27T10:45:02+00:00,5365,148209760,745.3125,,33.6049
2026-02-27T10:50:02+00:00,15165,148210610,745.6875,,36.382286
2026-02-27T10:55:02+00:00,6293,148211540,746.3125,,38.77967
2026-02-27T11:00:02+00:00,15303,148212350,745.4375,,40.053417
2026-02-27T11:05:02+00:00,3268,148212800,745.25,,38.55021
2026-02-27T11:10:02+00:00,4352,148213120,745.6875,,37.321335
2026-02-27T11:15:02+00:00,15737,148213860,815.375,,39.064472
2026-02-27T11:20:02+00:00,4868,148214370,745.3125,,38.434937
2026-02-27T11:25:02+00:00,15417,148215150,745.5,,40.287827
2026-02-27T11:30:02+00:00,14162,148216320,745.4375,,43.62703
2026-02-27T11:35:02+00:00,5560,148217340,745.4375,,42.150455
2026-02-27T11:40:02+00:00,5161,148217740,745.375,,40.587357
2026-02-27T11:45:02+00:00,5248,148218190,746,,40.126106
2026-02-27T11:50:02+00:00,4701,148218670,746.5625,,39.799232
2026-02-27T11:55:02+00:00,3399,148218990,745.3125,,39.092827
2026-02-27T12:00:02+00:00,13845,148219950,745.1875,,42.341866
2026-02-27T12:05:02+00:00,14286,148221120,745.4375,,44.81873
2026-02-27T12:10:02+00:00,6954,148221740,745.0625,,41.24561
2026-02-27T12:15:02+00:00,12362,148222800,746.0625,,45.028027
2026-02-27T12:20:02+00:00,9899,148223470,745.25,,41.24561
2026-02-27T12:25:02+00:00,12969,148224430,745.5,,41.92604
2026-02-27T12:30:02+00:00,3039,148225490,745.3125,,43.067657
2026-02-27T12:35:02+00:00,12352,148226540,745.375,,44.118015
2026-02-27T12:40:02+00:00,12848,148227470,745.5,,44.0875
2026-02-27T12:45:02+00:00,1974,148228020,745.4375,,42.532417
2026-02-27T12:50:02+00:00,12627,148228640,745.4375,,42.18242
2026-02-27T12:55:02+00:00,12645,148229730,745.4375,,44.178978
2026-02-27T13:00:02+00:00,2414,148230500,745.5,,43.25495
2026-02-27T13:05:02+00:00,11883,148231440,745.375,,43.78109
2026-02-27T13:10:02+00:00,12203,148232460,745.5625,,44.39165
2026-02-27T13:15:02+00:00,11237,148233460,745.375,,44.998276
2026-02-27T13:20:02+00:00,11550,148234450,745.5,,45.322193
2026-02-27T13:25:02+00:00,3065,148235400,745.9375,,45.60272
2026-02-27T13:30:02+00:00,12181,148235920,746,,43.786213
2026-02-27T13:35:02+00:00,12717,148236660,745.875,,44.426994
2026-02-27T13:40:02+00:00,11583,148237700,745.8125,,45.674088
2026-02-27T13:45:02+00:00,2103,148238400,746,,44.426994
2026-02-27T13:50:02+00:00,12486,148239200,745.8125,,44.963425
2026-02-27T13:55:02+00:00,11397,148240210,745.9375,,45.816513
2026-02-27T14:00:02+00:00,3292,148240720,745.375,,44.27026
2026-02-27T14:05:02+00:00,2746,148240940,745.3125,,41.635757
2026-02-27T14:10:02+00:00,3591,148241250,745.375,,40.851868
2026-02-27T14:15:02+00:00,2972,148241600,745.9375,,41.6735
2026-02-27T14:20:02+00:00,2784,148241970,746.4375,,41.770397
2026-02-27T14:25:02+00:00,2401,148242430,745.75,,41.99563
2026-02-27T14:30:02+00:00,2401,148242640,745.3125,,40.62051
2026-02-27T14:35:02+00:00,11328,148242960,745.25,,40.3879
2026-02-27T14:40:02+00:00,10085,148243900,745.25,,43.348286
2026-02-27T14:45:02+00:00,10056,148244770,745.375,,44.69358
2026-02-27T14:50:02+00:00,3523,148245420,745.3125,,44.14851
2026-02-27T14:55:02+00:00,2110,148245710,745.9375,,42.410774
2026-02-27T15:00:02+00:00,9780,148246020,745.1875,,41.24561
2026-02-27T15:05:02+00:00,2635,148246600,745.25,,41.99028
2026-02-27T15:10:02+00:00,1899,148246770,745.25,,39.961
2026-02-27T15:15:02+00:00,2259,148247000,745.25,,39.149475
2026-02-27T15:20:02+00:00,5690,148247200,745.25,,38.116035
2026-02-27T15:25:02+00:00,1872,148247410,745.75,,37.469803
2026-02-27T15:30:02+00:00,3275,148247650,745.5,,36.962578
2026-02-27T15:35:02+00:00,6794,148248160,745.4375,,37.764954
2026-02-27T15:40:02+00:00,6376,148248720,745.75,,38.77967
2026-02-27T15:45:02+00:00,5774,148249250,746,,38.979267
2026-02-27T15:50:02+00:00,5780,148249570,745.25,,38.232323
2026-02-27T15:55:02+00:00,3558,148250020,745.4375,,38.086906
2026-02-27T16:00:02+00:00,2205,148250340,745.1875,,37.64718
2026-02-27T16:05:02+00:00,4034,148250600,745.25,,36.992607
2026-02-27T16:10:02+00:00,3675,148250820,746,,36.509205
2026-02-27T16:15:02+00:00,1016,148250940,745.125,,35.74118
2026-02-27T16:20:02+00:00,545,148251000,745.875,,34.809025
2026-02-27T16:25:02+00:00,2640,148251070,745.8125,,34.283432
2026-02-27T16:30:02+00:00,2260,148251280,745.6875,,34.256924
2026-02-27T16:35:02+00:00,1972,148251460,745.875,,33.93705
2026-02-27T16:40:02+00:00,1750,148251620,745.625,,33.613922
2026-02-27T16:45:02+00:00,1515,148251760,745.875,,33.314827
2026-02-27T16:50:02+00:00,623,148251840,745.3125,,32.615227
2026-02-27T16:55:02+00:00,519,148251870,745.8125,,32.089897
2026-02-27T17:00:02+00:00,349,148251900,745.375,,31.623201
2026-02-27T17:05:02+00:00,312,148251940,745.125,,31.363186
2026-02-27T17:10:02+00:00,280,148251950,745.6875,,31.140068
2026-02-27T17:15:02+00:00,118,148251970,745.375,,30.836952
2026-02-27T17:20:02+00:00,63,148251980,745.25,,30.481451
2026-02-27T17:25:02+00:00,104,148251980,745.4375,,30.27232
2026-02-27T17:30:02+00:00,90,148251980,743.8125,,30.031708
2026-02-27T17:35:02+00:00,0,148251980,357.125,,29.08411
2026-02-27T17:40:02+00:00,0,148251980,231.75,,28.192795
2026-02-27T17:45:02+00:00,0,148251980,43.375,,26.876871
2026-02-27T17:50:02+00:00,0,148251980,3.9375,,25.64214
2026-02-27T17:55:02+00:00,0,148251980,1.375,,24.98022
2026-02-27T18:00:02+00:00,0,148251980,1.375,,24.98022
2026-02-27T19:40:03+00:00,0,148251980,0,,0
2026-02-28T05:40:02+00:00,0,148251980,0,,0
2026-02-28T06:00:02+00:00,0,148251980,40.0625,,7.2207108
2026-02-28T06:05:02+00:00,0,148251980,75.5625,,7.4982166
2026-02-28T06:10:02+00:00,0,148251980,416.6875,,8.576893
2026-02-28T06:15:02+00:00,0,148251980,826,,9.667078
2026-02-28T06:20:02+00:00,0,148251980,828.75,,8.729528
2026-02-28T06:25:02+00:00,92,148251980,744.5,,9.57472
2026-02-28T06:30:02+00:00,198,148252000,745.3125,,11.353493
2026-02-28T06:35:02+00:00,370,148252020,745.375,,12.494024
2026-02-28T06:40:02+00:00,565,148252060,745.875,,13.365593
2026-02-28T06:45:02+00:00,752,148252110,745.8125,,14.132366
2026-02-28T06:50:02+00:00,556,148252180,745.75,,14.753298
2026-02-28T06:55:02+00:00,589,148252220,745.9375,,15.414415
2026-02-28T07:00:02+00:00,667,148252270,745.9375,,15.976845
2026-02-28T07:05:02+00:00,779,148252340,746,,16.611988
2026-02-28T07:10:02+00:00,916,148252420,745.9375,,17.014198
2026-02-28T07:15:02+00:00,1102,148252500,745.1875,,17.513798
2026-02-28T07:20:02+00:00,1229,148252600,745.75,,18.028141
2026-02-28T07:25:02+00:00,1388,148252720,745.8125,,18.431349
2026-02-28T07:30:02+00:00,1480,148252830,745.8125,,18.75369
2026-02-28T07:35:02+00:00,1670,148252980,745.75,,19.119902
2026-02-28T07:40:02+00:00,1828,148253120,745.875,,19.598896
2026-02-28T07:45:02+00:00,1932,148253280,744.9375,,19.939705
2026-02-28T07:50:02+00:00,2107,148253460,745.25,,20.455284
2026-02-28T07:55:02+00:00,2360,148253650,745.375,,21.021353
2026-02-28T08:00:02+00:00,2882,148253870,745.25,,21.570955
2026-02-28T08:05:02+00:00,3031,148254130,745.25,,22.215496
2026-02-28T08:10:02+00:00,3099,148254380,745.25,,22.844261
2026-02-28T08:15:02+00:00,3076,148254660,745.375,,23.407259
2026-02-28T08:20:02+00:00,3108,148254930,745.3125,,23.83382
2026-02-28T08:25:02+00:00,3334,148255200,745.4375,,24.302065
2026-02-28T08:30:02+00:00,3388,148255490,745.1875,,24.809448
2026-02-28T08:35:02+00:00,3820,148255800,745.25,,25.46969
2026-02-28T08:40:02+00:00,6416,148256210,745.125,,26.405958
2026-02-28T08:45:02+00:00,5939,148256620,745.3125,,27.259031
2026-02-28T08:50:02+00:00,4928,148257070,745.3125,,28.113945
2026-02-28T08:55:02+00:00,5248,148257550,745.25,,28.892735
2026-02-28T09:00:02+00:00,5052,148258020,745.125,,29.55063
2026-02-28T09:05:02+00:00,5608,148258560,745.625,,30.718872
2026-02-28T09:10:02+00:00,5148,148259140,745.4375,,31.795412
2026-02-28T09:15:02+00:00,4209,148259780,745.4375,,33.086365
2026-02-28T09:20:02+00:00,9670,148260200,745.0625,,32.81006
2026-02-28T09:25:02+00:00,10389,148260850,745.375,,34.115158
2026-02-28T09:30:02+00:00,6560,148261460,745.75,,34.939056
2026-02-28T09:35:02+00:00,8784,148262200,745.5,,36.478783
2026-02-28T09:40:02+00:00,9170,148263000,745.3125,,37.794342
2026-02-28T09:45:02+00:00,9230,148263790,745.375,,38.86535
2026-02-28T09:50:02+00:00,9434,148264590,745.375,,39.85015
2026-02-28T09:55:02+00:00,9729,148265400,745.375,,41.04919
2026-02-28T10:00:02+00:00,9901,148266260,745.375,,41.958176
2026-02-28T10:05:02+00:00,10085,148267100,745.25,,42.9737
2026-02-28T10:10:02+00:00,10409,148267980,745.8125,,43.909035
2026-02-28T10:15:02+00:00,10622,148268900,745.0625,,44.878662
2026-02-28T10:20:02+00:00,6875,148269810,745.1875,,42.81663
2026-02-28T10:25:02+00:00,12173,148270770,745.375,,43.19262
2026-02-28T10:30:02+00:00,12304,148271600,746.0625,,43.22899
2026-02-28T10:35:02+00:00,12845,148272180,745.5,,42.43725
2026-02-28T10:40:02+00:00,12489,148273250,745.4375,,44.482464
2026-02-28T10:45:02+00:00,11314,148274240,745.9375,,45.24432
2026-02-28T10:50:02+00:00,5666,148274690,746.4375,,43.22899
2026-02-28T10:55:02+00:00,12075,148275580,746.0625,,44.63839
2026-02-28T11:00:02+00:00,11977,148276620,745.5,,45.893486
2026-02-28T11:05:02+00:00,11869,148277650,745.625,,46.773014
2026-02-28T11:10:02+00:00,11850,148278660,745.3125,,47.499725
2026-02-28T11:15:02+00:00,11861,148279680,745.3125,,48.14793
2026-02-28T11:20:02+00:00,12076,148280700,745.5,,48.653557
2026-02-28T11:25:02+00:00,12460,148281740,745.1875,,49.31949
2026-02-28T11:30:02+00:00,12954,148282850,745.3125,,50.010593
2026-02-28T11:35:02+00:00,13272,148283970,745.3125,,50.945625
2026-02-28T11:40:02+00:00,12973,148285100,745.1875,,51.63684
2026-02-28T11:45:02+00:00,13078,148286200,745.3125,,52.13079
2026-02-28T11:50:02+00:00,13598,148287360,746,,52.95062
2026-02-28T11:55:02+00:00,14093,148288540,745.9375,,53.617477
2026-02-28T12:00:02+00:00,13942,148289800,744.9375,,54.349045
2026-02-28T12:05:02+00:00,6889,148290600,745.875,,52.689095
2026-02-28T12:10:02+00:00,5581,148291150,745.3125,,51.01642
2026-02-28T12:15:02+00:00,8323,148291650,746.125,,49.80741
2026-02-28T12:20:02+00:00,4846,148292380,745.3125,,49.610657
2026-02-28T12:25:02+00:00,4502,148292780,745.875,,48.108376
2026-02-28T12:30:02+00:00,4742,148293170,745.3125,,46.906483
2026-02-28T12:35:02+00:00,5415,148293620,745.5625,,46.352818
2026-02-28T12:40:02+00:00,6238,148294110,745.375,,45.99987
2026-02-28T12:45:02+00:00,5309,148294600,745.5,,45.53721
2026-02-28T12:50:02+00:00,4846,148295020,746,,44.81373
2026-02-28T12:55:02+00:00,5226,148295460,745.25,,44.517727
2026-02-28T13:00:02+00:00,5175,148295920,745.25,,44.300644
2026-02-28T13:05:02+00:00,5057,148296370,745.4375,,43.903923
2026-02-28T13:10:02+00:00,4650,148296780,745.25,,43.01027
2026-02-28T13:15:02+00:00,4670,148297180,745.3125,,42.56409
2026-02-28T13:20:02+00:00,4396,148297570,746.0625,,41.99563
2026-02-28T13:25:02+00:00,4136,148297940,745.3125,,41.376053
2026-02-28T13:30:02+00:00,3631,148298270,745.875,,40.82439
2026-02-28T13:35:02+00:00,3503,148298560,745.375,,40.487747
2026-02-28T13:40:02+00:00,3032,148298880,745.25,,40.053417
2026-02-28T13:45:02+00:00,2400,148299120,745.8125,,41.316315
2026-02-28T13:50:02+00:00,2160,148299310,745.8125,,41.02184
2026-02-28T13:55:02+00:00,2034,148299490,746.375,,40.592884
2026-02-28T14:00:02+00:00,2025,148299660,745.9375,,40.126106
2026-02-28T14:05:02+00:00,2127,148299840,745.8125,,39.68788
2026-02-28T14:10:02+00:00,2144,148300020,745.1875,,39.206036
2026-02-28T14:15:02+00:00,2234,148300210,745.25,,38.836815
2026-02-28T14:20:02+00:00,2523,148300420,745.5,,38.693794
2026-02-28T14:25:02+00:00,2892,148300640,745.8125,,38.410873
2026-02-28T14:30:02+00:00,3340,148300910,745.25,,38.37716
2026-02-28T14:35:02+00:00,4185,148301230,745.3125,,38.57897
2026-02-28T14:40:02+00:00,4314,148301630,745.3125,,39.121162
2026-02-28T14:45:02+00:00,3755,148301980,745.3125,,38.979267
2026-02-28T14:50:02+00:00,3212,148302270,745.8125,,38.40606
2026-02-28T14:55:02+00:00,3376,148302560,745.5,,38.057755
2026-02-28T15:00:02+00:00,3157,148302830,745.25,,37.882355
2026-02-28T15:05:02+00:00,2996,148303100,745.25,,37.735542
2026-02-28T15:10:02+00:00,3138,148303360,745.8125,,37.469803
2026-02-28T15:15:02+00:00,6385,148303760,745.4375,,38.086906
2026-02-28T15:20:02+00:00,6330,148304370,745.8125,,39.403297
2026-02-28T15:25:02+00:00,5314,148304860,745.375,,39.571518
2026-02-28T15:30:02+00:00,6850,148305470,745.25,,40.35457
2026-02-28T15:35:02+00:00,6264,148306030,745.3125,,40.950645
2026-02-28T15:40:02+00:00,2623,148306530,745.875,,40.85736
2026-02-28T15:45:02+00:00,1223,148306660,745.75,,39.40798
2026-02-28T15:50:02+00:00,988,148306750,745.1875,,38.232323
2026-02-28T15:55:02+00:00,824,148306830,745.8125,,37.415436
2026-02-28T16:00:02+00:00,736,148306900,745.3125,,36.781887
2026-02-28T16:05:02+00:00,746,148306960,745.25,,36.295734
2026-02-28T16:10:02+00:00,2520,148307100,745.3125,,36.050274
2026-02-28T16:15:02+00:00,622,148307170,745.25,,35.616833
2026-02-28T16:20:02+00:00,484,148307220,745.75,,35.178375
2026-02-28T16:25:02+00:00,646,148307260,745.3125,,34.730743
2026-02-28T16:30:02+00:00,375,148307300,745.25,,34.38926
2026-02-28T16:35:02+00:00,317,148307330,745.25,,33.96383
2026-02-28T16:40:02+00:00,282,148307360,745.875,,33.721996
2026-02-28T16:45:02+00:00,267,148307380,745.375,,33.342133
2026-02-28T16:50:02+00:00,246,148307410,745.5,,33.05884
2026-02-28T16:55:02+00:00,639,148307440,745.9375,,32.735973
2026-02-28T17:00:02+00:00,545,148307490,745.375,,32.53137
2026-02-28T17:05:02+00:00,404,148307540,745.4375,,32.30668
2026-02-28T17:10:02+00:00,285,148307550,745.1875,,31.966724
2026-02-28T17:15:02+00:00,175,148307580,745.5,,31.565596
2026-02-28T17:20:02+00:00,87,148307580,745.3125,,31.276058
2026-02-28T17:25:02+00:00,35,148307600,745.3125,,30.895836
2026-02-28T17:30:02+00:00,0,148307600,745.3125,,30.57068
2026-02-28T17:35:02+00:00,0,148307600,393.8125,,29.349852
2026-02-28T17:40:02+00:00,0,148307600,348.8125,,28.700045
2026-02-28T17:45:02+00:00,0,148307600,38.5,,27.475163
2026-02-28T17:50:02+00:00,0,148307600,6.5,,26.09716
2026-02-28T17:55:02+00:00,0,148307600,1.375,,25.25271
2026-02-28T18:00:02+00:00,0,148307600,1.375,,25.25271
2026-02-28T19:40:03+00:00,0,148307600,0,,0
2026-03-01T05:40:03+00:00,0,148307600,0,,0
2026-03-01T06:00:03+00:00,0,148307600,41.125,,5.8526134
2026-03-01T06:05:03+00:00,0,148307600,369,,5.9997616
2026-03-01T06:10:03+00:00,0,148307600,426.4375,,7.6062775
2026-03-01T06:15:03+00:00,0,148307600,822.75,,8.754843
2026-03-01T06:20:03+00:00,89,148307600,745.625,,10.06443
2026-03-01T06:25:03+00:00,95,148307600,745.3125,,10.932367
2026-03-01T06:30:03+00:00,152,148307620,745.1875,,11.68446
2026-03-01T06:35:03+00:00,225,148307630,745.3125,,12.277962
2026-03-01T06:40:03+00:00,308,148307650,745.25,,12.859211
2026-03-01T06:45:03+00:00,436,148307680,745.75,,13.34457
2026-03-01T06:50:03+00:00,601,148307730,745.375,,13.793842
2026-03-01T06:55:03+00:00,777,148307790,745.9375,,14.233206
2026-03-01T07:00:03+00:00,950,148307860,745.8125,,14.686581
2026-03-01T07:05:03+00:00,1146,148307950,746,,15.07048
2026-03-01T07:10:03+00:00,1326,148308060,745.9375,,15.556276
2026-03-01T07:15:03+00:00,1578,148308200,745.25,,16.087742
2026-03-01T07:20:03+00:00,1819,148308340,745.9375,,16.63902
2026-03-01T07:25:03+00:00,2126,148308500,745.75,,17.173143
2026-03-01T07:30:03+00:00,2390,148308690,746,,17.772425
2026-03-01T07:35:03+00:00,2657,148308910,745.875,,18.356297
2026-03-01T07:40:03+00:00,2946,148309150,745.875,,18.900904
2026-03-01T07:45:03+00:00,3343,148309420,745.9375,,19.456295
2026-03-01T07:50:03+00:00,3680,148309730,746.125,,20.227335
2026-03-01T07:55:03+00:00,4022,148310050,745.9375,,20.993567
2026-03-01T08:00:03+00:00,4278,148310400,746.0625,,21.679499
2026-03-01T08:05:03+00:00,4568,148310780,745.1875,,22.453102
2026-03-01T08:10:03+00:00,4885,148311180,745.375,,23.203983
2026-03-01T08:15:03+00:00,5163,148311620,745.0625,,24.007362
2026-03-01T08:20:03+00:00,5398,148312080,745.8125,,24.8214
2026-03-01T08:25:03+00:00,5645,148312540,745.5625,,25.584766
2026-03-01T08:30:03+00:00,5870,148313040,746.0625,,26.447815
2026-03-01T08:35:03+00:00,6105,148313550,745.875,,27.407795
2026-03-01T08:40:03+00:00,6306,148314100,745.6875,,28.375933
2026-03-01T08:45:03+00:00,6533,148314640,745.375,,29.274183
2026-03-01T08:50:03+00:00,6737,148315220,745.3125,,30.12214
2026-03-01T08:55:03+00:00,6976,148315790,745.25,,31.130333
2026-03-01T09:00:03+00:00,7247,148316420,745.3125,,31.966724
2026-03-01T09:05:03+00:00,7485,148317040,745.25,,32.920864
2026-03-01T09:10:03+00:00,7697,148317700,745.375,,33.820747
2026-03-01T09:15:03+00:00,7903,148318350,745.875,,34.67845
2026-03-01T09:20:03+00:00,8143,148319040,745.8125,,35.647957
2026-03-01T09:25:03+00:00,8336,148319760,746,,36.721462
2026-03-01T09:30:03+00:00,8600,148320480,746,,37.529022
2026-03-01T09:35:03+00:00,8871,148321230,745.8125,,38.57897
2026-03-01T09:40:03+00:00,9145,148322020,745.25,,39.43139
2026-03-01T09:45:03+00:00,9383,148322800,746,,40.287827
2026-03-01T09:50:03+00:00,9596,148323620,745.375,,41.53855
2026-03-01T09:55:03+00:00,9908,148324460,745.25,,42.56409
2026-03-01T10:00:03+00:00,10368,148325330,745.9375,,43.786213
2026-03-01T10:05:03+00:00,11366,148326260,746.0625,,44.33606
2026-03-01T10:10:03+00:00,12485,148327280,745.5,,43.62703
2026-03-01T10:15:03+00:00,10939,148328370,745.375,,45.07016
2026-03-01T10:20:03+00:00,12447,148329340,745.375,,45.71567
2026-03-01T10:25:03+00:00,9402,148330290,745.875,,46.417248
2026-03-01T10:30:03+00:00,14638,148330930,745.25,,44.998276
2026-03-01T10:35:03+00:00,13651,148331920,745.1875,,46.070663
2026-03-01T10:40:03+00:00,12270,148333010,745.3125,,46.633347
2026-03-01T10:45:03+00:00,12584,148334060,745.8125,,47.218407
2026-03-01T10:50:03+00:00,13286,148335200,745.1875,,48.01219
2026-03-01T10:55:03+00:00,14018,148336370,745.375,,49.08747
2026-03-01T11:00:03+00:00,13367,148337540,745.5625,,49.610657
2026-03-01T11:05:03+00:00,12820,148338610,744.75,,49.845573
2026-03-01T11:10:03+00:00,3504,148339540,745.25,,49.38557
2026-03-01T11:15:03+00:00,4146,148339860,745.875,,46.5225
2026-03-01T11:20:03+00:00,14659,148340350,746,,45.958527
2026-03-01T11:25:03+00:00,6019,148341070,745.8125,,46.276558
2026-03-01T11:30:03+00:00,3146,148341820,745.4375,,46.80787
2026-03-01T11:35:03+00:00,13477,148342640,744.75,,47.465363
2026-03-01T11:40:03+00:00,13460,148343790,745.3125,,48.987686
2026-03-01T11:45:03+00:00,8205,148344670,745.1875,,48.51924
2026-03-01T11:50:03+00:00,5481,148345660,745.375,,49.153877
2026-03-01T11:55:03+00:00,4478,148346080,745.875,,47.114655
2026-03-01T12:00:03+00:00,3864,148346560,745.5,,46.10602
2026-03-01T12:05:03+00:00,3469,148346860,746,,44.2145
2026-03-01T12:10:03+00:00,4884,148347170,746.5625,,42.853333
2026-03-01T12:15:03+00:00,9158,148347620,745.75,,42.821877
2026-03-01T12:20:03+00:00,13015,148348560,745.375,,44.998276
2026-03-01T12:25:03+00:00,13230,148349300,745.625,,45.034046
2026-03-01T12:30:03+00:00,13519,148350340,746,,47.149265
2026-03-01T12:35:03+00:00,13983,148351420,745.875,,48.412647
2026-03-01T12:40:03+00:00,15396,148352110,745.375,,47.43098
2026-03-01T12:45:03+00:00,3755,148353100,746.1875,,48.48
2026-03-01T12:50:03+00:00,3008,148353380,746,,45.74535
2026-03-01T12:55:03+00:00,13705,148354080,745.4375,,46.668304
2026-03-01T13:00:03+00:00,13613,148355180,745.9375,,48.378933
2026-03-01T13:05:03+00:00,2899,148355700,746,,46.382114
2026-03-01T13:10:03+00:00,4755,148355950,746.0625,,44.457256
2026-03-01T13:15:03+00:00,13542,148356940,746.25,,46.871696
2026-03-01T13:20:03+00:00,4351,148357500,745.5,,45.531246
2026-03-01T13:25:03+00:00,12333,148358270,745.3125,,46.598373
2026-03-01T13:30:03+00:00,13077,148359040,746.125,,46.592537
2026-03-01T13:35:03+00:00,5702,148359680,745.4375,,45.74535
2026-03-01T13:40:03+00:00,13652,148360620,746.0625,,47.425247
2026-03-01T13:45:03+00:00,13535,148361440,745.625,,47.2932
2026-03-01T13:50:03+00:00,3539,148362060,746.0625,,46.10013
2026-03-01T13:55:03+00:00,4583,148362350,745.5625,,44.27026
2026-03-01T14:00:03+00:00,11148,148363200,745.5625,,45.644363
2026-03-01T14:05:03+00:00,10721,148364140,745.5,,46.493286
2026-03-01T14:10:03+00:00,10134,148365040,745.375,,46.598373
2026-03-01T14:15:03+00:00,9666,148365890,745.9375,,46.5225
2026-03-01T14:20:03+00:00,9408,148366700,746,,46.732323
2026-03-01T14:25:03+00:00,9568,148367520,746.125,,46.7672
2026-03-01T14:30:03+00:00,2242,148368260,746.0625,,46.382114
2026-03-01T14:35:03+00:00,9762,148368620,746.125,,44.578102
2026-03-01T14:40:03+00:00,1385,148368830,746,,42.506004
2026-03-01T14:45:03+00:00,1685,148368960,744.8125,,40.62051
2026-03-01T14:50:03+00:00,8790,148369440,745.5,,40.75287
2026-03-01T14:55:03+00:00,8380,148370160,745.375,,41.408604
2026-03-01T15:00:03+00:00,8354,148370880,745.4375,,41.668106
2026-03-01T15:05:03+00:00,8484,148371620,746.125,,41.802643
2026-03-01T15:10:03+00:00,8064,148372320,745.625,,42.02236
2026-03-01T15:15:03+00:00,8132,148373010,745.4375,,42.054424
2026-03-01T15:20:03+00:00,8109,148373710,745.875,,41.96353
2026-03-01T15:25:03+00:00,7538,148374400,745.5,,41.89389
2026-03-01T15:30:03+00:00,1872,148374830,745.3125,,40.71982
2026-03-01T15:35:03+00:00,1388,148374960,745.8125,,40.62603
2026-03-01T15:40:03+00:00,1284,148375070,745.9375,,39.71575
2026-03-01T15:45:03+00:00,1113,148375170,746,,38.81301
2026-03-01T15:50:03+00:00,4005,148375400,745.8125,,38.641212
2026-03-01T15:55:03+00:00,3973,148375740,745.3125,,38.665123
2026-03-01T16:00:03+00:00,3656,148376060,745.375,,38.261337
2026-03-01T16:05:03+00:00,3452,148376370,745.5,,37.911648
2026-03-01T16:10:03+00:00,3155,148376660,745.375,,37.469803
2026-03-01T16:15:03+00:00,2965,148376910,745.3125,,36.93252
2026-03-01T16:20:03+00:00,2624,148377150,745.375,,36.3263
2026-03-01T16:25:03+00:00,2329,148377360,745.375,,35.8032
2026-03-01T16:30:03+00:00,2106,148377550,745.25,,34.99092
2026-03-01T16:35:03+00:00,1901,148377730,745.875,,34.415657
2026-03-01T16:40:03+00:00,1609,148377870,745.4375,,33.93705
2026-03-01T16:45:03+00:00,1337,148378000,745.375,,33.58685
2026-03-01T16:50:03+00:00,1055,148378110,745.9375,,33.150497
2026-03-01T16:55:03+00:00,807,148378190,745.875,,32.680298
2026-03-01T17:00:03+00:00,624,148378240,745.375,,32.231438
2026-03-01T17:05:03+00:00,462,148378290,745.9375,,31.747665
2026-03-01T17:10:03+00:00,359,148378340,745.8125,,31.227554
2026-03-01T17:15:03+00:00,253,148378350,745.5625,,30.836952
2026-03-01T17:20:03+00:00,163,148378370,745.5625,,30.182291
2026-03-01T17:25:03+00:00,69,148378380,745.625,,29.976618
2026-03-01T17:30:03+00:00,69,148378380,745.5,,29.754105
2026-03-01T17:35:03+00:00,78,148378380,743.375,,29.400183
2026-03-01T17:40:03+00:00,0,148378380,340.25,,27.929104
2026-03-01T17:45:03+00:00,0,148378380,46.0625,,26.849379
2026-03-01T17:50:03+00:00,0,148378380,13.1875,,25.411983
2026-03-01T17:55:03+00:00,0,148378380,1.4375,,24.48448
2026-03-01T18:00:03+00:00,0,148378380,1.4375,,24.48448
2026-03-01T19:40:03+00:00,0,148378380,0,,0
2026-03-02T05:40:03+00:00,0,148378380,0,,0
2026-03-02T06:00:03+00:00,0,148378380,40.0625,,6.8877926
2026-03-02T06:05:03+00:00,0,148378380,314.5,,7.1656322
2026-03-02T06:10:03+00:00,0,148378380,601.125,,8.267706
2026-03-02T06:15:03+00:00,57,148378380,745.625,,8.576893
2026-03-02T06:20:03+00:00,75,148378380,745.25,,10.847134
2026-03-02T06:25:03+00:00,123,148378400,745.125,,12.010284
2026-03-02T06:30:03+00:00,205,148378400,745.9375,,12.829025
2026-03-02T06:35:03+00:00,292,148378430,745.1875,,13.470383
2026-03-02T06:40:03+00:00,381,148378450,745.3125,,14.112135
2026-03-02T06:45:03+00:00,519,148378500,745.9375,,14.540581
2026-03-02T06:50:03+00:00,678,148378540,745.6875,,14.963711
2026-03-02T06:55:03+00:00,850,148378610,745.8125,,15.471262
2026-03-02T07:00:03+00:00,1034,148378690,745.9375,,15.921198
2026-03-02T07:05:03+00:00,1241,148378780,745.9375,,16.476358
2026-03-02T07:10:03+00:00,1432,148378910,745.875,,16.934313
2026-03-02T07:15:03+00:00,1649,148379040,745.875,,17.383373
2026-03-02T07:20:03+00:00,1912,148379180,745.875,,17.9262
2026-03-02T07:25:03+00:00,2149,148379360,745.8125,,18.481243
2026-03-02T07:30:03+00:00,2417,148379550,745.4375,,18.998505
2026-03-02T07:35:03+00:00,2638,148379780,745.375,,19.503933
2026-03-02T07:40:03+00:00,2963,148380020,745.375,,19.997927
2026-03-02T07:45:03+00:00,3315,148380290,745.1875,,20.714092
2026-03-02T07:50:03+00:00,3617,148380580,745.75,,21.352497
2026-03-02T07:55:03+00:00,3831,148380900,745.875,,22.162397
2026-03-02T08:00:03+00:00,4138,148381250,745.6875,,22.779484
2026-03-02T08:05:03+00:00,4416,148381620,745.4375,,23.533478
2026-03-02T08:10:03+00:00,4708,148382000,745.25,,24.399519
2026-03-02T08:15:03+00:00,4949,148382420,745.6875,,25.165476
2026-03-02T08:20:03+00:00,5200,148382850,745.4375,,26.068924
2026-03-02T08:25:03+00:00,5456,148383310,745.3125,,26.904335
2026-03-02T08:30:03+00:00,5657,148383790,745.9375,,27.676317
2026-03-02T08:35:03+00:00,5849,148384270,745.3125,,28.531971
2026-03-02T08:40:03+00:00,5939,148384780,745.375,,29.248915
2026-03-02T08:45:03+00:00,6290,148385310,745.25,,30.092022
2026-03-02T08:50:03+00:00,6479,148385870,745.3125,,31.01329
2026-03-02T08:55:03+00:00,6733,148386430,745.3125,,31.938234
2026-03-02T09:00:03+00:00,6972,148387020,745.3125,,32.782295
2026-03-02T09:05:03+00:00,7206,148387630,745.6875,,33.721996
2026-03-02T09:10:03+00:00,7404,148388260,745.25,,34.595467
2026-03-02T09:15:03+00:00,7603,148388900,745.4375,,35.393017
2026-03-02T09:20:03+00:00,7797,148389550,745.125,,36.26514
2026-03-02T09:25:03+00:00,8045,148390240,745.625,,37.142387
2026-03-02T09:30:03+00:00,8218,148390940,745.75,,37.999382
2026-03-02T09:35:03+00:00,8426,148391650,746.0625,,38.86535
2026-03-02T09:40:03+00:00,8646,148392380,745.3125,,39.766792
2026-03-02T09:45:03+00:00,8952,148393140,745.75,,40.520973
2026-03-02T09:50:03+00:00,9157,148393920,745.25,,41.570984
2026-03-02T09:55:03+00:00,9329,148394720,745.1875,,42.40548
2026-03-02T10:00:03+00:00,9506,148395520,745.875,,43.19262
2026-03-02T10:05:03+00:00,9686,148396350,745.9375,,43.970306
2026-03-02T10:10:03+00:00,9787,148397180,745.6875,,44.72866
2026-03-02T10:15:03+00:00,9920,148398030,745.3125,,42.87953
2026-03-02T10:20:03+00:00,10038,148398880,745.4375,,42.69055
2026-03-02T10:25:03+00:00,10235,148399760,745.5,,43.130184
2026-03-02T10:30:03+00:00,10276,148400640,745.5,,43.66303
2026-03-02T10:35:03+00:00,10448,148401520,745.9375,,44.031494
2026-03-02T10:40:03+00:00,10520,148402430,746.0625,,44.54792
2026-03-02T10:45:03+00:00,10530,148403330,745.5,,44.878662
2026-03-02T10:50:03+00:00,10659,148404240,745.4375,,45.286266
2026-03-02T10:55:03+00:00,10826,148405150,745.4375,,45.822437
2026-03-02T11:00:03+00:00,10957,148406100,745.4375,,46.03528
2026-03-02T11:05:03+00:00,10957,148407040,745.875,,46.206062
2026-03-02T11:10:03+00:00,10939,148407970,745.875,,46.592537
2026-03-02T11:15:03+00:00,11147,148408910,745.9375,,46.7672
2026-03-02T11:20:03+00:00,11269,148409870,746.0625,,46.871696
2026-03-02T11:25:03+00:00,11294,148410850,745.5,,47.224167
2026-03-02T11:30:03+00:00,11356,148411820,745.125,,47.568367
2026-03-02T11:35:03+00:00,11389,148412800,745.125,,47.636917
2026-03-02T11:40:03+00:00,11289,148413780,745.1875,,47.77372
2026-03-02T11:45:03+00:00,11244,148414740,744.8125,,48.01219
2026-03-02T11:50:03+00:00,11294,148415710,745.9375,,48.243847
2026-03-02T11:55:03+00:00,11453,148416690,745.8125,,48.378933
2026-03-02T12:00:03+00:00,12059,148417700,745.375,,48.820915
2026-03-02T12:05:03+00:00,11782,148418700,745.3125,,49.08747
2026-03-02T12:10:03+00:00,9498,148419660,745.125,,49.120686
2026-03-02T12:15:03+00:00,3862,148420580,745.8125,,48.58085
2026-03-02T12:20:03+00:00,11968,148421180,745.3125,,47.636917
2026-03-02T12:25:03+00:00,11828,148422190,745.3125,,48.552856
2026-03-02T12:30:03+00:00,10903,148423220,745.125,,48.92105
2026-03-02T12:35:03+00:00,12074,148423980,745.5625,,48.350822
2026-03-02T12:40:03+00:00,11913,148424940,745.4375,,48.95438
2026-03-02T12:45:03+00:00,11877,148425970,745.3125,,49.6818
2026-03-02T12:50:03+00:00,11395,148426960,745.375,,50.12832
2026-03-02T12:55:03+00:00,11164,148427920,745.375,,50.323994
2026-03-02T13:00:03+00:00,11749,148428910,745.3125,,50.945625
2026-03-02T13:05:03+00:00,11814,148429920,746,,51.515858
2026-03-02T13:10:03+00:00,11948,148430930,744.9375,,51.598663
2026-03-02T13:15:03+00:00,11339,148431940,745.3125,,51.94133
2026-03-02T13:20:03+00:00,5087,148432740,745.4375,,51.138485
2026-03-02T13:25:03+00:00,4008,148433100,744.8125,,48.987686
2026-03-02T13:30:03+00:00,4060,148433550,745.5,,47.910133
2026-03-02T13:35:03+00:00,11013,148434300,745.9375,,48.31144
2026-03-02T13:40:03+00:00,10792,148435250,745.375,,49.020973
2026-03-02T13:45:03+00:00,10429,148436160,745.4375,,49.25331
2026-03-02T13:50:03+00:00,10024,148437020,745.375,,48.887695
2026-03-02T13:55:03+00:00,9680,148437870,745.125,,48.854317
2026-03-02T14:00:03+00:00,9459,148438690,745.4375,,48.653557
2026-03-02T14:05:03+00:00,9307,148439500,745.375,,48.283287
2026-03-02T14:10:03+00:00,8851,148440290,745.25,,47.841972
2026-03-02T14:15:03+00:00,8804,148441040,745.5625,,47.499725
2026-03-02T14:20:03+00:00,8650,148441800,745.3125,,47.36214
2026-03-02T14:25:03+00:00,8546,148442530,745.875,,46.906483
2026-03-02T14:30:03+00:00,8310,148443250,746.125,,46.5225
2026-03-02T14:35:03+00:00,8072,148443950,745.3125,,46.206062
2026-03-02T14:40:03+00:00,7688,148444640,745.5,,45.638416
2026-03-02T14:45:03+00:00,7735,148445300,746.125,,45.423847
2026-03-02T14:50:03+00:00,7562,148445950,745.375,,44.968407
2026-03-02T14:55:03+00:00,7310,148446600,746,,44.72866
2026-03-02T15:00:03+00:00,7053,148447200,746,,44.366394
2026-03-02T15:05:03+00:00,6766,148447790,745.9375,,43.81695
2026-03-02T15:10:03+00:00,6483,148448370,745.4375,,43.719536
2026-03-02T15:15:03+00:00,6318,148448910,745.0625,,43.16141
2026-03-02T15:20:03+00:00,6048,148449440,745.375,,42.59574
2026-03-02T15:25:03+00:00,5677,148449950,745,,41.70044
2026-03-02T15:30:03+00:00,5472,148450430,745.5,,40.950645
2026-03-02T15:35:03+00:00,5198,148450880,745.5,,40.15403
2026-03-02T15:40:03+00:00,4803,148451310,746,,41.60878
2026-03-02T15:45:03+00:00,4514,148451710,745.625,,41.829502
2026-03-02T15:50:03+00:00,4250,148452100,745.875,,41.479042
2026-03-02T15:55:03+00:00,3962,148452450,744.8125,,41.114765
2026-03-02T16:00:03+00:00,3673,148452770,745.5,,40.520973
2026-03-02T16:05:03+00:00,3378,148453070,746,,39.91024
2026-03-02T16:10:03+00:00,3068,148453340,745.4375,,39.29071
2026-03-02T16:15:03+00:00,2800,148453600,745.625,,38.693794
2026-03-02T16:20:03+00:00,2534,148453820,745.4375,,37.999382
2026-03-02T16:25:03+00:00,2275,148454030,745.5,,37.321335
2026-03-02T16:30:03+00:00,2010,148454220,745.625,,36.691216
2026-03-02T16:35:03+00:00,1777,148454380,745.4375,,36.203873
2026-03-02T16:40:03+00:00,1531,148454530,745.375,,35.710133
2026-03-02T16:45:03+00:00,1270,148454640,745.375,,35.20986
2026-03-02T16:50:03+00:00,1029,148454750,745.1875,,34.75686
2026-03-02T16:55:03+00:00,821,148454820,744.9375,,34.35843
2026-03-02T17:00:03+00:00,627,148454880,745.5,,33.721996
2026-03-02T17:05:03+00:00,470,148454930,745.625,,33.2875
2026-03-02T17:10:03+00:00,357,148454960,745.9375,,32.87474
2026-03-02T17:15:03+00:00,257,148454990,744.9375,,32.41922
2026-03-02T17:20:03+00:00,165,148455000,745.0625,,31.966724
2026-03-02T17:25:03+00:00,94,148455020,745.375,,31.766771
2026-03-02T17:30:03+00:00,25,148455020,744.875,,31.33417
2026-03-02T17:35:03+00:00,0,148455020,745.4375,,31.15953
2026-03-02T17:40:03+00:00,0,148455020,387.125,,29.787184
2026-03-02T17:45:03+00:00,0,148455020,54.9375,,28.725813
2026-03-02T17:50:03+00:00,0,148455020,28.3125,,27.340271
2026-03-02T17:55:03+00:00,0,148455020,1.5,,26.1817
2026-03-02T19:45:02+00:00,0,148455020,0,,0
2026-03-03T05:45:03+00:00,0,148455020,0,,0
2026-03-03T05:55:03+00:00,0,148455020,23,,0
2026-03-03T06:00:03+00:00,0,148455020,44.625,,7.953188
2026-03-03T06:05:03+00:00,0,148455020,337.6875,,8.21566
2026-03-03T06:10:03+00:00,0,148455020,654.0625,,9.351879
2026-03-03T06:15:03+00:00,77,148455020,745.0625,,9.86223
2026-03-03T06:20:03+00:00,90,148455020,745.3125,,11.983326
2026-03-03T06:25:03+00:00,156,148455040,745.375,,12.910851
2026-03-03T06:30:03+00:00,239,148455060,745.25,,13.620321
2026-03-03T06:35:03+00:00,332,148455070,745.9375,,14.2774105
2026-03-03T06:40:03+00:00,432,148455100,746.0625,,14.940445
2026-03-03T06:45:03+00:00,569,148455150,746.0625,,15.385942
2026-03-03T06:50:03+00:00,740,148455220,745.875,,15.921198
2026-03-03T06:55:03+00:00,917,148455280,746,,16.421883
2026-03-03T07:00:03+00:00,1096,148455380,745.75,,16.85415
2026-03-03T07:05:03+00:00,1307,148455470,745.9375,,17.40952
2026-03-03T07:10:03+00:00,1505,148455600,745.6875,,17.87506
2026-03-03T07:15:03+00:00,1734,148455730,745.9375,,18.255835
2026-03-03T07:20:03+00:00,1987,148455890,745.8125,,18.80287
2026-03-03T07:25:03+00:00,2222,148456060,745.875,,19.240635
2026-03-03T07:30:03+00:00,2465,148456270,745.9375,,19.693447
2026-03-03T07:35:03+00:00,2716,148456500,745.3125,,20.39848
2026-03-03T07:40:03+00:00,3029,148456740,745.75,,21.021353
2026-03-03T07:45:03+00:00,3381,148457020,744.75,,21.66144
2026-03-03T07:50:03+00:00,3664,148457310,745.4375,,22.34777
2026-03-03T07:55:03+00:00,3937,148457650,745.4375,,23.152908
2026-03-03T08:00:03+00:00,4171,148458000,745.75,,23.846256
2026-03-03T08:05:03+00:00,4478,148458370,745.125,,24.569147
2026-03-03T08:10:03+00:00,4746,148458770,745.1875,,25.325212
2026-03-03T08:15:03+00:00,4986,148459180,745.375,,26.265997
2026-03-03T08:20:03+00:00,5226,148459620,745.25,,27.068583
2026-03-03T08:25:03+00:00,5517,148460080,745.125,,27.849518
2026-03-03T08:30:03+00:00,5751,148460560,745.4375,,28.557896
2026-03-03T08:35:03+00:00,5961,148461070,745.3125,,29.349852
2026-03-03T08:40:03+00:00,6196,148461580,745.4375,,30.12214
2026-03-03T08:45:03+00:00,6449,148462130,745.4375,,30.954615
2026-03-03T08:50:03+00:00,6661,148462690,745.4375,,31.852615
2026-03-03T08:55:03+00:00,6899,148463280,745.25,,32.698868
2026-03-03T09:00:03+00:00,7140,148463870,746.0625,,33.695015
2026-03-03T09:05:03+00:00,7369,148464500,745.5,,34.43764
2026-03-03T09:10:03+00:00,7552,148465140,745.8125,,35.398235
2026-03-03T09:15:03+00:00,7795,148465800,745.875,,36.35685
2026-03-03T09:20:03+00:00,8049,148466480,745.9375,,37.202137
2026-03-03T09:25:03+00:00,8207,148467180,745.3125,,38.203285
2026-03-03T09:30:03+00:00,8478,148467890,745.375,,39.00769
2026-03-03T09:35:03+00:00,8678,148468640,745.3125,,39.90562
2026-03-03T09:40:03+00:00,8924,148469390,745.375,,40.851868
2026-03-03T09:45:03+00:00,9129,148470160,745.5,,41.829502
2026-03-03T09:50:03+00:00,9357,148470960,745.5,,42.78515
2026-03-03T09:55:03+00:00,9541,148471760,745.375,,43.87325
2026-03-03T10:00:03+00:00,9704,148472590,745.4375,,44.603233
2026-03-03T10:05:03+00:00,9898,148473440,745.3125,,42.722103
2026-03-03T10:10:03+00:00,10060,148474290,745.375,,42.532417
2026-03-03T10:15:03+00:00,10161,148475170,745.75,,43.03636
2026-03-03T10:20:03+00:00,10279,148476030,745.5,,43.688725
2026-03-03T10:25:03+00:00,10382,148476930,745.375,,44.421944
2026-03-03T10:30:03+00:00,10515,148477820,745.375,,44.84871
2026-03-03T10:35:03+00:00,10632,148478720,746.0625,,45.495472
2026-03-03T10:40:03+00:00,10693,148479650,745.8125,,45.74535
2026-03-03T10:45:03+00:00,10763,148480560,746.0625,,46.276558
2026-03-03T10:50:03+00:00,10816,148481490,745.9375,,46.7672
2026-03-03T10:55:03+00:00,10842,148482420,746.125,,47.321938
2026-03-03T11:00:03+00:00,11029,148483360,745.5625,,47.59694
2026-03-03T11:05:03+00:00,11143,148484300,746,,47.733856
2026-03-03T11:10:03+00:00,11156,148485260,745.375,,47.876064
2026-03-03T11:15:03+00:00,11220,148486220,745.5625,,48.249485
2026-03-03T11:20:03+00:00,11281,148487200,745.5,,48.653557
2026-03-03T11:25:03+00:00,11370,148488160,745.4375,,49.187042
2026-03-03T11:30:03+00:00,11362,148489140,744.875,,49.220192
2026-03-03T11:35:03+00:00,11330,148490110,745.1875,,49.74738
2026-03-03T11:40:03+00:00,11367,148491090,744.875,,49.976185
2026-03-03T11:45:03+00:00,11323,148492060,745.375,,50.284912
2026-03-03T11:50:03+00:00,11363,148493020,744.9375,,50.674507
2026-03-03T11:55:03+00:00,11310,148494000,745.5625,,50.713318
2026-03-03T12:00:03+00:00,11329,148494980,745.375,,50.977814
2026-03-03T12:05:03+00:00,11372,148495950,744.9375,,51.099968
2026-03-03T12:10:03+00:00,11363,148496930,744.875,,51.215446
2026-03-03T12:15:03+00:00,11305,148497890,745.3125,,51.32429
2026-03-03T12:20:03+00:00,11314,148498860,745.375,,51.209034
2026-03-03T12:25:03+00:00,11305,148499840,745.5,,51.598663
2026-03-03T12:30:03+00:00,11262,148500820,746,,51.5923
2026-03-03T12:35:03+00:00,11251,148501780,745.875,,51.744873
2026-03-03T12:40:03+00:00,11207,148502740,745.5,,51.515858
2026-03-03T12:45:03+00:00,11171,148503710,745.4375,,51.598663
2026-03-03T12:50:03+00:00,11052,148504660,746.0625,,51.706768
2026-03-03T12:55:03+00:00,10941,148505600,744.75,,51.90336
2026-03-03T13:00:03+00:00,10967,148506540,744.625,,51.82734
2026-03-03T13:05:03+00:00,10857,148507470,745.9375,,51.744873
2026-03-03T13:10:03+00:00,10827,148508420,744.625,,51.90336
2026-03-03T13:15:03+00:00,10601,148509330,745.375,,51.897026
2026-03-03T13:20:03+00:00,10525,148510240,745.375,,51.972954
2026-03-03T13:25:03+00:00,10458,148511140,745.4375,,51.63048
2026-03-03T13:30:03+00:00,10355,148512030,744.75,,51.522232
2026-03-03T13:35:03+00:00,10237,148512910,746.125,,51.32429
2026-03-03T13:40:03+00:00,10085,148513800,745.375,,51.17698
2026-03-03T13:45:03+00:00,9966,148514640,745.625,,50.984253
2026-03-03T13:50:03+00:00,9846,148515490,745.4375,,50.5968
2026-03-03T13:55:03+00:00,9756,148516340,744.6875,,49.976185
2026-03-03T14:00:03+00:00,9641,148517170,745,,49.48452
2026-03-03T14:05:03+00:00,9485,148517980,745,,49.08747
2026-03-03T14:10:03+00:00,9227,148518780,745.875,,48.781914
2026-03-03T14:15:03+00:00,9042,148519570,745.5625,,48.687073
2026-03-03T14:20:03+00:00,8891,148520350,745.5,,48.418262
2026-03-03T14:25:03+00:00,8739,148521100,745.375,,47.978195
2026-03-03T14:30:03+00:00,8555,148521840,745.5,,47.807858
2026-03-03T14:35:03+00:00,8355,148522580,745.5,,47.534058
2026-03-03T14:40:03+00:00,8131,148523280,745.9375,,47.01068
2026-03-03T14:45:03+00:00,7948,148523970,745.5,,46.912277
2026-03-03T14:50:03+00:00,7707,148524640,745.6875,,46.598373
2026-03-03T14:55:03+00:00,7474,148525280,746.1875,,45.852055
2026-03-03T15:00:03+00:00,7264,148525920,746.0625,,45.531246
2026-03-03T15:05:03+00:00,7042,148526530,745.4375,,45.250317
2026-03-03T15:10:03+00:00,6722,148527120,746.0625,,45.028027
2026-03-03T15:15:03+00:00,6518,148527700,746.0625,,44.72866
2026-03-03T15:20:03+00:00,6243,148528240,745.8125,,44.275322
2026-03-03T15:25:03+00:00,5992,148528770,745.4375,,43.903923
2026-03-03T15:30:03+00:00,5669,148529260,745.5625,,43.223793
2026-03-03T15:35:03+00:00,5347,148529740,746,,42.632637
2026-03-03T15:40:03+00:00,5051,148530190,745.5625,,41.99028
2026-03-03T15:45:03+00:00,4712,148530610,745.375,,41.147514
2026-03-03T15:50:03+00:00,4361,148530990,745.9375,,40.487747
2026-03-03T15:55:03+00:00,4035,148531360,746,,40.45449
2026-03-03T16:00:03+00:00,3729,148531700,745.3125,,41.70044
2026-03-03T16:05:03+00:00,3438,148532000,745.375,,41.73812
2026-03-03T16:10:03+00:00,3159,148532290,745.4375,,41.603386
2026-03-03T16:15:03+00:00,2868,148532540,745.9375,,41.054657
2026-03-03T16:20:03+00:00,2571,148532770,744.75,,40.686737
2026-03-03T16:25:03+00:00,2327,148533000,745.5625,,40.019825
2026-03-03T16:30:03+00:00,2046,148533170,745.25,,39.43139
2026-03-03T16:35:03+00:00,1809,148533340,745.4375,,38.86535
2026-03-03T16:40:03+00:00,1538,148533490,745.4375,,38.463787
2026-03-03T16:45:03+00:00,1274,148533600,745.4375,,37.882355
2026-03-03T16:50:03+00:00,1041,148533700,745.4375,,37.261784
2026-03-03T16:55:03+00:00,832,148533780,745.25,,36.81206
2026-03-03T17:00:03+00:00,640,148533840,745.375,,36.35685
2026-03-03T17:05:03+00:00,479,148533890,745.4375,,36.019478
2026-03-03T17:10:03+00:00,362,148533920,745.5,,35.74118
2026-03-03T17:15:03+00:00,263,148533950,745.375,,35.24132
2026-03-03T17:20:03+00:00,173,148533970,745.9375,,34.965004
2026-03-03T17:25:03+00:00,84,148533980,745.3125,,34.70461
2026-03-03T17:30:03+00:00,69,148533980,745.5,,34.494728
2026-03-03T17:35:03+00:00,107,148533980,742.4375,,34.124035
2026-03-03T17:40:03+00:00,0,148533980,379.8125,,32.735973
2026-03-03T17:45:03+00:00,0,148533980,57.4375,,31.60401
2026-03-03T17:50:03+00:00,0,148533980,33.8125,,30.031708
2026-03-03T17:55:03+00:00,0,148533980,1.5625,,29.109528
2026-03-03T19:45:03+00:00,0,148533980,0,,0
2026-03-04T05:45:02+00:00,0,148533980,0,,0
2026-03-04T06:00:02+00:00,0,148533980,49.1875,,8.1634655
2026-03-04T06:05:02+00:00,0,148533980,497.375,,8.474415
2026-03-04T06:10:02+00:00,0,148533980,721.6875,,9.814638
2026-03-04T06:15:02+00:00,96,148533980,745.5625,,11.602205
2026-03-04T06:20:02+00:00,134,148534000,745.25,,12.755535
2026-03-04T06:25:02+00:00,256,148534020,746.4375,,13.616173
2026-03-04T06:30:02+00:00,392,148534030,745.75,,14.373518
2026-03-04T06:35:02+00:00,437,148534080,745.8125,,14.893826
2026-03-04T06:40:02+00:00,495,148534110,746.0625,,15.612783
2026-03-04T06:45:02+00:00,593,148534160,745.875,,16.17517
2026-03-04T06:50:02+00:00,749,148534200,745.8125,,16.692991
2026-03-04T06:55:02+00:00,928,148534290,745.9375,,17.093807
2026-03-04T07:00:02+00:00,1149,148534380,745.875,,17.617601
2026-03-04T07:05:02+00:00,1330,148534480,745.875,,18.104294
2026-03-04T07:10:02+00:00,1539,148534610,745.875,,18.555878
2026-03-04T07:15:02+00:00,1807,148534750,745.6875,,18.974144
2026-03-04T07:20:02+00:00,2102,148534930,745.9375,,19.456295
2026-03-04T07:25:02+00:00,2304,148535100,745.75,,19.904696
2026-03-04T07:30:02+00:00,2494,148535310,745.3125,,20.601469
2026-03-04T07:35:02+00:00,2780,148535540,745.3125,,21.049109
2026-03-04T07:40:02+00:00,3807,148535800,745.25,,21.895237
2026-03-04T07:45:02+00:00,4422,148536180,744.6875,,22.934673
2026-03-04T07:50:02+00:00,4938,148536460,745.375,,23.356594
2026-03-04T07:55:02+00:00,5371,148536910,745.0625,,24.617395
2026-03-04T08:00:02+00:00,2845,148537200,745.25,,24.857227
2026-03-04T08:05:02+00:00,4695,148537540,745.5,,25.46969
2026-03-04T08:10:02+00:00,4607,148537940,746.0625,,26.280024
2026-03-04T08:15:02+00:00,5052,148538350,745.5,,27.150356
2026-03-04T08:20:02+00:00,5300,148538800,745.375,,27.982037
2026-03-04T08:25:02+00:00,5505,148539260,745.3125,,28.71293
2026-03-04T08:30:02+00:00,5672,148539730,745.5625,,29.450424
2026-03-04T08:35:02+00:00,5965,148540240,745.25,,30.182291
2026-03-04T08:40:02+00:00,6165,148540750,745.4375,,30.983967
2026-03-04T08:45:02+00:00,6373,148541300,745.5,,31.909718
2026-03-04T08:50:02+00:00,6610,148541860,745.375,,32.643127
2026-03-04T08:55:02+00:00,6975,148542430,745.375,,33.360325
2026-03-04T09:00:02+00:00,8376,148543070,745.9375,,34.521034
2026-03-04T09:05:02+00:00,1969,148543570,746,,34.62607
2026-03-04T09:10:02+00:00,5535,148543970,746.125,,34.62607
2026-03-04T09:15:02+00:00,7498,148544560,745.875,,35.67906
2026-03-04T09:20:02+00:00,9386,148545090,745.8125,,36.23452
2026-03-04T09:25:02+00:00,3893,148545570,745.25,,36.081047
2026-03-04T09:30:02+00:00,9835,148546190,745.5625,,36.93252
2026-03-04T09:35:02+00:00,9708,148546960,745.5,,38.463787
2026-03-04T09:40:02+00:00,9463,148547790,745.125,,39.8779
2026-03-04T09:45:02+00:00,10498,148548510,745.375,,40.18752
2026-03-04T09:50:02+00:00,10835,148549000,745.1875,,39.234283
2026-03-04T09:55:02+00:00,10391,148549800,745.4375,,40.71982
2026-03-04T10:00:02+00:00,10560,148550300,745.8125,,40.1931
2026-03-04T10:05:02+00:00,9774,148551180,745.5625,,42.08646
2026-03-04T10:10:02+00:00,10359,148552030,745.75,,43.166615
2026-03-04T10:15:02+00:00,10716,148552940,745.6875,,44.426994
2026-03-04T10:20:02+00:00,10908,148553760,745.8125,,44.933533
2026-03-04T10:25:02+00:00,11046,148554620,746,,42.219673
2026-03-04T10:30:02+00:00,6660,148555420,746.1875,,41.89389
2026-03-04T10:35:02+00:00,11046,148556380,745.9375,,42.75889
2026-03-04T10:40:02+00:00,11459,148557330,745.375,,43.472404
2026-03-04T10:45:02+00:00,12677,148558370,745.8125,,44.578102
2026-03-04T10:50:02+00:00,12399,148559420,745.75,,45.74535
2026-03-04T10:55:02+00:00,12747,148560240,746,,45.709732
2026-03-04T11:00:02+00:00,13192,148561340,746,,46.975975
2026-03-04T11:05:02+00:00,4052,148562180,745.25,,46.141354
2026-03-04T11:10:02+00:00,12816,148562850,746.0625,,45.50144
2026-03-04T11:15:02+00:00,10756,148563980,745.25,,47.224167
2026-03-04T11:20:02+00:00,5283,148564500,745.8125,,45.28028
2026-03-04T11:25:02+00:00,11641,148565280,745.9375,,46.10013
2026-03-04T11:30:02+00:00,3179,148565870,746.0625,,44.668503
2026-03-04T11:35:02+00:00,12535,148566380,745.625,,44.244923
2026-03-04T11:40:02+00:00,6735,148567420,746.25,,46.241325
2026-03-04T11:45:02+00:00,13564,148568110,745.5,,46.070663
2026-03-04T11:50:02+00:00,3883,148569070,745.5625,,46.70323
2026-03-04T11:55:02+00:00,13188,148569870,746.0625,,46.871696
2026-03-04T12:00:02+00:00,13145,148570980,745.5625,,48.317066
2026-03-04T12:05:02+00:00,12930,148572100,745.5,,49.220192
2026-03-04T12:10:02+00:00,12716,148573200,746.0625,,49.643505
2026-03-04T12:15:02+00:00,12066,148574260,745.4375,,50.010593
2026-03-04T12:20:02+00:00,11909,148575280,745.3125,,50.20667
2026-03-04T12:25:02+00:00,12563,148576340,745.125,,50.402073
2026-03-04T12:30:02+00:00,12795,148577310,745.5,,50.20667
2026-03-04T12:35:02+00:00,12636,148578400,745.375,,50.635666
2026-03-04T12:40:02+00:00,12630,148579230,745.0625,,49.943565
2026-03-04T12:45:02+00:00,12889,148580320,745.375,,51.17698
2026-03-04T12:50:02+00:00,13287,148581460,745.375,,52.31961
2026-03-04T12:55:02+00:00,13059,148582600,745.4375,,52.72653
2026-03-04T13:00:02+00:00,12217,148583660,745.625,,52.501526
2026-03-04T13:05:02+00:00,11449,148584690,745.4375,,52.357296
2026-03-04T13:10:02+00:00,11084,148585650,745.125,,51.94133
2026-03-04T13:15:02+00:00,11119,148586610,745.3125,,51.63684
2026-03-04T13:20:02+00:00,11226,148587570,746.0625,,51.5923
2026-03-04T13:25:02+00:00,11238,148588510,745.4375,,51.36905
2026-03-04T13:30:02+00:00,11793,148589500,746.125,,51.362656
2026-03-04T13:35:02+00:00,11832,148590530,745.4375,,52.01087
2026-03-04T13:40:02+00:00,12291,148591500,745.4375,,51.972954
2026-03-04T13:45:02+00:00,4347,148592260,744.75,,50.480045
2026-03-04T13:50:02+00:00,9345,148592690,745.6875,,48.820915
2026-03-04T13:55:02+00:00,11574,148593680,746,,50.004044
2026-03-04T14:00:02+00:00,11378,148594690,745.25,,50.473553
2026-03-04T14:05:02+00:00,11037,148595650,746.125,,50.62919
2026-03-04T14:10:02+00:00,10801,148596580,745.375,,50.7844
2026-03-04T14:15:02+00:00,9504,148597460,744.875,,50.55791
2026-03-04T14:20:02+00:00,3203,148597860,745,,48.215656
2026-03-04T14:25:02+00:00,3118,148598130,745.9375,,46.276558
2026-03-04T14:30:02+00:00,7204,148598460,745.625,,45.53721
2026-03-04T14:35:02+00:00,3422,148599250,745.5,,46.317635
2026-03-04T14:40:02+00:00,8764,148599780,745.4375,,45.71567
2026-03-04T14:45:02+00:00,2473,148600240,745.375,,44.758705
2026-03-04T14:50:02+00:00,7987,148600820,745.9375,,44.72866
2026-03-04T14:55:02+00:00,3492,148601230,745.875,,43.72467
2026-03-04T15:00:02+00:00,7893,148601660,745.9375,,43.291275
2026-03-04T15:05:02+00:00,3223,148602050,745.4375,,42.627365
2026-03-04T15:10:02+00:00,2163,148602320,745.875,,41.15297
2026-03-04T15:15:02+00:00,2302,148602600,746,,40.1931
2026-03-04T15:20:02+00:00,2185,148602830,746,,41.316315
2026-03-04T15:25:02+00:00,3239,148603250,746.375,,41.96353
2026-03-04T15:30:02+00:00,2790,148603630,745.1875,,42.054424
2026-03-04T15:35:02+00:00,5934,148604000,746.4375,,41.96353
2026-03-04T15:40:02+00:00,5488,148604500,745.9375,,42.28347
2026-03-04T15:45:02+00:00,4320,148604930,745.875,,41.899246
2026-03-04T15:50:02+00:00,4246,148605300,746.5,,41.218384
2026-03-04T15:55:02+00:00,4194,148605650,745.1875,,40.983517
2026-03-04T16:00:02+00:00,3853,148605980,745.9375,,40.493286
2026-03-04T16:05:02+00:00,3353,148606290,745.1875,,40.053417
2026-03-04T16:10:02+00:00,2896,148606530,745.8125,,39.40798
2026-03-04T16:15:02+00:00,2845,148606740,745.0625,,38.77967
2026-03-04T16:20:02+00:00,2259,148606980,745.9375,,38.40606
2026-03-04T16:25:02+00:00,1977,148607140,745.875,,37.828594
2026-03-04T16:30:02+00:00,1969,148607310,745.9375,,37.385742
2026-03-04T16:35:02+00:00,1963,148607490,745.8125,,36.93753
2026-03-04T16:40:02+00:00,1609,148607630,745.375,,36.691216
2026-03-04T16:45:02+00:00,1250,148607760,745.1875,,36.081047
2026-03-04T16:50:02+00:00,667,148607840,745.1875,,35.523304
2026-03-04T16:55:02+00:00,581,148607890,745.8125,,35.02055
2026-03-04T17:00:02+00:00,615,148607950,745.3125,,34.652267
2026-03-04T17:05:02+00:00,595,148608000,745.4375,,34.309925
2026-03-04T17:10:02+00:00,487,148608050,745.75,,33.93705
2026-03-04T17:15:02+00:00,330,148608080,745.8125,,33.58685
2026-03-04T17:20:02+00:00,204,148608110,745.8125,,33.342133
2026-03-04T17:25:02+00:00,90,148608130,746.0625,,33.068016
2026-03-04T17:30:02+00:00,65,148608130,745.9375,,32.87474
2026-03-04T17:35:02+00:00,65,148608130,745.125,,32.62453
2026-03-04T17:40:02+00:00,0,148608130,140.75,,31.110855
2026-03-04T17:45:02+00:00,0,148608130,41.75,,29.7127
2026-03-04T17:50:02+00:00,0,148608130,5.8125,,28.622597
2026-03-04T17:55:02+00:00,0,148608130,1.4375,,27.915855
2026-03-04T18:00:02+00:00,0,148608130,1.4375,,27.915855
2026-03-04T19:40:03+00:00,0,148608130,0,,0
2026-03-05T05:40:02+00:00,0,148608130,0,,0
2026-03-05T05:55:02+00:00,0,148608130,61.125,,9.790794
2026-03-05T06:00:02+00:00,0,148608130,377.125,,10.034891
2026-03-05T06:05:02+00:00,0,148608130,407.0625,,11.459787
2026-03-05T06:10:02+00:00,62,148608130,745.875,,12.751204
2026-03-05T06:15:02+00:00,90,148608130,745.125,,14.112135
2026-03-05T06:20:02+00:00,132,148608130,745.8125,,14.800255
2026-03-05T06:25:02+00:00,198,148608140,745.875,,15.499634
2026-03-05T06:30:02+00:00,286,148608180,745.875,,16.257698
2026-03-05T06:35:02+00:00,398,148608200,745.875,,16.880903
2026-03-05T06:40:02+00:00,530,148608240,745.9375,,17.330997
2026-03-05T06:45:02+00:00,657,148608290,745.8125,,17.8238
2026-03-05T06:50:02+00:00,855,148608350,745.9375,,18.104294
2026-03-05T06:55:02+00:00,1046,148608430,745.75,,18.531027
2026-03-05T07:00:02+00:00,1246,148608530,745.3125,,19.022839
2026-03-05T07:05:02+00:00,1461,148608660,745.3125,,19.384644
2026-03-05T07:10:02+00:00,1651,148608780,744.8125,,19.795416
2026-03-05T07:15:02+00:00,1845,148608930,744.6875,,20.213024
2026-03-05T07:20:02+00:00,2089,148609100,745.375,,20.601469
2026-03-05T07:25:02+00:00,2326,148609300,745.3125,,21.270103
2026-03-05T07:30:02+00:00,2616,148609500,745.3125,,21.733603
2026-03-05T07:35:02+00:00,2905,148609740,745.25,,22.321371
2026-03-05T07:40:02+00:00,3243,148610000,745.25,,22.895966
2026-03-05T07:45:02+00:00,3542,148610300,745.5,,23.583784
2026-03-05T07:50:02+00:00,3816,148610610,745.375,,24.25319
2026-03-05T07:55:02+00:00,4119,148610960,745.625,,24.785524
2026-03-05T08:00:02+00:00,4376,148611330,745.3125,,25.584766
2026-03-05T08:05:02+00:00,4623,148611710,745.3125,,26.322062
2026-03-05T08:10:02+00:00,4878,148612110,745.375,,26.959187
2026-03-05T08:15:02+00:00,5095,148612540,745.375,,27.796337
2026-03-05T08:20:02+00:00,5456,148613000,745.375,,28.506025
2026-03-05T08:25:02+00:00,2862,148613460,744.8125,,29.223623
2026-03-05T08:30:02+00:00,6019,148613820,745.9375,,29.604761
2026-03-05T08:35:02+00:00,6155,148614350,745.4375,,30.689285
2026-03-05T08:40:02+00:00,6103,148614900,745.875,,31.661549
2026-03-05T08:45:02+00:00,6939,148615310,745.3125,,32.02363
2026-03-05T08:50:02+00:00,7064,148615900,745.9375,,33.150497
2026-03-05T08:55:02+00:00,2587,148616370,745.9375,,33.478317
2026-03-05T09:00:02+00:00,7388,148616900,746,,34.256924
2026-03-05T09:05:02+00:00,5019,148617330,745.875,,34.203835
2026-03-05T09:10:02+00:00,8318,148617940,745.75,,35.58568
2026-03-05T09:15:02+00:00,8620,148618670,745.875,,37.351078
2026-03-05T09:20:02+00:00,8545,148619410,745.3125,,38.521427
2026-03-05T09:25:02+00:00,8698,148620140,745.9375,,39.576183
2026-03-05T09:30:02+00:00,9485,148620930,745.25,,40.851868
2026-03-05T09:35:02+00:00,9950,148621740,745.875,,42.37899
2026-03-05T09:40:02+00:00,10772,148622620,745.125,,44.05696
2026-03-05T09:45:02+00:00,10799,148623420,745.4375,,44.758705
2026-03-05T09:50:02+00:00,10576,148623950,745.4375,,44.118015
2026-03-05T09:55:02+00:00,11016,148624930,745.8125,,43.786213
2026-03-05T10:00:02+00:00,11105,148625700,745.875,,43.166615
2026-03-05T10:05:02+00:00,11695,148626690,745.9375,,44.578102
2026-03-05T10:10:02+00:00,2205,148627380,745.4375,,43.99581
2026-03-05T10:15:02+00:00,11901,148627680,745.5,,41.86171
2026-03-05T10:20:02+00:00,3233,148628320,745.75,,42.28347
2026-03-05T10:25:02+00:00,12526,148629200,746.5625,,44.153587
2026-03-05T10:30:02+00:00,12173,148630270,745.9375,,46.276558
2026-03-05T10:35:02+00:00,2785,148630750,746,,44.457256
2026-03-05T10:40:02+00:00,2466,148630980,745.3125,,42.59574
2026-03-05T10:45:02+00:00,12568,148631760,745.4375,,44.331
2026-03-05T10:50:02+00:00,12104,148632820,746.1875,,46.31177
2026-03-05T10:55:02+00:00,12467,148633870,746.4375,,47.252945
2026-03-05T11:00:02+00:00,12718,148634940,745,,48.451946
2026-03-05T11:05:02+00:00,3090,148635630,746,,47.252945
2026-03-05T11:10:02+00:00,12923,148636580,745.25,,48.687073
2026-03-05T11:15:02+00:00,4905,148637630,745.1875,,49.517456
2026-03-05T11:20:02+00:00,13075,148638000,745.375,,47.15503
2026-03-05T11:25:02+00:00,12934,148639100,746.25,,49.28641
2026-03-05T11:30:02+00:00,13302,148640220,745.5625,,50.51899
2026-03-05T11:35:02+00:00,4493,148641010,744.875,,49.64898
2026-03-05T11:40:02+00:00,2919,148641540,745.5,,48.552856
2026-03-05T11:45:02+00:00,12576,148642270,745.3125,,48.95438
2026-03-05T11:50:02+00:00,12745,148643360,745.5625,,50.167507
2026-03-05T11:55:02+00:00,12746,148644450,745.4375,,51.06142
2026-03-05T12:00:02+00:00,13282,148645570,745.75,,52.13079
2026-03-05T12:05:02+00:00,11103,148646450,746,,51.362656
2026-03-05T12:10:02+00:00,12457,148647100,745.25,,50.39557
2026-03-05T12:15:02+00:00,12398,148648140,744.8125,,51.865364
2026-03-05T12:20:02+00:00,10783,148649200,744.9375,,52.62039
2026-03-05T12:25:02+00:00,12294,148649920,745.0625,,51.483974
2026-03-05T12:30:02+00:00,12134,148650980,745.5,,52.39496
2026-03-05T12:35:02+00:00,11951,148652000,745.0625,,52.882244
2026-03-05T12:40:02+00:00,12068,148653040,745.375,,53.285057
2026-03-05T12:45:02+00:00,11860,148654060,744.9375,,53.62361
2026-03-05T12:50:02+00:00,11635,148655070,745.5,,53.543777
2026-03-05T12:55:02+00:00,11474,148656060,745.5625,,53.727837
2026-03-05T13:00:02+00:00,11274,148657040,745.375,,53.617477
2026-03-05T13:05:02+00:00,11254,148658000,745.375,,53.801285
2026-03-05T13:10:02+00:00,11172,148658960,745.4375,,53.911278
2026-03-05T13:15:02+00:00,10267,148659900,745.4375,,53.801285
2026-03-05T13:20:02+00:00,10928,148660780,744.9375,,53.402245
2026-03-05T13:25:02+00:00,10850,148661710,745.3125,,53.32209
2026-03-05T13:30:02+00:00,8229,148662400,745.375,,52.048767
2026-03-05T13:35:02+00:00,10706,148663310,746.125,,52.72653
2026-03-05T13:40:02+00:00,10485,148664220,745.625,,53.062325
2026-03-05T13:45:02+00:00,10199,148665120,745.375,,53.025116
2026-03-05T13:50:02+00:00,10200,148665980,745.4375,,52.876022
2026-03-05T13:55:02+00:00,9923,148666850,744.75,,52.919548
2026-03-05T14:00:02+00:00,9766,148667700,745.0625,,52.807556
2026-03-05T14:05:02+00:00,9339,148668510,745.625,,52.72653
2026-03-05T14:10:02+00:00,9245,148669310,745.5625,,52.23787
2026-03-05T14:15:02+00:00,9088,148670100,745,,51.94133
2026-03-05T14:20:02+00:00,8908,148670860,745.5625,,51.5923
2026-03-05T14:25:02+00:00,8643,148671620,745.75,,51.170567
2026-03-05T14:30:02+00:00,8492,148672350,745.9375,,50.82314
2026-03-05T14:35:02+00:00,8354,148673070,745.5,,50.480045
2026-03-05T14:40:02+00:00,8166,148673780,745.5,,50.323994
2026-03-05T14:45:02+00:00,7911,148674460,745.4375,,50.12832
2026-03-05T14:50:02+00:00,7680,148675140,745.25,,49.517456
2026-03-05T14:55:02+00:00,7530,148675790,746.0625,,48.91549
2026-03-05T15:00:02+00:00,7264,148676420,745.9375,,48.647964
2026-03-05T15:05:02+00:00,7044,148677040,745.4375,,48.418262
2026-03-05T15:10:02+00:00,6785,148677630,745.0625,,48.04616
2026-03-05T15:15:02+00:00,6536,148678190,745.25,,47.705368
2026-03-05T15:20:02+00:00,6130,148678740,745.4375,,47.499725
2026-03-05T15:25:02+00:00,5818,148679260,745.4375,,46.668304
2026-03-05T15:30:02+00:00,5614,148679760,746.375,,45.816513
2026-03-05T15:35:02+00:00,5428,148680220,745.5625,,45.358097
2026-03-05T15:40:02+00:00,5186,148680690,745.4375,,44.878662
2026-03-05T15:45:02+00:00,4727,148681100,745.375,,44.239853
2026-03-05T15:50:02+00:00,4327,148681500,745.6875,,43.66303
2026-03-05T15:55:02+00:00,4080,148681860,745.9375,,42.978928
2026-03-05T16:00:02+00:00,3714,148682190,745.375,,42.373684
2026-03-05T16:05:02+00:00,3492,148682500,745.375,,41.53855
2026-03-05T16:10:02+00:00,3194,148682780,745.5625,,40.520973
2026-03-05T16:15:02+00:00,2919,148683040,745.875,,40.917744
2026-03-05T16:20:02+00:00,2635,148683280,745.375,,41.570984
2026-03-05T16:25:02+00:00,2366,148683500,745.8125,,41.218384
2026-03-05T16:30:02+00:00,2138,148683700,745.4375,,40.653633
2026-03-05T16:35:02+00:00,1902,148683870,745.875,,39.799232
2026-03-05T16:40:02+00:00,1645,148684020,745.9375,,39.01243
2026-03-05T16:45:02+00:00,1382,148684140,745.25,,38.40606
2026-03-05T16:50:02+00:00,1158,148684260,745.375,,37.882355
2026-03-05T16:55:02+00:00,940,148684350,745.375,,37.291573
2026-03-05T17:00:02+00:00,742,148684420,745.375,,36.660942
2026-03-05T17:05:02+00:00,551,148684480,745.9375,,36.019478
2026-03-05T17:10:02+00:00,410,148684510,746,,35.58568
2026-03-05T17:15:02+00:00,306,148684540,746.0625,,34.939056
2026-03-05T17:20:02+00:00,203,148684580,745.875,,34.494728
2026-03-05T17:25:02+00:00,110,148684580,745.5625,,34.124035
2026-03-05T17:30:02+00:00,31,148684590,745.9375,,33.74896
2026-03-05T17:35:02+00:00,0,148684590,745.3125,,33.469254
2026-03-05T17:40:02+00:00,0,148684590,316.6875,,32.34424
2026-03-05T17:45:02+00:00,0,148684590,78.375,,30.964401
2026-03-05T17:50:02+00:00,0,148684590,35.75,,29.437872
2026-03-05T17:55:02+00:00,0,148684590,1.8125,,28.33679
2026-03-05T19:45:05+00:00,0,148684590,0,,0
2026-03-06T05:45:03+00:00,0,148684590,0,,0
2026-03-06T05:55:03+00:00,0,148684590,43.6875,,8.474415
2026-03-06T06:00:03+00:00,0,148684590,93.25,,8.729528
2026-03-06T06:05:03+00:00,0,148684590,505.5,,9.885977
2026-03-06T06:10:03+00:00,83,148684590,744.8125,,10.18219
2026-03-06T06:15:03+00:00,73,148684590,745.375,,12.410515
2026-03-06T06:20:03+00:00,153,148684600,745.5,,13.268705
2026-03-06T06:25:03+00:00,231,148684620,746,,14.108086
2026-03-06T06:30:03+00:00,342,148684640,745.6875,,14.776791
2026-03-06T06:35:03+00:00,445,148684670,745.25,,15.395437
2026-03-06T06:40:03+00:00,569,148684720,746.125,,15.976845
2026-03-06T06:45:03+00:00,726,148684770,744.875,,16.48089
2026-03-06T06:50:03+00:00,911,148684850,745.375,,17.045189
2026-03-06T06:55:03+00:00,1105,148684930,745.3125,,17.461716
2026-03-06T07:00:03+00:00,1305,148685040,745.4375,,17.9262
2026-03-06T07:05:03+00:00,1505,148685150,745.4375,,18.431349
2026-03-06T07:10:03+00:00,1724,148685300,745.3125,,18.900904
2026-03-06T07:15:03+00:00,1979,148685460,745.4375,,19.360708
2026-03-06T07:20:03+00:00,2209,148685630,744.8125,,19.771927
2026-03-06T07:25:03+00:00,2480,148685840,745.4375,,20.313046
2026-03-06T07:30:03+00:00,2720,148686050,745.4375,,20.937906
2026-03-06T07:35:03+00:00,3015,148686300,745.25,,21.607187
2026-03-06T07:40:03+00:00,3340,148686580,745.375,,22.26849
2026-03-06T07:45:03+00:00,3642,148686880,745.4375,,22.921776
2026-03-06T07:50:03+00:00,3915,148687200,745.4375,,23.508284
2026-03-06T07:55:03+00:00,4237,148687550,745.3125,,24.326466
2026-03-06T08:00:03+00:00,4491,148687920,745.5,,24.952501
2026-03-06T08:05:03+00:00,4694,148688320,745.4375,,25.870525
2026-03-06T08:10:03+00:00,4935,148688740,745.375,,26.711533
2026-03-06T08:15:03+00:00,5199,148689170,745.25,,27.502064
2026-03-06T08:20:03+00:00,5441,148689620,745.3125,,28.323729
2026-03-06T08:25:03+00:00,5653,148690100,745.375,,29.071392
2026-03-06T08:30:03+00:00,5923,148690600,745.75,,29.787184
2026-03-06T08:35:03+00:00,6126,148691100,745.4375,,30.659676
2026-03-06T08:40:03+00:00,6345,148691650,746,,31.661549
2026-03-06T08:45:03+00:00,6570,148692200,745.8125,,32.484688
2026-03-06T08:50:03+00:00,6688,148692770,745.8125,,33.369415
2026-03-06T08:55:03+00:00,7050,148693360,745.4375,,34.230392
2026-03-06T09:00:03+00:00,7292,148693970,745.8125,,35.05217
2026-03-06T09:05:03+00:00,7483,148694610,745.8125,,35.957813
2026-03-06T09:10:03+00:00,7708,148695260,745.875,,36.81206
2026-03-06T09:15:03+00:00,7953,148695920,745.1875,,37.8237
2026-03-06T09:20:03+00:00,8130,148696620,745.0625,,38.693794
2026-03-06T09:25:03+00:00,8305,148697330,745.9375,,39.515533
2026-03-06T09:30:03+00:00,8858,148698060,745.375,,40.520973
2026-03-06T09:35:03+00:00,9160,148698830,744.9375,,41.408604
2026-03-06T09:40:03+00:00,7838,148699520,746.3125,,41.60878
2026-03-06T09:45:03+00:00,9327,148700260,745.9375,,42.219673
2026-03-06T09:50:03+00:00,9761,148701090,745.75,,43.197815
2026-03-06T09:55:03+00:00,9927,148701940,745.25,,44.178978
2026-03-06T10:00:03+00:00,10080,148702780,745.5,,44.026398
2026-03-06T10:05:03+00:00,10302,148703660,745.5,,42.373684
2026-03-06T10:10:03+00:00,10465,148704560,745.1875,,42.627365
2026-03-06T10:15:03+00:00,10614,148705460,746.5,,43.32238
2026-03-06T10:20:03+00:00,10742,148706370,745.375,,44.05696
2026-03-06T10:25:03+00:00,10869,148707310,745.875,,44.457256
2026-03-06T10:30:03+00:00,10753,148708240,745.5625,,45.286266
2026-03-06T10:35:03+00:00,11011,148709170,744.8125,,45.644363
2026-03-06T10:40:03+00:00,11119,148710130,745.9375,,46.170776
2026-03-06T10:45:03+00:00,11219,148711070,744.8125,,46.773014
2026-03-06T10:50:03+00:00,11292,148712030,745.375,,47.085796
2026-03-06T10:55:03+00:00,11371,148713020,745.3125,,47.568367
2026-03-06T11:00:03+00:00,11423,148713980,745.3125,,47.739555
2026-03-06T11:05:03+00:00,11393,148714960,745.5625,,47.944176
2026-03-06T11:10:03+00:00,11522,148715950,745.25,,48.384552
2026-03-06T11:15:03+00:00,11605,148716940,745.5,,48.552856
2026-03-06T11:20:03+00:00,11618,148717940,745.4375,,49.120686
2026-03-06T11:25:03+00:00,11489,148718940,745.5625,,49.517456
2026-03-06T11:30:03+00:00,11807,148719940,745.25,,49.780136
2026-03-06T11:35:03+00:00,11702,148720940,745.5625,,50.12832
2026-03-06T11:40:03+00:00,11844,148721950,745.375,,50.20667
2026-03-06T11:45:03+00:00,12013,148722960,745,,50.245804
2026-03-06T11:50:03+00:00,11835,148724000,745.4375,,50.7521
2026-03-06T11:55:03+00:00,11850,148725010,746,,50.861847
2026-03-06T12:00:03+00:00,11947,148726030,744.8125,,51.02285
2026-03-06T12:05:03+00:00,11871,148727060,745.375,,51.099968
2026-03-06T12:10:03+00:00,11791,148728080,744.9375,,51.292297
2026-03-06T12:15:03+00:00,11815,148729090,745.625,,51.75122
2026-03-06T12:20:03+00:00,11681,148730100,746.9375,,51.63684
2026-03-06T12:25:03+00:00,11363,148731070,745.3125,,51.865364
2026-03-06T12:30:03+00:00,11383,148732030,746.4375,,51.97927
2026-03-06T12:35:03+00:00,11310,148733020,745.375,,52.24416
2026-03-06T12:40:03+00:00,11266,148734000,745.4375,,52.54535
2026-03-06T12:45:03+00:00,10866,148734960,745.875,,52.351017
2026-03-06T12:50:03+00:00,9788,148735800,745.5,,51.706768
2026-03-06T12:55:03+00:00,10105,148736660,745.25,,51.44569
2026-03-06T13:00:03+00:00,10742,148737570,745.875,,52.01087
2026-03-06T13:05:03+00:00,10605,148738500,745.3125,,52.09295
2026-03-06T13:10:03+00:00,10710,148739420,744.875,,52.13079
2026-03-06T13:15:03+00:00,10365,148740320,745.0625,,51.78929
2026-03-06T13:20:03+00:00,10898,148741230,745.0625,,51.598663
2026-03-06T13:25:03+00:00,10945,148742160,746.125,,51.972954
2026-03-06T13:30:03+00:00,11139,148743100,745.9375,,51.744873
2026-03-06T13:35:03+00:00,10777,148744050,745.25,,52.08664
2026-03-06T13:40:03+00:00,10224,148744940,745.1875,,51.859024
2026-03-06T13:45:03+00:00,10423,148745810,744.8125,,52.01719
2026-03-06T13:50:03+00:00,10492,148746720,745.4375,,52.09295
2026-03-06T13:55:03+00:00,10075,148747600,745.5625,,52.055084
2026-03-06T14:00:03+00:00,9940,148748450,746,,51.5923
2026-03-06T14:05:03+00:00,9502,148749280,745.9375,,51.515858
2026-03-06T14:10:03+00:00,9546,148750100,746.125,,51.209034
2026-03-06T14:15:03+00:00,9149,148750880,745.9375,,50.939186
2026-03-06T14:20:03+00:00,9074,148751660,745.8125,,50.62919
2026-03-06T14:25:03+00:00,9152,148752450,745.375,,50.36305
2026-03-06T14:30:03+00:00,7529,148753220,745.75,,49.74192
2026-03-06T14:35:03+00:00,7105,148753900,744.6875,,49.220192
2026-03-06T14:40:03+00:00,9234,148754580,745.1875,,48.485607
2026-03-06T14:45:03+00:00,8461,148755340,745.4375,,48.249485
2026-03-06T14:50:03+00:00,7905,148756060,745.25,,47.77372
2026-03-06T14:55:03+00:00,8377,148756770,745.625,,47.43098
2026-03-06T15:00:03+00:00,8185,148757470,745.3125,,46.98176
2026-03-06T15:05:03+00:00,8330,148758180,745.375,,46.877495
2026-03-06T15:10:03+00:00,7970,148758850,745.4375,,46.633347
2026-03-06T15:15:03+00:00,7711,148759520,745.4375,,46.2472
2026-03-06T15:20:03+00:00,6948,148760140,745.5,,45.71567
2026-03-06T15:25:03+00:00,6858,148760720,746.0625,,44.84371
2026-03-06T15:30:03+00:00,5776,148761280,744.9375,,44.542892
2026-03-06T15:35:03+00:00,5364,148761710,745.25,,43.41039
2026-03-06T15:40:03+00:00,4053,148762130,745.5625,,42.468994
2026-03-06T15:45:03+00:00,4204,148762510,745.5625,,41.53855
2026-03-06T15:50:03+00:00,5690,148762930,745.4375,,40.88482
2026-03-06T15:55:03+00:00,5447,148763410,745.5,,40.653633
2026-03-06T16:00:03+00:00,4824,148763860,745.375,,40.22098
2026-03-06T16:05:03+00:00,4404,148764260,745.3125,,41.635757
2026-03-06T16:10:03+00:00,3905,148764600,745.875,,41.64115
2026-03-06T16:15:03+00:00,3498,148764930,745.4375,,41.27826
2026-03-06T16:20:03+00:00,3155,148765220,745.4375,,40.917744
2026-03-06T16:25:03+00:00,2776,148765470,745.4375,,40.321213
2026-03-06T16:30:03+00:00,2150,148765660,746,,39.379868
2026-03-06T16:35:03+00:00,2096,148765860,745.375,,38.722443
2026-03-06T16:40:03+00:00,1757,148766020,745.375,,38.261337
2026-03-06T16:45:03+00:00,1345,148766160,745.25,,37.706112
2026-03-06T16:50:03+00:00,1307,148766270,745.4375,,36.992607
2026-03-06T16:55:03+00:00,1066,148766370,745.1875,,36.3263
2026-03-06T17:00:03+00:00,834,148766450,745.5625,,35.67906
2026-03-06T17:05:03+00:00,412,148766510,745.4375,,35.02055
2026-03-06T17:10:03+00:00,350,148766540,745.4375,,34.730743
2026-03-06T17:15:03+00:00,260,148766560,746,,34.256924
2026-03-06T17:20:03+00:00,173,148766600,745.4375,,34.017323
2026-03-06T17:25:03+00:00,85,148766600,745.9375,,33.802814
2026-03-06T17:30:03+00:00,21,148766600,745.6875,,33.505486
2026-03-06T17:35:03+00:00,0,148766600,745.5,,33.223637
2026-03-06T17:40:03+00:00,0,148766600,404.5625,,32.033104
2026-03-06T17:45:03+00:00,0,148766600,328.9375,,31.256664
2026-03-06T17:50:03+00:00,0,148766600,40.75,,29.85322
2026-03-06T17:55:03+00:00,0,148766600,3.6875,,28.700045
2026-03-06T19:45:02+00:00,0,148766600,0,,0
2026-03-07T05:45:03+00:00,0,148766600,0,,0
2026-03-07T05:55:03+00:00,0,148766600,46.875,,9.060003
2026-03-07T06:00:03+00:00,0,148766600,433.8125,,9.473778
2026-03-07T06:05:03+00:00,0,148766600,597.125,,10.875582
2026-03-07T06:10:03+00:00,80,148766600,745.5625,,12.467688
2026-03-07T06:15:03+00:00,107,148766610,744.6875,,13.570465
2026-03-07T06:20:03+00:00,201,148766620,744.625,,14.329527
2026-03-07T06:25:03+00:00,289,148766640,745.9375,,15.041594
2026-03-07T06:30:03+00:00,399,148766670,746,,15.640987
2026-03-07T06:35:03+00:00,504,148766700,746,,16.202711
2026-03-07T06:40:03+00:00,638,148766750,746,,16.746834
2026-03-07T06:45:03+00:00,787,148766820,746,,17.252207
2026-03-07T06:50:03+00:00,967,148766900,745.9375,,17.798126
2026-03-07T06:55:03+00:00,1131,148766980,746,,18.255835
2026-03-07T07:00:03+00:00,1312,148767090,746,,18.679716
2026-03-07T07:05:03+00:00,1512,148767200,745.4375,,19.192423
2026-03-07T07:10:03+00:00,1729,148767340,746.0625,,19.575193
2026-03-07T07:15:03+00:00,1967,148767500,745.3125,,20.026272
2026-03-07T07:20:03+00:00,2184,148767680,745.8125,,20.573236
2026-03-07T07:25:03+00:00,2450,148767890,745.4375,,21.132198
2026-03-07T07:30:03+00:00,2705,148768100,745.375,,21.814545
2026-03-07T07:35:03+00:00,3013,148768350,745.3125,,22.42681
2026-03-07T07:40:03+00:00,3339,148768620,746.0625,,23.037605
2026-03-07T07:45:03+00:00,3636,148768930,745.625,,23.558643
2026-03-07T07:50:03+00:00,3949,148769250,746,,24.265417
2026-03-07T07:55:03+00:00,4205,148769600,746.0625,,24.940613
2026-03-07T08:00:03+00:00,4485,148769970,745.375,,25.727991
2026-03-07T08:05:03+00:00,4734,148770370,745.3125,,26.489614
2026-03-07T08:10:03+00:00,4970,148770780,746,,27.29968
2026-03-07T08:15:03+00:00,5220,148771220,745.3125,,27.982037
2026-03-07T08:20:03+00:00,5511,148771680,745.3125,,28.815817
2026-03-07T08:25:03+00:00,5855,148772180,745.375,,29.500572
2026-03-07T08:30:03+00:00,7255,148772720,744.5625,,30.630035
2026-03-07T08:35:03+00:00,3306,148773300,745.125,,31.766771
2026-03-07T08:40:03+00:00,2623,148773570,745.3125,,31.01329
2026-03-07T08:45:03+00:00,2195,148773740,745.625,,30.391983
2026-03-07T08:50:03+00:00,3620,148774220,745.75,,31.59441
2026-03-07T08:55:03+00:00,7742,148774770,745.375,,32.893196
2026-03-07T09:00:03+00:00,8022,148775380,745.3125,,34.06183
2026-03-07T09:05:03+00:00,8523,148776050,745.375,,35.36168
2026-03-07T09:10:03+00:00,2474,148776620,745.9375,,35.7722
2026-03-07T09:15:03+00:00,2700,148777140,745.875,,35.86512
2026-03-07T09:20:03+00:00,9690,148777890,745.875,,37.440155
2026-03-07T09:25:03+00:00,8924,148778420,745.4375,,37.11248
2026-03-07T09:30:03+00:00,10133,148779040,745.9375,,37.735542
2026-03-07T09:35:03+00:00,4088,148779870,745.0625,,39.375183
2026-03-07T09:40:03+00:00,2444,148780350,745.5625,,38.60771
2026-03-07T09:45:03+00:00,10886,148781230,745.625,,40.520973
2026-03-07T09:50:03+00:00,11785,148782180,745.3125,,42.75364
2026-03-07T09:55:03+00:00,11562,148782980,745.375,,43.16141
2026-03-07T10:00:03+00:00,4016,148783600,745.6875,,42.978928
2026-03-07T10:05:03+00:00,5035,148784020,746,,41.635757
2026-03-07T10:10:03+00:00,7631,148784700,744.9375,,42.75364
2026-03-07T10:15:03+00:00,13177,148785230,745.5,,42.722103
2026-03-07T10:20:03+00:00,12645,148786050,746,,43.84767
2026-03-07T10:25:03+00:00,3579,148786940,745.375,,42.69055
2026-03-07T10:30:03+00:00,14810,148787800,745.875,,43.104145
2026-03-07T10:35:03+00:00,3839,148788270,745.625,,41.27826
2026-03-07T10:40:03+00:00,14156,148788960,745.9375,,41.92604
2026-03-07T10:45:03+00:00,2897,148789540,746,,41.316315
2026-03-07T10:50:03+00:00,6795,148789920,745.5,,40.053417
2026-03-07T10:55:03+00:00,12880,148790980,745.5625,,44.63337
2026-03-07T11:00:03+00:00,5109,148792020,746.0625,,44.72866
2026-03-07T11:05:03+00:00,3490,148792400,745.375,,42.442543
2026-03-07T11:10:03+00:00,14814,148792910,745.875,,41.73812
2026-03-07T11:15:03+00:00,3104,148793630,745.4375,,42.75364
2026-03-07T11:20:03+00:00,7100,148793950,745.3125,,41.04919
2026-03-07T11:25:03+00:00,14193,148795020,749.4375,,43.750324
2026-03-07T11:30:03+00:00,13705,148796000,746.375,,44.933533
2026-03-07T11:35:03+00:00,3442,148796860,745.375,,45.250317
2026-03-07T11:40:03+00:00,12869,148797310,746.625,,43.755455
2026-03-07T11:45:03+00:00,14603,148798380,751.375,,45.709732
2026-03-07T11:50:03+00:00,13337,148799140,750.75,,45.13629
2026-03-07T11:55:03+00:00,15600,148799630,747.5,,43.934578
2026-03-07T12:00:03+00:00,3652,148800210,746.0625,,43.32238
2026-03-07T12:05:03+00:00,3365,148800510,744.75,,41.53855
2026-03-07T12:10:03+00:00,4907,148801040,745.375,,41.53855
2026-03-07T12:15:03+00:00,14066,148802080,745.5625,,44.178978
2026-03-07T12:20:03+00:00,4802,148803090,745.25,,45.46564
2026-03-07T12:25:03+00:00,3255,148803410,745.875,,42.75889
2026-03-07T12:30:03+00:00,13235,148803680,745.9375,,40.956123
2026-03-07T12:35:03+00:00,13305,148804800,745.5,,44.361336
2026-03-07T12:40:03+00:00,3665,148805700,745.6875,,44.84371
2026-03-07T12:45:03+00:00,3365,148806000,745.25,,42.65897
2026-03-07T12:50:03+00:00,2386,148806400,745.9375,,41.44655
2026-03-07T12:55:03+00:00,2899,148806620,745.875,,40.692253
2026-03-07T13:00:03+00:00,13677,148807460,745.5,,44.998276
2026-03-07T13:05:03+00:00,2795,148808020,746.0625,,41.802643
2026-03-07T13:10:03+00:00,13776,148808580,745.9375,,41.6735
2026-03-07T13:15:03+00:00,3418,148809090,745.4375,,41.180237
2026-03-07T13:20:03+00:00,4157,148809400,745.8125,,41.02184
2026-03-07T13:25:03+00:00,12796,148810340,745.875,,45.028027
2026-03-07T13:30:03+00:00,4705,148811200,746,,43.632175
2026-03-07T13:35:03+00:00,3125,148812030,745.6875,,43.939682
2026-03-07T13:40:03+00:00,3193,148812300,745.9375,,41.802643
2026-03-07T13:45:03+00:00,9747,148812880,745.5625,,42.02236
2026-03-07T13:50:03+00:00,2624,148813150,745.4375,,40.35457
2026-03-07T13:55:03+00:00,2652,148813380,745.9375,,40.62603
2026-03-07T14:00:03+00:00,6028,148813650,745.3125,,40.487747
2026-03-07T14:05:03+00:00,11595,148814500,745.8125,,43.41556
2026-03-07T14:10:03+00:00,2492,148814830,745.375,,42.27816
2026-03-07T14:15:03+00:00,3135,148815140,745.375,,41.310883
2026-03-07T14:20:03+00:00,3041,148815410,745.8125,,40.360126
2026-03-07T14:25:03+00:00,3013,148815940,745.9375,,41.44655
2026-03-07T14:30:03+00:00,11061,148816740,745.3125,,43.503372
2026-03-07T14:35:03+00:00,10722,148817620,745.6875,,44.903614
2026-03-07T14:40:03+00:00,9738,148818460,745.3125,,42.43725
2026-03-07T14:45:03+00:00,3093,148819060,746.5,,40.890312
2026-03-07T14:50:03+00:00,1929,148819380,746,,40.98899
2026-03-07T14:55:03+00:00,1954,148819540,745.375,,40.22098
2026-03-07T15:00:03+00:00,2790,148820110,746,,41.38148
2026-03-07T15:05:03+00:00,2513,148820580,746,,41.34891
2026-03-07T15:10:03+00:00,1564,148820740,745.4375,,39.766792
2026-03-07T15:15:03+00:00,1902,148820880,745.5,,38.836815
2026-03-07T15:20:03+00:00,2168,148821040,745.4375,,38.232323
2026-03-07T15:25:03+00:00,2968,148821250,745.3125,,37.764954
2026-03-07T15:30:03+00:00,8344,148821900,745.4375,,39.54354
2026-03-07T15:35:03+00:00,2951,148822260,745.9375,,39.01243
2026-03-07T15:40:03+00:00,1316,148822580,745.875,,38.6699
2026-03-07T15:45:03+00:00,5767,148822720,745.375,,37.97016
2026-03-07T15:50:03+00:00,5082,148823150,745.875,,38.583763
2026-03-07T15:55:03+00:00,5800,148823550,745.25,,38.55021
2026-03-07T16:00:03+00:00,2050,148823940,745.4375,,38.57897
2026-03-07T16:05:03+00:00,5495,148824340,745.3125,,38.836815
2026-03-07T16:10:03+00:00,1314,148824740,745.5625,,38.722443
2026-03-07T16:15:03+00:00,1506,148824830,745.5,,37.558594
2026-03-07T16:20:03+00:00,3817,148825100,745.4375,,37.469803
2026-03-07T16:25:03+00:00,2961,148825390,745.4375,,37.202137
2026-03-07T16:30:03+00:00,3018,148825630,745.3125,,36.630642
2026-03-07T16:35:03+00:00,1579,148825840,745.3125,,36.23452
2026-03-07T16:40:03+00:00,1250,148826000,745.375,,35.89604
2026-03-07T16:45:03+00:00,874,148826080,745.3125,,35.115322
2026-03-07T16:50:03+00:00,1132,148826200,745.375,,34.62607
2026-03-07T16:55:03+00:00,929,148826290,745.5,,34.256924
2026-03-07T17:00:03+00:00,438,148826340,745.4375,,33.802814
2026-03-07T17:05:03+00:00,528,148826380,746,,33.451126
2026-03-07T17:10:03+00:00,344,148826420,745.3125,,33.12303
2026-03-07T17:15:03+00:00,261,148826450,745.375,,32.902424
2026-03-07T17:20:03+00:00,187,148826460,745.5625,,32.59661
2026-03-07T17:25:03+00:00,74,148826480,745.4375,,32.372375
2026-03-07T17:30:03+00:00,13,148826480,745.8125,,31.976213
2026-03-07T17:35:03+00:00,0,148826480,745.4375,,31.575205
2026-03-07T17:40:03+00:00,0,148826480,373.5,,30.192307
2026-03-07T17:45:03+00:00,0,148826480,199.6875,,29.28681
2026-03-07T17:50:03+00:00,0,148826480,38.5625,,28.1271
2026-03-07T17:55:03+00:00,0,148826480,3.125,,27.163965
2026-03-07T18:00:03+00:00,0,148826480,1.375,,26.573032
2026-03-07T18:05:03+00:00,0,148826480,1.375,,26.573032
2026-03-07T19:40:02+00:00,0,148826480,0,,0
2026-03-08T05:40:03+00:00,0,148826480,0,,0
2026-03-08T05:50:03+00:00,0,148826480,35.8125,,9.86223
2026-03-08T05:55:03+00:00,0,148826480,59.6875,,10.211529
2026-03-08T06:00:03+00:00,0,148826480,445.9375,,10.870844
2026-03-08T06:05:03+00:00,0,148826480,825.4375,,12.171305
2026-03-08T06:10:03+00:00,103,148826480,745.3125,,13.445284
2026-03-08T06:15:03+00:00,80,148826480,745.8125,,14.492994
2026-03-08T06:20:03+00:00,141,148826500,745.8125,,15.185675
2026-03-08T06:25:03+00:00,229,148826510,745.1875,,15.865419
2026-03-08T06:30:03+00:00,327,148826530,745.4375,,16.503548
2026-03-08T06:35:03+00:00,452,148826560,745.9375,,17.040764
2026-03-08T06:40:03+00:00,598,148826610,745.875,,17.565758
2026-03-08T06:45:03+00:00,776,148826670,745.3125,,17.977226
2026-03-08T06:50:03+00:00,952,148826740,745.3125,,18.331223
2026-03-08T06:55:03+00:00,1159,148826830,745.625,,18.704403
2026-03-08T07:00:03+00:00,1371,148826940,745.25,,19.095675
2026-03-08T07:05:03+00:00,1605,148827070,745.3125,,19.551464
2026-03-08T07:10:03+00:00,1863,148827220,745.25,,19.95136
2026-03-08T07:15:03+00:00,2101,148827400,745.375,,20.455284
2026-03-08T07:20:03+00:00,2329,148827580,745.1875,,20.993567
2026-03-08T07:25:03+00:00,2608,148827790,745.375,,21.543749
2026-03-08T07:30:03+00:00,2849,148828030,745.375,,22.188961
2026-03-08T07:35:03+00:00,3156,148828290,745.625,,22.610287
2026-03-08T07:40:03+00:00,3509,148828560,745.4375,,23.305826
2026-03-08T07:45:03+00:00,3785,148828880,745.5,,23.83382
2026-03-08T07:50:03+00:00,4079,148829220,745.25,,24.544987
2026-03-08T07:55:03+00:00,4362,148829580,745.4375,,25.150911
2026-03-08T08:00:03+00:00,4659,148829970,745.4375,,25.98406
2026-03-08T08:05:03+00:00,4913,148830380,745.5,,26.849379
2026-03-08T08:10:03+00:00,5138,148830820,745.3125,,27.60942
2026-03-08T08:15:03+00:00,5374,148831260,745.5625,,28.29759
2026-03-08T08:20:03+00:00,5620,148831730,745.375,,29.172974
2026-03-08T08:25:03+00:00,5830,148832220,745.5,,29.85322
2026-03-08T08:30:03+00:00,6066,148832740,745.125,,30.689285
2026-03-08T08:35:03+00:00,6401,148833260,745.1875,,31.246964
2026-03-08T08:40:03+00:00,6676,148833820,745.875,,31.776321
2026-03-08T08:45:03+00:00,6888,148834400,745.25,,32.53137
2026-03-08T08:50:03+00:00,7179,148835000,745.375,,33.360325
2026-03-08T08:55:03+00:00,7438,148835630,745.875,,34.070724
2026-03-08T09:00:03+00:00,7657,148836290,746,,34.88711
2026-03-08T09:05:03+00:00,7889,148836960,746,,35.58568
2026-03-08T09:10:03+00:00,8080,148837630,746,,36.539604
2026-03-08T09:15:03+00:00,8338,148838350,745.9375,,37.261784
2026-03-08T09:20:03+00:00,8516,148839070,745.8125,,38.319294
2026-03-08T09:25:03+00:00,8803,148839820,745.8125,,39.03609
2026-03-08T09:30:03+00:00,9121,148840580,745.5625,,39.59948
2026-03-08T09:35:03+00:00,9342,148841360,745.5625,,40.22098
2026-03-08T09:40:03+00:00,9613,148842180,745.1875,,41.081993
2026-03-08T09:45:03+00:00,9955,148843020,745.3125,,41.79727
2026-03-08T09:50:03+00:00,10150,148843890,745.6875,,42.790394
2026-03-08T09:55:03+00:00,10522,148844770,746.0625,,43.81695
2026-03-08T10:00:03+00:00,11174,148845700,745.875,,44.7537
2026-03-08T10:05:03+00:00,12438,148846670,745.5625,,42.500717
2026-03-08T10:10:03+00:00,12681,148847630,745.375,,42.75364
2026-03-08T10:15:03+00:00,5221,148848270,746.1875,,41.38148
2026-03-08T10:20:03+00:00,12726,148849310,745.3125,,43.348286
2026-03-08T10:25:03+00:00,12125,148850340,745.125,,44.39165
2026-03-08T10:30:03+00:00,13148,148851070,746,,43.786213
2026-03-08T10:35:03+00:00,5396,148852210,745.875,,45.31621
2026-03-08T10:40:03+00:00,4970,148852880,745.9375,,44.000916
2026-03-08T10:45:03+00:00,4660,148853460,745.9375,,43.47757
2026-03-08T10:50:03+00:00,2995,148853740,745.875,,41.34891
2026-03-08T10:55:03+00:00,13182,148854820,747.625,,44.026398
2026-03-08T11:00:03+00:00,13798,148855980,747.4375,,45.74535
2026-03-08T11:05:03+00:00,10066,148857180,746.25,,47.3564
2026-03-08T11:10:03+00:00,2951,148857660,745.375,,45.034046
2026-03-08T11:15:03+00:00,14288,148858510,750.9375,,46.135468
2026-03-08T11:20:03+00:00,11364,148859310,746.5,,45.638416
2026-03-08T11:25:03+00:00,13148,148860160,749.4375,,46.03528
2026-03-08T11:30:03+00:00,13593,148861260,749.875,,47.2932
2026-03-08T11:35:03+00:00,5299,148862400,745.375,,48.249485
2026-03-08T11:40:03+00:00,2780,148863020,745.3125,,46.2472
2026-03-08T11:45:03+00:00,8264,148863940,745.625,,47.2932
2026-03-08T11:50:03+00:00,13495,148865070,747.25,,48.418262
2026-03-08T11:55:03+00:00,2688,148866050,745.375,,48.384552
2026-03-08T12:00:03+00:00,14012,148867120,748.1875,,49.31949
2026-03-08T12:05:03+00:00,3198,148868180,745.3125,,49.25331
2026-03-08T12:10:03+00:00,13776,148869070,748.6875,,48.78749
2026-03-08T12:15:03+00:00,12396,148870130,747.75,,48.887695
2026-03-08T12:20:03+00:00,4317,148870850,745.25,,47.978195
2026-03-08T12:25:03+00:00,6249,148871340,746.3125,,46.10013
2026-03-08T12:30:03+00:00,13536,148872350,748.25,,47.43098
2026-03-08T12:35:03+00:00,4547,148873400,745.125,,48.350822
2026-03-08T12:40:03+00:00,13627,148874300,748.0625,,48.249485
2026-03-08T12:45:03+00:00,14474,148875500,747.25,,49.74738
2026-03-08T12:50:03+00:00,3314,148876110,745.3125,,48.04616
2026-03-08T12:55:03+00:00,3738,148876750,745.5,,47.258698
2026-03-08T13:00:03+00:00,5029,148877630,745.5,,47.36214
2026-03-08T13:05:03+00:00,2763,148878240,745.4375,,46.282433
2026-03-08T13:10:03+00:00,12073,148879120,746.1875,,47.080025
2026-03-08T13:15:03+00:00,11952,148880060,747.125,,47.705368
2026-03-08T13:20:03+00:00,11926,148881090,747.0625,,48.176163
2026-03-08T13:25:03+00:00,11698,148882080,747.0625,,48.283287
2026-03-08T13:30:03+00:00,11663,148883070,746.625,,48.987686
2026-03-08T13:35:03+00:00,11884,148884100,745.375,,49.35254
2026-03-08T13:40:03+00:00,11001,148885070,747.1875,,49.34703
2026-03-08T13:45:03+00:00,10823,148886000,746.0625,,48.91549
2026-03-08T13:50:03+00:00,10649,148886930,746,,48.78749
2026-03-08T13:55:03+00:00,10606,148887860,746.0625,,48.547256
2026-03-08T14:00:03+00:00,10409,148888640,746.5625,,47.938503
2026-03-08T14:05:03+00:00,10130,148889520,745.3125,,47.978195
2026-03-08T14:10:03+00:00,9843,148890380,745.375,,47.67115
2026-03-08T14:15:03+00:00,9733,148891220,745.1875,,47.528336
2026-03-08T14:20:03+00:00,9563,148892050,745.4375,,47.01068
2026-03-08T14:25:03+00:00,9339,148892860,746.0625,,47.252945
2026-03-08T14:30:03+00:00,9179,148893650,746.125,,46.871696
2026-03-08T14:35:03+00:00,8876,148894420,745.9375,,46.871696
2026-03-08T14:40:03+00:00,8709,148895180,745.4375,,46.598373
2026-03-08T14:45:03+00:00,8445,148895920,746.125,,46.382114
2026-03-08T14:50:03+00:00,8270,148896640,746.0625,,45.958527
2026-03-08T14:55:03+00:00,8027,148897340,745.9375,,45.28028
2026-03-08T15:00:03+00:00,7817,148898020,746.1875,,44.903614
2026-03-08T15:05:03+00:00,7646,148898690,745.3125,,44.482464
2026-03-08T15:10:03+00:00,7370,148899330,746.125,,44.06205
2026-03-08T15:15:03+00:00,7068,148899950,746,,43.786213
2026-03-08T15:20:03+00:00,6863,148900540,745.875,,43.260143
2026-03-08T15:25:03+00:00,6588,148901120,745.375,,42.910942
2026-03-08T15:30:03+00:00,6298,148901680,745.375,,42.02236
2026-03-08T15:35:03+00:00,6005,148902200,745.5,,41.408604
2026-03-08T15:40:03+00:00,5725,148902700,745.25,,40.62051
2026-03-08T15:45:03+00:00,5369,148903180,745.4375,,40.254417
2026-03-08T15:50:03+00:00,5019,148903630,745.8125,,41.41403
2026-03-08T15:55:03+00:00,4644,148904050,745.625,,42.02771
2026-03-08T16:00:03+00:00,4321,148904430,745.875,,41.867073
2026-03-08T16:05:03+00:00,4007,148904780,745.75,,41.41403
2026-03-08T16:10:03+00:00,3687,148905120,745.9375,,40.890312
2026-03-08T16:15:03+00:00,3382,148905400,745.5,,40.086983
2026-03-08T16:20:03+00:00,3061,148905700,745.5,,39.571518
2026-03-08T16:25:03+00:00,2794,148905940,745.3125,,39.121162
2026-03-08T16:30:03+00:00,2467,148906180,745.3125,,38.60771
2026-03-08T16:35:03+00:00,2176,148906370,745.5,,38.057755
2026-03-08T16:40:03+00:00,1907,148906540,745.875,,37.415436
2026-03-08T16:45:03+00:00,1617,148906690,745.75,,36.847237
2026-03-08T16:50:03+00:00,1323,148906820,745.3125,,36.203873
2026-03-08T16:55:03+00:00,1045,148906930,745.375,,35.67906
2026-03-08T17:00:03+00:00,835,148907000,745.3125,,35.02055
2026-03-08T17:05:03+00:00,622,148907070,745.9375,,34.547325
2026-03-08T17:10:03+00:00,425,148907120,745.3125,,34.177258
2026-03-08T17:15:03+00:00,308,148907140,745.4375,,33.640976
2026-03-08T17:20:03+00:00,218,148907170,745.375,,33.205368
2026-03-08T17:25:03+00:00,136,148907180,745.5625,,32.837795
2026-03-08T17:30:03+00:00,51,148907180,745.875,,32.484688
2026-03-08T17:35:03+00:00,52,148907200,744.875,,32.108803
2026-03-08T17:40:03+00:00,41,148907200,745.375,,31.852615
2026-03-08T17:45:03+00:00,0,148907200,299.5625,,30.071928
2026-03-08T17:50:03+00:00,0,148907200,49.0625,,29.007717
2026-03-08T17:55:03+00:00,0,148907200,25.6875,,27.80964
2026-03-08T18:00:03+00:00,0,148907200,1.4375,,26.821863
2026-03-08T18:05:03+00:00,0,148907200,1.4375,,26.711533
2026-03-08T18:10:03+00:00,0,148907200,1.4375,,26.711533
2026-03-08T19:45:03+00:00,0,148907200,0,,0
2026-03-09T05:45:03+00:00,0,148907200,0,,0
2026-03-09T05:50:03+00:00,0,148907200,38.4375,,6.3484154
2026-03-09T05:55:03+00:00,0,148907200,83.0625,,6.747324
2026-03-09T06:00:03+00:00,0,148907200,547.9375,,7.7672005
2026-03-09T06:05:03+00:00,0,148907200,814.75,,9.105539
2026-03-09T06:10:03+00:00,87,148907200,745.5,,10.473818
2026-03-09T06:15:03+00:00,97,148907200,745.4375,,11.353493
2026-03-09T06:20:03+00:00,159,148907200,745.3125,,12.09095
2026-03-09T06:25:03+00:00,230,148907230,745.6875,,12.880743
2026-03-09T06:30:03+00:00,343,148907250,746,,13.390793
2026-03-09T06:35:03+00:00,479,148907280,745.875,,13.986244
2026-03-09T06:40:03+00:00,627,148907330,745.75,,14.397472
2026-03-09T06:45:03+00:00,821,148907400,745.6875,,14.870476
2026-03-09T06:50:03+00:00,1023,148907470,745.6875,,15.243065
2026-03-09T06:55:03+00:00,1224,148907570,745.875,,15.809509
2026-03-09T07:00:03+00:00,1457,148907680,745.75,,16.312553
2026-03-09T07:05:03+00:00,1690,148907800,746.0625,,16.746834
2026-03-09T07:10:03+00:00,1961,148907970,746,,17.173143
2026-03-09T07:15:03+00:00,2217,148908160,745.875,,17.695145
2026-03-09T07:20:03+00:00,2476,148908350,745.6875,,18.306122
2026-03-09T07:25:03+00:00,2782,148908580,745.25,,18.80287
2026-03-09T07:30:03+00:00,3041,148908830,745.25,,19.31276
2026-03-09T07:35:03+00:00,3372,148909100,744.6875,,19.96301
2026-03-09T07:40:03+00:00,3691,148909400,745.4375,,20.573236
2026-03-09T07:45:03+00:00,3995,148909740,745.375,,21.379906
2026-03-09T07:50:03+00:00,4260,148910100,745.25,,22.135803
2026-03-09T07:55:03+00:00,4523,148910460,745.3125,,23.050446
2026-03-09T08:00:03+00:00,4795,148910860,745.25,,23.80893
2026-03-09T08:05:03+00:00,5020,148911280,745.8125,,24.629444
2026-03-09T08:10:03+00:00,5272,148911730,745.5,,25.584766
2026-03-09T08:15:03+00:00,5484,148912200,745.4375,,26.517447
2026-03-09T08:20:03+00:00,5709,148912670,745.5625,,27.3673
2026-03-09T08:25:03+00:00,5913,148913170,744.8125,,28.29759
2026-03-09T08:30:03+00:00,6131,148913680,744.875,,29.223623
2026-03-09T08:35:03+00:00,6361,148914220,745.125,,29.927324
2026-03-09T08:40:03+00:00,6662,148914780,745.6875,,31.02306
2026-03-09T08:45:03+00:00,6795,148915360,745.75,,31.890694
2026-03-09T08:50:03+00:00,7120,148915950,745.6875,,32.735973
2026-03-09T08:55:03+00:00,7440,148916580,745.6875,,33.640976
2026-03-09T09:00:03+00:00,7697,148917230,745.8125,,34.256924
2026-03-09T09:05:03+00:00,7846,148917890,745.8125,,34.965004
2026-03-09T09:10:03+00:00,8086,148918580,745.8125,,35.98866
2026-03-09T09:15:03+00:00,8326,148919280,745.3125,,37.02261
2026-03-09T09:20:03+00:00,8558,148920000,745.375,,37.706112
2026-03-09T09:25:03+00:00,8847,148920750,745.1875,,38.57897
2026-03-09T09:30:03+00:00,9148,148921520,745.25,,39.403297
2026-03-09T09:35:03+00:00,9378,148922320,745.1875,,39.933323
2026-03-09T09:40:03+00:00,9598,148923140,745.4375,,41.04919
2026-03-09T09:45:03+00:00,9815,148923970,745.0625,,42.08646
2026-03-09T09:50:03+00:00,9935,148924820,745.875,,42.853333
2026-03-09T09:55:03+00:00,10154,148925680,745.375,,43.934578
2026-03-09T10:00:03+00:00,10394,148926560,745.3125,,44.81873
2026-03-09T10:05:03+00:00,10598,148927460,746.5625,,42.474285
2026-03-09T10:10:03+00:00,10740,148928380,746.25,,42.75364
2026-03-09T10:15:03+00:00,10933,148929310,745.4375,,43.353462
2026-03-09T10:20:03+00:00,11145,148930260,745.5625,,43.99581
2026-03-09T10:25:03+00:00,11786,148931230,745.9375,,44.72866
2026-03-09T10:30:03+00:00,12234,148932030,746.25,,44.578102
2026-03-09T10:35:03+00:00,12650,148932930,746.25,,45.13629
2026-03-09T10:40:03+00:00,4875,148933380,745.3125,,42.75364
2026-03-09T10:45:03+00:00,12751,148934350,745.625,,44.542892
2026-03-09T10:50:03+00:00,13547,148935460,745.5,,46.317635
2026-03-09T10:55:03+00:00,13036,148936020,746.1875,,44.305702
2026-03-09T11:00:03+00:00,6616,148937100,745.6875,,46.282433
2026-03-09T11:05:03+00:00,13453,148938180,746,,47.631207
2026-03-09T11:10:03+00:00,12950,148939330,747.375,,48.58645
2026-03-09T11:15:03+00:00,13499,148940460,749.5625,,49.35254
2026-03-09T11:20:03+00:00,14506,148941660,748.875,,50.402073
2026-03-09T11:25:03+00:00,9784,148942860,745.9375,,51.13207
2026-03-09T11:30:03+00:00,3025,148943950,745.4375,,51.247482
2026-03-09T11:35:03+00:00,2514,148944200,744.9375,,47.705368
2026-03-09T11:40:03+00:00,13911,148944830,747,,47.910133
2026-03-09T11:45:03+00:00,3387,148945660,745.25,,47.67115
2026-03-09T11:50:03+00:00,14171,148946720,750.125,,48.91549
2026-03-09T11:55:03+00:00,13804,148947900,745.4375,,49.74738
2026-03-09T12:00:03+00:00,14079,148949090,745.6875,,50.668034
2026-03-09T12:05:03+00:00,6976,148950290,744.9375,,52.206394
2026-03-09T12:10:03+00:00,3612,148950620,744.875,,48.75404
2026-03-09T12:15:03+00:00,4166,148951060,745.4375,,47.459637
2026-03-09T12:20:03+00:00,15575,148951760,747.875,,48.277653
2026-03-09T12:25:03+00:00,4303,148952220,745.375,,46.423103
2026-03-09T12:30:03+00:00,4770,148952600,746,,44.903614
2026-03-09T12:35:03+00:00,5417,148953170,745.875,,44.903614
2026-03-09T12:40:03+00:00,8327,148953710,746,,44.275322
2026-03-09T12:45:03+00:00,4171,148954260,745.8125,,43.909035
2026-03-09T12:50:03+00:00,4123,148954610,746.125,,42.916176
2026-03-09T12:55:03+00:00,5169,148955040,745.875,,42.410774
2026-03-09T13:00:03+00:00,5336,148955490,746.4375,,42.05977
2026-03-09T13:05:03+00:00,14725,148956350,746.0625,,43.632175
2026-03-09T13:10:03+00:00,14754,148957600,746.1875,,46.906483
2026-03-09T13:15:03+00:00,14522,148958860,745.1875,,49.153877
2026-03-09T13:20:03+00:00,4805,148959920,745.8125,,49.44606
2026-03-09T13:25:03+00:00,3980,148960270,745.25,,46.877495
2026-03-09T13:30:03+00:00,4470,148960640,745.3125,,45.46564
2026-03-09T13:35:03+00:00,3842,148961000,745.3125,,44.33606
2026-03-09T13:40:03+00:00,4122,148961330,745.3125,,43.130184
2026-03-09T13:45:03+00:00,4989,148961760,745.4375,,42.627365
2026-03-09T13:50:03+00:00,13539,148962430,745.3125,,43.3172
2026-03-09T13:55:03+00:00,4033,148962830,745.9375,,42.05977
2026-03-09T14:00:03+00:00,4216,148963280,745.9375,,41.60878
2026-03-09T14:05:03+00:00,5106,148963680,745.9375,,40.956123
2026-03-09T14:10:03+00:00,3855,148964080,745.4375,,40.35457
2026-03-09T14:15:03+00:00,3798,148964420,745.25,,41.408604
2026-03-09T14:20:03+00:00,3870,148964830,745.3125,,42.532417
2026-03-09T14:25:03+00:00,3429,148965220,745.9375,,42.75889
2026-03-09T14:30:03+00:00,3299,148965500,745.8125,,42.05977
2026-03-09T14:35:03+00:00,8290,148965970,745.5625,,42.81663
2026-03-09T14:40:03+00:00,5095,148966320,745.1875,,42.27816
2026-03-09T14:45:03+00:00,10636,148966770,745.875,,42.537697
2026-03-09T14:50:03+00:00,10539,148967680,746,,44.873672
2026-03-09T14:55:03+00:00,9978,148968580,745.6875,,43.441406
2026-03-09T15:00:03+00:00,3780,148969230,745.5,,42.627365
2026-03-09T15:05:03+00:00,8581,148969800,746.125,,42.02771
2026-03-09T15:10:03+00:00,5023,148970290,745.625,,41.180237
2026-03-09T15:15:03+00:00,8453,148970770,745.75,,40.88482
2026-03-09T15:20:03+00:00,7705,148971470,745.375,,41.570984
2026-03-09T15:25:03+00:00,7384,148972110,746,,41.668106
2026-03-09T15:30:03+00:00,3078,148972690,745.4375,,41.218384
2026-03-09T15:35:03+00:00,5208,148973170,745.4375,,41.120224
2026-03-09T15:40:03+00:00,6909,148973630,745.6875,,40.88482
2026-03-09T15:45:03+00:00,6543,148974190,745.5625,,41.01637
2026-03-09T15:50:03+00:00,6543,148974670,745.5625,,40.785892
2026-03-09T15:55:03+00:00,6141,148975220,745.625,,40.950645
2026-03-09T16:00:03+00:00,2133,148975620,745.5625,,40.18752
2026-03-09T16:05:03+00:00,0,148975780,817.75,,40.18752
2026-03-09T16:10:03+00:00,0,148975780,817.5625,,38.555008
2026-03-09T16:15:03+00:00,3630,148975820,745.375,,37.617676
2026-03-09T16:20:03+00:00,1008,148976020,746,,37.356033
2026-03-09T16:25:03+00:00,1031,148976100,745.8125,,36.7265
2026-03-09T16:30:03+00:00,1197,148976210,745.3125,,36.448334
2026-03-09T16:35:03+00:00,2102,148976340,745.75,,36.23452
2026-03-09T16:40:03+00:00,1991,148976500,745.4375,,35.86512
2026-03-09T16:45:03+00:00,1664,148976660,745.9375,,35.497284
2026-03-09T16:50:03+00:00,1350,148976780,745.875,,34.86544
2026-03-09T16:55:03+00:00,1106,148976900,745.3125,,34.362835
2026-03-09T17:00:03+00:00,884,148976980,745.4375,,33.829704
2026-03-09T17:05:03+00:00,675,148977040,745.1875,,33.342133
2026-03-09T17:10:03+00:00,494,148977090,745.375,,32.87474
2026-03-09T17:15:03+00:00,369,148977140,744.8125,,32.503365
2026-03-09T17:20:03+00:00,259,148977150,745.5,,32.089897
2026-03-09T17:25:03+00:00,168,148977170,745.4375,,31.661549
2026-03-09T17:30:03+00:00,84,148977180,745.3125,,31.28575
2026-03-09T17:35:03+00:00,67,148977180,745.0625,,31.042591
2026-03-09T17:40:03+00:00,86,148977180,745.0625,,30.90564
2026-03-09T17:45:03+00:00,0,148977180,390.4375,,29.629707
2026-03-09T17:50:03+00:00,0,148977180,59.6875,,28.648438
2026-03-09T17:55:03+00:00,0,148977180,28.6875,,27.340271
2026-03-09T18:00:03+00:00,0,148977180,1.5,,26.1817
2026-03-09T18:05:03+00:00,0,148977180,1.4375,,26.1817
2026-03-09T18:10:03+00:00,0,148977180,1.4375,,26.1817
2026-03-09T19:50:03+00:00,0,148977180,0,,0
2026-03-10T05:46:29+00:00,0,148977180,25.125,,7.2527637
2026-03-10T05:50:03+00:00,0,148977180,41.375,,7.5252914
2026-03-10T05:55:03+00:00,0,148977180,85.9375,,7.7137146
2026-03-10T06:00:03+00:00,0,148977180,484.125,,8.956081
2026-03-10T06:05:03+00:00,13,148977180,744.875,,10.240831
2026-03-10T06:10:03+00:00,77,148977180,745.4375,,11.739119
2026-03-10T06:15:03+00:00,108,148977200,745.3125,,12.494024
2026-03-10T06:20:03+00:00,178,148977220,745.25,,13.268705
2026-03-10T06:25:03+00:00,264,148977230,745.375,,13.81851
2026-03-10T06:30:03+00:00,395,148977260,745.8125,,14.397472
2026-03-10T06:35:03+00:00,517,148977300,746,,14.893826
2026-03-10T06:40:03+00:00,675,148977340,746.0625,,15.527969
2026-03-10T06:45:03+00:00,849,148977400,745.8125,,16.004618
2026-03-10T06:50:03+00:00,1052,148977500,746.0625,,16.530704
2026-03-10T06:55:03+00:00,0,148977540,814.75,,15.669159
2026-03-10T07:00:03+00:00,1482,148977580,745.4375,,16.230219
2026-03-10T07:05:03+00:00,1712,148977730,745.4375,,17.0673
2026-03-10T07:10:03+00:00,2004,148977890,745.5,,17.643478
2026-03-10T07:15:03+00:00,2239,148978060,746,,18.331223
2026-03-10T07:20:03+00:00,2496,148978270,745.375,,18.974144
2026-03-10T07:25:03+00:00,2754,148978500,745.4375,,19.551464
2026-03-10T07:30:03+00:00,3037,148978740,745.875,,20.112627
2026-03-10T07:35:03+00:00,3367,148979000,745.5,,20.965752
2026-03-10T07:40:03+00:00,3661,148979310,745.4375,,21.679499
2026-03-10T07:45:03+00:00,3963,148979650,745.5,,22.34777
2026-03-10T07:50:03+00:00,4234,148980000,745.4375,,23.152908
2026-03-10T07:55:03+00:00,4493,148980370,745.5625,,23.908342
2026-03-10T08:00:03+00:00,4742,148980770,745.1875,,24.66555
2026-03-10T08:05:03+00:00,4960,148981180,745.4375,,25.527285
2026-03-10T08:10:03+00:00,5188,148981620,745.875,,26.43387
2026-03-10T08:15:03+00:00,5436,148982080,745.875,,27.24547
2026-03-10T08:20:03+00:00,5670,148982560,745.625,,28.061255
2026-03-10T08:25:03+00:00,5902,148983060,745.375,,28.892735
2026-03-10T08:30:03+00:00,6154,148983570,745.4375,,29.65463
2026-03-10T08:35:03+00:00,6438,148984110,745.375,,30.540964
2026-03-10T08:40:03+00:00,6679,148984670,745.125,,31.536757
2026-03-10T08:45:03+00:00,6859,148985250,745.3125,,32.39112
2026-03-10T08:50:03+00:00,7096,148985840,745.6875,,33.342133
2026-03-10T08:55:03+00:00,7390,148986460,746.125,,34.230392
2026-03-10T09:00:03+00:00,7596,148987100,746.0625,,35.178375
2026-03-10T09:05:03+00:00,7783,148987780,745.75,,36.173206
2026-03-10T09:10:03+00:00,8003,148988450,746.125,,37.142387
2026-03-10T09:15:03+00:00,8231,148989140,745.875,,37.999382
2026-03-10T09:20:03+00:00,8494,148989860,746.125,,38.80825
2026-03-10T09:25:03+00:00,8781,148990610,745.5625,,39.65534
2026-03-10T09:30:03+00:00,8944,148991360,745.5625,,40.75287
2026-03-10T09:35:03+00:00,9259,148992140,745.4375,,41.603386
2026-03-10T09:40:03+00:00,9504,148992940,745.375,,42.500717
2026-03-10T09:45:03+00:00,9681,148993780,745.875,,43.508533
2026-03-10T09:50:03+00:00,9940,148994610,745.375,,44.361336
2026-03-10T09:55:03+00:00,10069,148995470,745.6875,,43.786213
2026-03-10T10:00:03+00:00,10209,148996340,745.375,,42.59574
2026-03-10T10:05:03+00:00,10416,148997230,745.9375,,42.978928
2026-03-10T10:10:03+00:00,10569,148998130,745.25,,43.601303
2026-03-10T10:15:03+00:00,10708,148999040,746.0625,,44.244923
2026-03-10T10:20:03+00:00,10857,148999970,745.4375,,44.9086
2026-03-10T10:25:03+00:00,11012,149000900,745.5,,45.60867
2026-03-10T10:30:03+00:00,11113,149001860,746.0625,,46.241325
2026-03-10T10:35:03+00:00,11280,149002820,745.3125,,46.668304
2026-03-10T10:40:03+00:00,11358,149003790,745.8125,,47.120426
2026-03-10T10:45:03+00:00,11488,149004770,745.5625,,47.2932
2026-03-10T10:50:03+00:00,11570,149005760,745.5625,,47.910133
2026-03-10T10:55:03+00:00,11707,149006770,745.6875,,48.384552
2026-03-10T11:00:03+00:00,11737,149007780,745.4375,,48.95438
2026-03-10T11:05:03+00:00,11780,149008780,745.3125,,49.418575
2026-03-10T11:10:03+00:00,11734,149009800,744.875,,49.845573
2026-03-10T11:15:03+00:00,11795,149010800,745,,50.20667
2026-03-10T11:20:03+00:00,11806,149011800,745.25,,50.79086
2026-03-10T11:25:03+00:00,11791,149012820,746.1875,,51.093544
2026-03-10T11:30:03+00:00,11867,149013840,745.4375,,51.668636
2026-03-10T11:35:03+00:00,11967,149014860,746.0625,,51.897026
2026-03-10T11:40:03+00:00,11975,149015890,746.125,,52.12449
2026-03-10T11:45:03+00:00,11959,149016910,744.8125,,52.50779
2026-03-10T11:50:03+00:00,11951,149017950,745.625,,52.84491
2026-03-10T11:55:03+00:00,11897,149018960,745.75,,53.062325
2026-03-10T12:00:03+00:00,11895,149019980,745.5,,53.543777
2026-03-10T12:05:03+00:00,11896,149021010,744.875,,53.73396
2026-03-10T12:10:03+00:00,11916,149022030,745.5625,,53.874638
2026-03-10T12:15:03+00:00,11848,149023040,745.4375,,54.057587
2026-03-10T12:20:03+00:00,11771,149024060,745.625,,54.45794
2026-03-10T12:25:03+00:00,11719,149025070,745.3125,,54.71118
2026-03-10T12:30:03+00:00,11708,149026080,745.1875,,54.78332
2026-03-10T12:35:03+00:00,11768,149027070,745.625,,54.78332
2026-03-10T12:40:03+00:00,11737,149028080,745.375,,54.675076
2026-03-10T12:45:03+00:00,11614,149029090,746.125,,54.74726
2026-03-10T12:50:03+00:00,11608,149030080,746.1875,,54.638947
2026-03-10T12:55:03+00:00,11584,149031070,745.5625,,54.819355
2026-03-10T13:00:03+00:00,11440,149032060,745.5625,,54.74726
2026-03-10T13:05:03+00:00,11291,149033040,745.6875,,54.78332
2026-03-10T13:10:03+00:00,11280,149034020,746.75,,54.71118
2026-03-10T13:15:03+00:00,11144,149034980,754,,54.74726
2026-03-10T13:20:03+00:00,11132,149035940,753.3125,,54.78332
2026-03-10T13:25:03+00:00,10987,149036880,754.6875,,54.60279
2026-03-10T13:30:03+00:00,10836,149037810,750.4375,,53.247993
2026-03-10T13:35:03+00:00,10680,149038740,751.5,,51.935
2026-03-10T13:40:03+00:00,10645,149039650,753.625,,51.170567
2026-03-10T13:45:03+00:00,10574,149040560,745.5625,,50.35654
2026-03-10T13:50:03+00:00,10350,149041470,745.5,,50.16098
2026-03-10T13:55:03+00:00,10128,149042350,745.6875,,50.939186
2026-03-10T14:00:03+00:00,9938,149043200,745.5,,51.2859
2026-03-10T14:05:03+00:00,9808,149044060,745.5625,,51.668636
2026-03-10T14:10:03+00:00,9686,149044900,744.9375,,51.71312
2026-03-10T14:15:03+00:00,9552,149045710,744.9375,,51.82734
2026-03-10T14:20:03+00:00,9309,149046530,745.5625,,51.78295
2026-03-10T14:25:03+00:00,9135,149047330,745.5625,,51.63048
2026-03-10T14:30:03+00:00,8953,149048100,745.5,,51.477596
2026-03-10T14:35:03+00:00,8883,149048860,746,,51.400997
2026-03-10T14:40:03+00:00,8606,149049620,745.4375,,51.093544
2026-03-10T14:45:03+00:00,8311,149050340,744.8125,,50.868298
2026-03-10T14:50:03+00:00,8108,149051040,745,,50.5968
2026-03-10T14:55:03+00:00,7898,149051730,745.4375,,50.39557
2026-03-10T15:00:03+00:00,7677,149052400,746,,50.200146
2026-03-10T15:05:03+00:00,7153,149053040,745,,50.12832
2026-03-10T15:10:03+00:00,6886,149053650,745.8125,,49.41308
2026-03-10T15:15:03+00:00,6732,149054240,745.5,,48.249485
2026-03-10T15:20:03+00:00,6480,149054800,745.25,,47.258698
2026-03-10T15:25:03+00:00,6275,149055340,745.6875,,46.276558
2026-03-10T15:30:03+00:00,6092,149055890,746,,45.638416
2026-03-10T15:35:03+00:00,5815,149056380,746,,44.963425
2026-03-10T15:40:03+00:00,5516,149056880,745.9375,,44.275322
2026-03-10T15:45:03+00:00,5187,149057330,745.375,,43.596153
2026-03-10T15:50:03+00:00,4891,149057760,745.4375,,42.65897
2026-03-10T15:55:03+00:00,4511,149058180,745.375,,41.89389
2026-03-10T16:00:03+00:00,4263,149058540,745.5,,40.851868
2026-03-10T16:05:03+00:00,3936,149058900,745.375,,40.12052
2026-03-10T16:10:03+00:00,3608,149059230,745.9375,,41.511513
2026-03-10T16:15:03+00:00,3365,149059520,745.4375,,41.44113
2026-03-10T16:20:03+00:00,3072,149059800,745.375,,41.04919
2026-03-10T16:25:03+00:00,2783,149060050,746.375,,40.393456
2026-03-10T16:30:03+00:00,2489,149060290,745.9375,,39.548203
2026-03-10T16:35:03+00:00,2192,149060480,745.3125,,39.092827
2026-03-10T16:40:03+00:00,1922,149060660,745.3125,,38.348236
2026-03-10T16:45:03+00:00,1649,149060820,746,,37.799232
2026-03-10T16:50:03+00:00,1334,149060940,745.3125,,37.23197
2026-03-10T16:55:03+00:00,1104,149061040,745.9375,,36.7265
2026-03-10T17:00:03+00:00,875,149061140,745.5625,,36.203873
2026-03-10T17:05:03+00:00,661,149061200,745.375,,35.647957
2026-03-10T17:10:03+00:00,486,149061250,745.3125,,35.24132
2026-03-10T17:15:03+00:00,336,149061280,745.4375,,34.573597
2026-03-10T17:20:03+00:00,239,149061310,745.875,,34.203835
2026-03-10T17:25:03+00:00,144,149061330,745.375,,33.829704
2026-03-10T17:30:03+00:00,76,149061330,745.25,,33.613922
2026-03-10T17:35:03+00:00,86,149061330,745.375,,33.2875
2026-03-10T17:40:03+00:00,43,149061330,745.3125,,32.98533
2026-03-10T17:45:03+00:00,0,149061330,319.375,,31.343843
2026-03-10T17:50:03+00:00,0,149061330,93.25,,30.222334
2026-03-10T17:55:03+00:00,0,149061330,31.1875,,28.905533
2026-03-10T18:00:03+00:00,0,149061330,1.5625,,27.80964
2026-03-10T19:45:03+00:00,0,149061330,0,,0
2026-03-11T05:45:04+00:00,0,149061330,0,,0
2026-03-11T05:50:04+00:00,0,149061330,49.5625,,8.058626
2026-03-11T05:55:04+00:00,0,149061330,439.5,,8.345497
2026-03-11T06:00:04+00:00,0,149061330,402.1875,,9.790794
2026-03-11T06:05:04+00:00,34,149061330,745.3125,,10.761559
2026-03-11T06:10:04+00:00,79,149061340,745.5625,,12.546593
2026-03-11T06:15:04+00:00,148,149061340,745.3125,,13.294025
2026-03-11T06:20:04+00:00,223,149061360,745.5,,14.039135
2026-03-11T06:25:04+00:00,327,149061390,745.9375,,14.659044
2026-03-11T06:30:04+00:00,447,149061420,745.3125,,15.223949
2026-03-11T06:35:04+00:00,573,149061470,746.125,,15.921198
2026-03-11T06:40:04+00:00,711,149061520,745.8125,,16.530704
2026-03-11T06:45:04+00:00,882,149061580,745.9375,,17.093807
2026-03-11T06:50:04+00:00,1061,149061680,745.625,,17.643478
2026-03-11T06:55:04+00:00,1251,149061780,745.375,,18.21384
2026-03-11T07:00:04+00:00,1471,149061890,744.875,,18.761896
2026-03-11T07:05:04+00:00,1664,149062020,745.4375,,19.168274
2026-03-11T07:10:04+00:00,1937,149062180,744.8125,,19.748413
2026-03-11T07:15:04+00:00,2184,149062350,744.875,,20.270226
2026-03-11T07:20:04+00:00,2405,149062540,744.875,,20.835562
2026-03-11T07:25:04+00:00,2639,149062770,745.1875,,21.407284
2026-03-11T07:30:04+00:00,2910,149063000,745.1875,,22.055864
2026-03-11T07:35:04+00:00,3229,149063280,745.25,,22.688519
2026-03-11T07:40:04+00:00,3548,149063570,745.3125,,23.305826
2026-03-11T07:45:04+00:00,3853,149063890,744.8125,,23.871109
2026-03-11T07:50:04+00:00,4095,149064220,745.5625,,24.569147
2026-03-11T07:55:04+00:00,4351,149064590,745.5,,25.180033
2026-03-11T08:00:04+00:00,4658,149064980,746.0625,,26.012377
2026-03-11T08:05:04+00:00,4871,149065380,745.25,,26.683886
2026-03-11T08:10:04+00:00,5185,149065810,745.375,,27.448233
2026-03-11T08:15:04+00:00,5423,149066270,745.1875,,28.166536
2026-03-11T08:20:04+00:00,5668,149066740,745.1875,,28.867119
2026-03-11T08:25:04+00:00,5881,149067230,745.5,,29.525614
2026-03-11T08:30:04+00:00,6179,149067740,745.375,,30.182291
2026-03-11T08:35:04+00:00,6419,149068290,745.3125,,30.80747
2026-03-11T08:40:04+00:00,6613,149068850,745.4375,,31.738106
2026-03-11T08:45:04+00:00,6885,149069440,745.5,,32.47534
2026-03-11T08:50:04+00:00,7140,149070030,745.4375,,33.387592
2026-03-11T08:55:04+00:00,7392,149070660,745.75,,34.09739
2026-03-11T09:00:04+00:00,7601,149071300,746.125,,34.835075
2026-03-11T09:05:04+00:00,7814,149071970,746,,35.554504
2026-03-11T09:10:04+00:00,7981,149072640,745.5625,,36.478783
2026-03-11T09:15:04+00:00,8282,149073340,745.5625,,37.291573
2026-03-11T09:20:04+00:00,8529,149074060,745.375,,37.97016
2026-03-11T09:25:04+00:00,8778,149074800,745.6875,,38.92235
2026-03-11T09:30:04+00:00,9001,149075570,745.5,,39.59948
2026-03-11T09:35:04+00:00,9202,149076350,745.3125,,40.254417
2026-03-11T09:40:04+00:00,9374,149077150,745.8125,,41.081993
2026-03-11T09:45:04+00:00,9665,149077970,745.375,,41.92604
2026-03-11T09:50:04+00:00,9892,149078800,745.3125,,42.69055
2026-03-11T09:55:04+00:00,10025,149079660,745.75,,43.508533
2026-03-11T10:00:04+00:00,10209,149080530,745.4375,,44.239853
2026-03-11T10:05:04+00:00,10394,149081420,745.4375,,44.81873
2026-03-11T10:10:04+00:00,10537,149082320,745.375,,42.468994
2026-03-11T10:15:04+00:00,10736,149083230,745.3125,,42.500717
2026-03-11T10:20:04+00:00,10773,149084140,745.0625,,43.25495
2026-03-11T10:25:04+00:00,11001,149085090,745.3125,,43.78109
2026-03-11T10:30:04+00:00,11032,149086030,745.25,,44.421944
2026-03-11T10:35:04+00:00,11113,149086980,745.6875,,44.9086
2026-03-11T10:40:04+00:00,11218,149087940,745.5625,,45.50144
2026-03-11T10:45:04+00:00,11205,149088900,745.5625,,46.2472
2026-03-11T10:50:04+00:00,11313,149089870,745.25,,46.70323
2026-03-11T10:55:04+00:00,11363,149090850,745.625,,47.15503
2026-03-11T11:00:04+00:00,11357,149091820,746.0625,,47.631207
2026-03-11T11:05:04+00:00,11479,149092800,745.5,,47.944176
2026-03-11T11:10:04+00:00,11532,149093780,745.4375,,48.283287
2026-03-11T11:15:04+00:00,11496,149094770,745.4375,,48.854317
2026-03-11T11:20:04+00:00,11450,149095760,745.6875,,49.25331
2026-03-11T11:25:04+00:00,11538,149096750,745.625,,49.74738
2026-03-11T11:30:04+00:00,11568,149097730,745.3125,,49.943565
2026-03-11T11:35:04+00:00,11654,149098740,745.375,,50.51899
2026-03-11T11:40:04+00:00,11594,149099730,745.5,,50.635666
2026-03-11T11:45:04+00:00,11591,149100740,745.375,,50.984253
2026-03-11T11:50:04+00:00,11523,149101730,745.4375,,51.247482
2026-03-11T11:55:04+00:00,11565,149102720,745.5,,51.668636
2026-03-11T12:00:04+00:00,11584,149103710,746,,51.897026
2026-03-11T12:05:04+00:00,11653,149104690,745.625,,52.313324
2026-03-11T12:10:04+00:00,11439,149105680,745.875,,52.539093
2026-03-11T12:15:04+00:00,11406,149106670,745.5625,,52.801327
2026-03-11T12:20:04+00:00,11624,149107660,745,,53.17999
2026-03-11T12:25:04+00:00,11408,149108640,745.5625,,53.506893
2026-03-11T12:30:04+00:00,11289,149109620,745.5,,53.506893
2026-03-11T12:35:04+00:00,11134,149110600,745.25,,53.3591
2026-03-11T12:40:04+00:00,11463,149111550,745.5625,,53.617477
2026-03-11T12:45:04+00:00,11168,149112530,745.375,,53.801285
2026-03-11T12:50:04+00:00,11025,149113490,745.5625,,54.057587
2026-03-11T12:55:04+00:00,10880,149114430,745.3125,,54.02105
2026-03-11T13:00:04+00:00,10874,149115360,745.25,,54.057587
2026-03-11T13:05:04+00:00,10658,149116290,745.25,,54.349045
2026-03-11T13:10:04+00:00,10699,149117220,745.125,,54.638947
2026-03-11T13:15:04+00:00,10657,149118130,745.3125,,54.89135
2026-03-11T13:20:04+00:00,10449,149119040,745.9375,,54.51834
2026-03-11T13:25:04+00:00,10214,149119920,745.3125,,53.396088
2026-03-11T13:30:04+00:00,10199,149120800,745.875,,52.426323
2026-03-11T13:35:04+00:00,9978,149121630,744.875,,51.82734
2026-03-11T13:40:04+00:00,10014,149122500,745.5,,51.054993
2026-03-11T13:45:04+00:00,9518,149123340,745.5625,,50.551426
2026-03-11T13:50:04+00:00,9648,149124160,745.3125,,49.938126
2026-03-11T13:55:04+00:00,9695,149124980,745.4375,,50.861847
2026-03-11T14:00:04+00:00,8611,149125780,745.25,,51.43931
2026-03-11T14:05:04+00:00,8731,149126540,745.4375,,51.668636
2026-03-11T14:10:04+00:00,5266,149127100,745.3125,,50.977814
2026-03-11T14:15:04+00:00,10434,149127940,745.375,,52.23787
2026-03-11T14:20:04+00:00,9721,149128800,745.6875,,53.025116
2026-03-11T14:25:04+00:00,9547,149129440,745.625,,52.388687
2026-03-11T14:30:04+00:00,8576,149130200,745.5,,52.65163
2026-03-11T14:35:04+00:00,8148,149130930,745.1875,,52.162308
2026-03-11T14:40:04+00:00,6573,149131600,745.5,,51.78295
2026-03-11T14:45:04+00:00,7510,149132140,745.5625,,51.13207
2026-03-11T14:50:04+00:00,7288,149132800,745.4375,,51.01642
2026-03-11T14:55:04+00:00,6874,149133400,745.625,,50.62919
2026-03-11T15:00:04+00:00,6818,149133980,745.4375,,50.35654
2026-03-11T15:05:04+00:00,6899,149134560,745.4375,,49.80741
2026-03-11T15:10:04+00:00,6060,149135120,744.875,,49.48452
2026-03-11T15:15:04+00:00,5779,149135600,745.0625,,48.854317
2026-03-11T15:20:04+00:00,5969,149136110,745.0625,,48.687073
2026-03-11T15:25:04+00:00,5622,149136600,744.875,,48.350822
2026-03-11T15:30:04+00:00,5521,149137100,745.5,,47.499725
2026-03-11T15:35:04+00:00,5238,149137550,745.4375,,46.563366
2026-03-11T15:40:04+00:00,4735,149137970,745.5,,45.786877
2026-03-11T15:45:04+00:00,4682,149138370,745.5,,45.214336
2026-03-11T15:50:04+00:00,5337,149138800,745.375,,45.07016
2026-03-11T15:55:04+00:00,6347,149139230,745.5625,,44.63337
2026-03-11T16:00:04+00:00,3215,149139680,745.5625,,44.239853
2026-03-11T16:05:04+00:00,5503,149140060,745.4375,,43.903923
2026-03-11T16:10:04+00:00,4825,149140510,745.375,,43.441406
2026-03-11T16:15:04+00:00,3989,149140880,746.0625,,42.978928
2026-03-11T16:20:04+00:00,3579,149141200,746,,41.899246
2026-03-11T16:25:04+00:00,2818,149141470,746.125,,41.218384
2026-03-11T16:30:04+00:00,1833,149141650,746.1875,,40.259987
2026-03-11T16:35:04+00:00,2372,149141840,745.875,,41.054657
2026-03-11T16:40:04+00:00,2056,149142030,745.375,,41.04919
2026-03-11T16:45:04+00:00,1614,149142190,745.375,,40.686737
2026-03-11T16:50:04+00:00,1320,149142300,745.375,,39.933323
2026-03-11T16:55:04+00:00,953,149142400,746,,39.23899
2026-03-11T17:00:04+00:00,413,149142460,745.875,,38.69857
2026-03-11T17:05:04+00:00,285,149142500,745.375,,38.203285
2026-03-11T17:10:04+00:00,398,149142510,745.5,,37.706112
2026-03-11T17:15:04+00:00,559,149142560,745.5,,37.172276
2026-03-11T17:20:04+00:00,469,149142610,745.5625,,36.872337
2026-03-11T17:25:04+00:00,388,149142640,745.375,,36.478783
2026-03-11T17:30:04+00:00,208,149142670,745.375,,36.111794
2026-03-11T17:35:04+00:00,62,149142690,745.9375,,35.67906
2026-03-11T17:40:04+00:00,107,149142690,743.9375,,35.304165
2026-03-11T17:45:04+00:00,37,149142690,745.4375,,35.02055
2026-03-11T17:50:04+00:00,0,149142690,40.25,,33.260143
2026-03-11T17:55:04+00:00,0,149142690,8.9375,,31.890694
2026-03-11T18:00:04+00:00,0,149142690,1.4375,,30.846771
2026-03-11T18:05:04+00:00,0,149142690,1.4375,,30.846771
2026-03-11T19:50:03+00:00,0,149142690,0,,0
2026-03-12T05:46:14+00:00,0,149142690,5.9375,,0
2026-03-12T05:50:03+00:00,0,149142690,44,,10.299313
2026-03-12T05:55:03+00:00,0,149142690,433.125,,10.927643
2026-03-12T06:00:03+00:00,0,149142690,649.125,,12.198021
2026-03-12T06:05:03+00:00,114,149142690,745.25,,12.546593
2026-03-12T06:10:03+00:00,105,149142690,745.5,,14.3054905
2026-03-12T06:15:03+00:00,194,149142700,745.5625,,15.185675
2026-03-12T06:20:03+00:00,291,149142720,745.75,,16.032358
2026-03-12T06:25:03+00:00,412,149142750,746,,16.692991
2026-03-12T06:30:03+00:00,533,149142800,745.25,,17.330997
2026-03-12T06:35:03+00:00,681,149142850,745.875,,17.849443
2026-03-12T06:40:03+00:00,817,149142910,746,,18.381342
2026-03-12T06:45:03+00:00,976,149142990,745.75,,18.80287
2026-03-12T06:50:03+00:00,1137,149143070,745.625,,19.264702
2026-03-12T06:55:03+00:00,1323,149143180,745.5,,19.622572
2026-03-12T07:00:03+00:00,1529,149143310,745.375,,19.974657
2026-03-12T07:05:03+00:00,1665,149143440,745.4375,,20.544977
2026-03-12T07:10:03+00:00,1842,149143600,745.1875,,20.993567
2026-03-12T07:15:03+00:00,2000,149143760,745.25,,21.407284
2026-03-12T07:20:03+00:00,2210,149143950,745.3125,,21.787592
2026-03-12T07:25:03+00:00,2469,149144160,745.25,,22.34777
2026-03-12T07:30:03+00:00,2742,149144370,745.5625,,22.818369
2026-03-12T07:35:03+00:00,2948,149144620,745.125,,23.432554
2026-03-12T07:40:03+00:00,3473,149144910,745.375,,24.032057
2026-03-12T07:45:03+00:00,3717,149145220,745.375,,24.66555
2026-03-12T07:50:03+00:00,3869,149145540,745.4375,,25.44085
2026-03-12T07:55:03+00:00,4076,149145890,745.375,,26.1817
2026-03-12T08:00:03+00:00,4353,149146240,745.5625,,27.068583
2026-03-12T08:05:03+00:00,4712,149146640,745.9375,,27.783026
2026-03-12T08:10:03+00:00,4909,149147060,745.1875,,28.71293
2026-03-12T08:15:03+00:00,5165,149147490,745.25,,29.47551
2026-03-12T08:20:03+00:00,5404,149147940,745.375,,30.242336
2026-03-12T08:25:03+00:00,5661,149148420,745.6875,,31.169254
2026-03-12T08:30:03+00:00,5840,149148910,745.9375,,31.919226
2026-03-12T08:35:03+00:00,6076,149149400,745.9375,,32.87474
2026-03-12T08:40:03+00:00,6325,149149950,745.9375,,33.640976
2026-03-12T08:45:03+00:00,6576,149150500,745.25,,34.521034
2026-03-12T08:50:03+00:00,6798,149151070,745.375,,35.366905
2026-03-12T08:55:03+00:00,6989,149151650,745.5625,,36.111794
2026-03-12T09:00:03+00:00,7249,149152270,745.4375,,37.11248
2026-03-12T09:05:03+00:00,7463,149152900,745.375,,37.911648
2026-03-12T09:10:03+00:00,7686,149153550,745.1875,,38.60771
2026-03-12T09:15:03+00:00,7961,149154220,745.5,,39.43139
2026-03-12T09:20:03+00:00,8104,149154910,745.25,,40.254417
2026-03-12T09:25:03+00:00,8312,149155620,745.4375,,41.147514
2026-03-12T09:30:03+00:00,8558,149156340,745.5,,42.02236
2026-03-12T09:35:03+00:00,8761,149157090,745.4375,,42.75364
2026-03-12T09:40:03+00:00,8980,149157860,746.0625,,43.601303
2026-03-12T09:45:03+00:00,9097,149158620,745.8125,,44.396706
2026-03-12T09:50:03+00:00,8872,149159410,745.3125,,43.472404
2026-03-12T09:55:03+00:00,9584,149160210,745.5,,42.65897
2026-03-12T10:00:03+00:00,0,149160450,819.25,,39.576183
2026-03-12T10:05:03+00:00,9789,149160590,745.875,,39.26721
2026-03-12T10:10:03+00:00,10007,149161440,745.875,,43.260143
2026-03-12T10:15:03+00:00,10163,149162300,745.875,,44.153587
2026-03-12T10:20:03+00:00,10187,149163180,746,,43.66303
2026-03-12T10:25:03+00:00,10458,149164080,745.4375,,44.457256
2026-03-12T10:30:03+00:00,10626,149164980,746,,44.933533
2026-03-12T10:35:03+00:00,10709,149165890,746,,45.709732
2026-03-12T10:40:03+00:00,10661,149166820,746,,46.487442
2026-03-12T10:45:03+00:00,10831,149167730,746,,47.114655
2026-03-12T10:50:03+00:00,10926,149168670,746.0625,,47.699665
2026-03-12T10:55:03+00:00,11030,149169620,745.3125,,48.283287
2026-03-12T11:00:03+00:00,10996,149170560,745.4375,,48.75404
2026-03-12T11:05:03+00:00,11196,149171500,745.4375,,49.08747
2026-03-12T11:10:03+00:00,11243,149172460,745.625,,49.616135
2026-03-12T11:15:03+00:00,11284,149173440,745.625,,49.840126
2026-03-12T11:20:03+00:00,11251,149174400,745.25,,50.44107
2026-03-12T11:25:03+00:00,11269,149175380,745,,50.713318
2026-03-12T11:30:03+00:00,11343,149176340,745.125,,51.099968
2026-03-12T11:35:03+00:00,11409,149177310,745.375,,51.32429
2026-03-12T11:40:03+00:00,11449,149178300,745.4375,,51.400997
2026-03-12T11:45:03+00:00,11323,149179280,746.0625,,51.706768
2026-03-12T11:50:03+00:00,11401,149180260,745.375,,51.972954
2026-03-12T11:55:03+00:00,11435,149181230,744.8125,,52.13079
2026-03-12T12:00:03+00:00,11455,149182220,744.8125,,52.50779
2026-03-12T12:05:03+00:00,11431,149183200,745.0625,,52.62039
2026-03-12T12:10:03+00:00,11065,149184180,745.3125,,52.838688
2026-03-12T12:15:03+00:00,11288,149185140,745.4375,,53.1738
2026-03-12T12:20:03+00:00,11282,149186110,745.625,,53.433044
2026-03-12T12:25:03+00:00,11222,149187070,745.4375,,53.433044
2026-03-12T12:30:03+00:00,11099,149188020,745.375,,53.433044
2026-03-12T12:35:03+00:00,11080,149188980,745.5,,53.506893
2026-03-12T12:40:03+00:00,11072,149189920,745.3125,,53.506893
2026-03-12T12:45:03+00:00,11141,149190880,745.5625,,53.506893
2026-03-12T12:50:03+00:00,11005,149191820,745.375,,53.837975
2026-03-12T12:55:03+00:00,10702,149192770,745.625,,54.09411
2026-03-12T13:00:03+00:00,10733,149193680,745.625,,53.874638
2026-03-12T13:05:03+00:00,10512,149194600,745.5,,53.58064
2026-03-12T13:10:03+00:00,10556,149195500,745.5625,,53.94789
2026-03-12T13:15:03+00:00,10510,149196420,745.6875,,54.02105
2026-03-12T13:20:03+00:00,10642,149197310,745.5,,54.09411
2026-03-12T13:25:03+00:00,10464,149198200,745.5,,54.057587
2026-03-12T13:30:03+00:00,10227,149199100,745.5,,54.1306
2026-03-12T13:35:03+00:00,10013,149199980,745.375,,53.801285
2026-03-12T13:40:03+00:00,9906,149200830,745.5625,,53.654285
2026-03-12T13:45:03+00:00,9668,149201660,745.625,,53.58064
2026-03-12T13:50:03+00:00,9734,149202510,745.5,,53.025116
2026-03-12T13:55:03+00:00,9545,149203340,745.5625,,52.95062
2026-03-12T14:00:03+00:00,9385,149204160,745.375,,52.987877
2026-03-12T14:05:03+00:00,9275,149204960,745.5,,52.72653
2026-03-12T14:10:03+00:00,9189,149205760,746.0625,,52.57663
2026-03-12T14:15:03+00:00,8924,149206530,745.5,,52.27561
2026-03-12T14:20:03+00:00,8884,149207300,745.6875,,51.78295
2026-03-12T14:25:03+00:00,8717,149208050,744.9375,,51.75122
2026-03-12T14:30:03+00:00,8353,149208780,745.4375,,51.554092
2026-03-12T14:35:03+00:00,8110,149209490,745.5625,,51.01642
2026-03-12T14:40:03+00:00,7979,149210180,745.0625,,50.945625
2026-03-12T14:45:03+00:00,7908,149210850,745.25,,50.5125
2026-03-12T14:50:03+00:00,5121,149211280,744.9375,,49.120686
2026-03-12T14:55:03+00:00,7457,149211920,745.0625,,49.020973
2026-03-12T15:00:03+00:00,7190,149212540,744.9375,,48.92105
2026-03-12T15:05:03+00:00,6992,149213150,745.0625,,48.62001
2026-03-12T15:10:03+00:00,6737,149213740,744.9375,,48.317066
2026-03-12T15:15:03+00:00,6466,149214300,744.9375,,47.739555
2026-03-12T15:20:03+00:00,6152,149214850,745.625,,47.327682
2026-03-12T15:25:03+00:00,5910,149215380,745.5625,,46.738136
2026-03-12T15:30:03+00:00,5722,149215870,744.8125,,46.423103
2026-03-12T15:35:03+00:00,5337,149216350,745.625,,45.644363
2026-03-12T15:40:03+00:00,5095,149216800,745,,44.968407
2026-03-12T15:45:03+00:00,4897,149217220,745.4375,,44.512688
2026-03-12T15:50:03+00:00,4549,149217630,746.25,,43.939682
2026-03-12T15:55:03+00:00,4322,149218020,746,,43.66303
2026-03-12T16:00:03+00:00,3959,149218370,746.0625,,43.22899
2026-03-12T16:05:03+00:00,3746,149218700,746,,42.410774
2026-03-12T16:10:03+00:00,3435,149219000,745.9375,,41.73812
2026-03-12T16:15:03+00:00,3123,149219280,746.1875,,41.120224
2026-03-12T16:20:03+00:00,2867,149219540,745.625,,40.520973
2026-03-12T16:25:03+00:00,2626,149219780,744.9375,,40.019825
2026-03-12T16:30:03+00:00,2350,149219980,745.9375,,41.41403
2026-03-12T16:35:03+00:00,2108,149220180,745.4375,,41.44113
2026-03-12T16:40:03+00:00,1835,149220350,746,,41.054657
2026-03-12T16:45:03+00:00,1568,149220500,745.8125,,40.592884
2026-03-12T16:50:03+00:00,1314,149220620,745.8125,,40.059013
2026-03-12T16:55:03+00:00,1088,149220720,746,,39.520203
2026-03-12T17:00:03+00:00,879,149220800,745.375,,39.092827
2026-03-12T17:05:03+00:00,701,149220880,745,,38.693794
2026-03-12T17:10:03+00:00,538,149220930,745.375,,38.319294
2026-03-12T17:15:03+00:00,389,149220960,744.9375,,37.97016
2026-03-12T17:20:03+00:00,287,149221000,744.9375,,37.351078
2026-03-12T17:25:03+00:00,182,149221020,745.3125,,36.93252
2026-03-12T17:30:03+00:00,100,149221020,745.375,,36.60032
2026-03-12T17:35:03+00:00,58,149221040,745.375,,36.35685
2026-03-12T17:40:03+00:00,60,149221040,745,,36.081047
2026-03-12T17:45:03+00:00,0,149221040,363.6875,,34.70461
2026-03-12T17:50:03+00:00,0,149221040,113.9375,,33.74896
2026-03-12T17:55:03+00:00,0,149221040,35.5625,,32.316074
2026-03-12T18:00:03+00:00,0,149221040,1.8125,,31.169254
2026-03-12T18:05:03+00:00,0,149221040,1.4375,,30.728727
2026-03-12T18:10:03+00:00,0,149221040,1.4375,,30.728727
2026-03-12T19:45:03+00:00,0,149221040,0,,0
2026-03-13T05:44:08+00:00,0,149221040,34.875,,9.477827
2026-03-13T05:45:03+00:00,0,149221040,41.5625,,9.477827
2026-03-13T05:50:03+00:00,0,149221040,341.6875,,9.790794
2026-03-13T05:55:03+00:00,0,149221040,419.25,,11.186045
2026-03-13T06:00:03+00:00,64,149221040,745.5,,12.277962
2026-03-13T06:05:03+00:00,99,149221040,745.375,,13.892323
2026-03-13T06:10:03+00:00,182,149221060,745.625,,14.706228
2026-03-13T06:15:03+00:00,287,149221070,745.9375,,15.357435
2026-03-13T06:20:03+00:00,385,149221100,745.75,,16.115387
2026-03-13T06:25:03+00:00,485,149221140,745.9375,,16.692991
2026-03-13T06:30:03+00:00,603,149221180,746,,17.173143
2026-03-13T06:35:03+00:00,747,149221250,746,,17.617601
2026-03-13T06:40:03+00:00,923,149221310,745.875,,18.078938
2026-03-13T06:45:03+00:00,1131,149221400,745.875,,18.531027
2026-03-13T06:50:03+00:00,1318,149221500,745.875,,18.974144
2026-03-13T06:55:03+00:00,1514,149221630,745.3125,,19.384644
2026-03-13T07:00:03+00:00,1717,149221780,744.9375,,19.939705
2026-03-13T07:05:03+00:00,1944,149221920,745.375,,20.39848
2026-03-13T07:10:03+00:00,2195,149222100,745.375,,21.076834
2026-03-13T07:15:03+00:00,2424,149222300,745.125,,21.570955
2026-03-13T07:20:03+00:00,2533,149222510,746,,22.149103
2026-03-13T07:25:03+00:00,3440,149222770,745.4375,,22.921776
2026-03-13T07:30:03+00:00,2423,149223060,745.625,,23.483065
2026-03-13T07:35:03+00:00,2767,149223250,745.9375,,23.895939
2026-03-13T07:40:03+00:00,2173,149223440,745.3125,,24.179697
2026-03-13T07:45:03+00:00,3984,149223660,746,,24.605341
2026-03-13T07:50:03+00:00,4626,149224030,745.375,,25.756554
2026-03-13T07:55:03+00:00,5808,149224480,745.375,,27.177565
2026-03-13T08:00:03+00:00,2293,149224780,746.125,,27.622812
2026-03-13T08:05:03+00:00,3783,149225040,745.25,,27.982037
2026-03-13T08:10:03+00:00,4125,149225420,745.375,,28.79013
2026-03-13T08:15:03+00:00,5071,149225800,745.4375,,29.400183
2026-03-13T08:20:03+00:00,5408,149226260,745.5625,,30.302275
2026-03-13T08:25:03+00:00,5622,149226720,745.1875,,31.363186
2026-03-13T08:30:03+00:00,5876,149227220,745.5625,,32.30668
2026-03-13T08:35:03+00:00,5985,149227710,745.875,,33.177944
2026-03-13T08:40:03+00:00,6181,149228240,746,,34.044037
2026-03-13T08:45:03+00:00,6333,149228770,745.4375,,34.835075
2026-03-13T08:50:03+00:00,6677,149229330,745.4375,,35.58568
2026-03-13T08:55:03+00:00,6885,149229920,745.875,,36.509205
2026-03-13T09:00:03+00:00,7095,149230510,745.25,,37.529022
2026-03-13T09:05:03+00:00,7316,149231140,745.375,,38.37716
2026-03-13T09:10:03+00:00,7451,149231760,745.875,,39.210747
2026-03-13T09:15:03+00:00,7484,149232420,745.875,,39.91024
2026-03-13T09:20:03+00:00,7901,149233060,746,,40.82439
2026-03-13T09:25:03+00:00,8064,149233740,745.875,,41.899246
2026-03-13T09:30:03+00:00,8372,149234460,745.5625,,42.910942
2026-03-13T09:35:03+00:00,8505,149235180,745.75,,43.81695
2026-03-13T09:40:03+00:00,8680,149235920,745.3125,,44.663486
2026-03-13T09:45:03+00:00,8845,149236670,746.125,,43.166615
2026-03-13T09:50:03+00:00,9031,149237440,745.6875,,43.19262
2026-03-13T09:55:03+00:00,9269,149238220,745.625,,43.87325
2026-03-13T10:00:03+00:00,9642,149238990,744.9375,,44.361336
2026-03-13T10:05:03+00:00,9838,149239840,745.75,,45.20834
2026-03-13T10:15:02+00:00,0,149239620,505.5625,,41.408604
2026-03-13T10:20:02+00:00,0,149239620,831.875,,40.35457
2026-03-13T10:25:02+00:00,9744,149239870,745.4375,,39.092827
2026-03-13T10:30:02+00:00,9959,149240700,745.5,,43.596153
2026-03-13T10:35:02+00:00,10155,149241570,745.5625,,44.178978
2026-03-13T10:40:02+00:00,10243,149242450,745,,44.9086
2026-03-13T10:45:02+00:00,10336,149243330,745.4375,,45.99987
2026-03-13T10:50:02+00:00,10378,149244220,745.625,,46.98176
2026-03-13T10:55:02+00:00,10511,149245120,745.6875,,47.807858
2026-03-13T11:00:02+00:00,10589,149246030,745.6875,,48.51924
2026-03-13T11:05:02+00:00,10655,149246940,745.5,,49.187042
2026-03-13T11:10:02+00:00,10698,149247860,745.625,,49.812866
2026-03-13T11:15:02+00:00,10847,149248780,745.375,,50.5968
2026-03-13T11:20:02+00:00,10731,149249710,745,,51.215446
2026-03-13T11:25:02+00:00,10799,149250640,745.4375,,51.706768
2026-03-13T11:30:02+00:00,10818,149251550,745.4375,,52.200096
2026-03-13T11:35:02+00:00,10808,149252480,745.4375,,52.65163
2026-03-13T11:40:02+00:00,11063,149253420,745.6875,,53.3591
2026-03-13T11:45:02+00:00,10922,149254370,745.375,,53.764572
2026-03-13T11:50:02+00:00,10498,149255260,745.625,,54.20351
2026-03-13T11:55:02+00:00,10070,149256130,745.375,,54.1306
2026-03-13T12:00:02+00:00,10345,149257020,746.3125,,54.23993
2026-03-13T12:05:02+00:00,9155,149257840,745.6875,,53.911278
2026-03-13T12:10:02+00:00,10963,149258770,747.8125,,54.3127
2026-03-13T12:15:02+00:00,10807,149259700,746.5625,,54.60279
2026-03-13T12:20:02+00:00,11241,149260640,749.1875,,54.89135
2026-03-13T12:25:02+00:00,10928,149261550,745.6875,,54.1306
2026-03-13T12:30:02+00:00,5214,149262350,745.375,,52.426323
2026-03-13T12:35:02+00:00,6136,149263070,745.3125,,51.247482
2026-03-13T12:40:02+00:00,5705,149263540,745.5625,,49.479027
2026-03-13T12:45:02+00:00,5664,149264080,745.4375,,49.44606
2026-03-13T12:50:02+00:00,7526,149264660,745,,49.7146
2026-03-13T12:55:02+00:00,7469,149265360,745.3125,,50.39557
2026-03-13T13:00:02+00:00,6047,149265940,744.75,,50.049862
2026-03-13T13:05:02+00:00,5724,149266450,745.5,,49.57778
2026-03-13T13:10:02+00:00,5543,149266960,745.625,,49.57778
2026-03-13T13:15:02+00:00,5335,149267440,745.375,,49.18152
2026-03-13T13:20:02+00:00,4899,149267900,745.1875,,49.020973
2026-03-13T13:25:02+00:00,7224,149268370,745.9375,,48.647964
2026-03-13T13:30:02+00:00,7545,149268980,745.625,,48.748466
2026-03-13T13:35:02+00:00,7803,149269700,745.375,,49.380066
2026-03-13T13:40:02+00:00,5634,149270270,744.9375,,48.887695
2026-03-13T13:45:02+00:00,7320,149270780,745,,48.317066
2026-03-13T13:50:02+00:00,7565,149271490,745.3125,,48.647964
2026-03-13T13:55:02+00:00,4964,149272020,745.375,,48.283287
2026-03-13T14:00:02+00:00,4855,149272460,744.875,,47.876064
2026-03-13T14:05:02+00:00,6321,149272940,745.125,,47.876064
2026-03-13T14:10:02+00:00,4868,149273460,745.625,,47.636917
2026-03-13T14:15:02+00:00,4244,149273840,744.9375,,47.120426
2026-03-13T14:20:02+00:00,4109,149274200,745.0625,,46.563366
2026-03-13T14:25:02+00:00,3009,149274500,745.0625,,45.786877
2026-03-13T14:30:02+00:00,2390,149274740,744.9375,,45.034046
2026-03-13T14:35:02+00:00,3060,149274960,744.875,,44.361336
2026-03-13T14:40:02+00:00,3901,149275260,745.5,,44.05696
2026-03-13T14:45:02+00:00,4042,149275600,745.3125,,43.934578
2026-03-13T14:50:02+00:00,4056,149275940,745.6875,,43.65789
2026-03-13T14:55:02+00:00,3959,149276320,746.0625,,43.38452
2026-03-13T15:00:02+00:00,2863,149276600,745.875,,43.04158
2026-03-13T15:05:02+00:00,3718,149276880,745.5,,42.910942
2026-03-13T15:10:02+00:00,3379,149277220,745.5,,42.942337
2026-03-13T15:15:02+00:00,2646,149277470,745.4375,,42.69055
2026-03-13T15:20:02+00:00,2114,149277680,745.625,,42.214355
2026-03-13T15:25:02+00:00,1387,149277820,745.3125,,41.89389
2026-03-13T15:30:02+00:00,979,149277920,745.375,,41.34348
2026-03-13T15:35:02+00:00,1272,149278030,745.4375,,40.917744
2026-03-13T15:40:02+00:00,1520,149278140,745.4375,,40.554176
2026-03-13T15:45:02+00:00,1934,149278290,745.4375,,40.287827
2026-03-13T15:50:02+00:00,1702,149278450,745.3125,,41.147514
2026-03-13T15:55:02+00:00,1541,149278600,745.8125,,41.73812
2026-03-13T16:00:02+00:00,1270,149278720,745.3125,,41.668106
2026-03-13T16:05:02+00:00,1037,149278820,745.5625,,41.53855
2026-03-13T16:10:02+00:00,815,149278880,745.4375,,41.212936
2026-03-13T16:15:02+00:00,655,149278960,745.4375,,41.081993
2026-03-13T16:20:02+00:00,440,149278990,745.375,,40.88482
2026-03-13T16:25:02+00:00,331,149279020,745.4375,,40.71982
2026-03-13T16:30:02+00:00,337,149279060,745.25,,40.587357
2026-03-13T16:35:02+00:00,354,149279090,745.5,,40.12052
2026-03-13T16:40:02+00:00,375,149279120,745.3125,,39.933323
2026-03-13T16:45:02+00:00,374,149279150,745.4375,,39.7946
2026-03-13T16:50:02+00:00,299,149279180,745.5,,39.62742
2026-03-13T16:55:02+00:00,303,149279200,745.4375,,39.43139
2026-03-13T17:00:02+00:00,302,149279230,745.4375,,39.206036
2026-03-13T17:05:02+00:00,255,149279260,745.375,,39.064472
2026-03-13T17:10:02+00:00,173,149279280,745.375,,38.836815
2026-03-13T17:15:02+00:00,113,149279300,745.9375,,38.57897
2026-03-13T17:20:02+00:00,70,149279300,745.25,,38.057755
2026-03-13T17:25:02+00:00,23,149279300,745.3125,,37.64718
2026-03-13T17:30:02+00:00,0,149279300,745.375,,37.410484
2026-03-13T17:35:02+00:00,0,149279300,462.6875,,36.111794
2026-03-13T17:40:02+00:00,0,149279300,434.8125,,35.398235
2026-03-13T17:45:02+00:00,0,149279300,42.5625,,34.13291
2026-03-13T17:50:02+00:00,0,149279300,5.5625,,33.040478
2026-03-13T17:55:02+00:00,0,149279300,24.9375,,31.87166
2026-03-13T18:00:02+00:00,0,149279300,25,,30.964401
2026-03-13T18:05:02+00:00,0,149279300,24.9375,,30.222334
2026-03-13T18:10:02+00:00,0,149279300,24.9375,,29.73755
2026-03-13T18:15:02+00:00,0,149279300,24.9375,,29.28681
2026-03-13T18:20:02+00:00,0,149279300,24.9375,,28.854301
2026-03-13T18:25:02+00:00,0,149279300,24.9375,,28.570847
2026-03-13T18:30:02+00:00,0,149279300,25,,28.179668
2026-03-13T18:35:02+00:00,0,149279300,24.9375,,27.862797
2026-03-13T18:40:02+00:00,0,149279300,24.9375,,27.56921
2026-03-13T18:45:02+00:00,0,149279300,24.9375,,27.218327
2026-03-13T18:50:02+00:00,0,149279300,24.9375,,26.835625
2026-03-13T18:55:02+00:00,0,149279300,24.875,,26.559145
2026-03-13T19:00:02+00:00,0,149279300,24.9375,,26.308056
2026-03-13T19:05:02+00:00,0,149279300,24.875,,25.99822
2026-03-13T19:10:02+00:00,0,149279300,24.9375,,25.770823
2026-03-13T19:15:02+00:00,0,149279300,24.875,,25.656466
2026-03-13T19:20:02+00:00,0,149279300,24.9375,,25.44085
2026-03-13T19:25:02+00:00,0,149279300,24.875,,25.194582
2026-03-13T19:30:02+00:00,0,149279300,24.875,,24.988134
2026-03-13T19:35:02+00:00,0,149279300,24.9375,,24.8214
2026-03-13T19:40:02+00:00,0,149279300,24.9375,,24.5208
2026-03-13T19:45:02+00:00,0,149279300,24.9375,,24.37519
2026-03-13T19:50:02+00:00,0,149279300,24.875,,24.228716
2026-03-13T19:55:02+00:00,0,149279300,24.9375,,24.21647
2026-03-13T20:00:02+00:00,0,149279300,24.9375,,24.06905
2026-03-13T20:05:02+00:00,0,149279300,24.875,,23.995007
2026-03-13T20:10:02+00:00,0,149279300,24.9375,,23.80893
2026-03-13T20:13:56+00:00,0,149279300,24.9375,,23.796473
2026-03-13T20:15:04+00:00,0,149279300,24.9375,,23.721615
2026-03-13T20:20:04+00:00,0,149279300,24.9375,,23.633993
2026-03-13T20:25:04+00:00,0,149279300,24.9375,,23.470446
2026-03-13T20:30:04+00:00,0,149279300,24.9375,,23.331224
2026-03-13T20:35:04+00:00,0,149279300,24.9375,,23.293121
2026-03-13T20:40:04+00:00,0,149279300,24.9375,,23.152908
2026-03-13T20:45:04+00:00,0,149279300,24.9375,,23.024763
2026-03-13T20:50:04+00:00,0,149279300,24.9375,,22.921776
2026-03-13T20:55:04+00:00,0,149279300,24.9375,,22.792454
2026-03-13T21:00:04+00:00,0,149279300,24.9375,,22.662468
2026-03-13T21:05:04+00:00,0,149279300,24.9375,,22.453102
2026-03-13T21:10:04+00:00,0,149279300,24.9375,,22.42681
2026-03-13T21:15:04+00:00,0,149279300,24.9375,,22.400492
2026-03-13T21:20:04+00:00,0,149279300,24.9375,,22.321371
2026-03-13T21:25:04+00:00,0,149279300,24.9375,,22.26849
2026-03-13T21:30:04+00:00,0,149279300,24.9375,,22.162397
2026-03-13T21:35:04+00:00,0,149279300,24.875,,22.215496
2026-03-13T21:40:04+00:00,0,149279300,24.9375,,22.188961
2026-03-13T21:45:04+00:00,0,149279300,24.875,,22.162397
2026-03-13T21:50:04+00:00,0,149279300,24.9375,,22.162397
2026-03-13T21:55:04+00:00,0,149279300,24.9375,,22.055864
2026-03-13T22:00:04+00:00,0,149279300,24.9375,,22.055864
2026-03-13T22:05:04+00:00,0,149279300,24.9375,,22.082539
2026-03-13T22:10:04+00:00,0,149279300,24.9375,,22.135803
2026-03-13T22:15:04+00:00,0,149279300,24.9375,,22.082539
2026-03-13T22:20:04+00:00,0,149279300,24.875,,22.135803
2026-03-13T22:25:04+00:00,0,149279300,24.9375,,22.135803
2026-03-13T22:30:04+00:00,0,149279300,24.9375,,22.188961
2026-03-13T22:35:04+00:00,0,149279300,24.9375,,22.162397
2026-03-13T22:40:04+00:00,0,149279300,24.9375,,22.188961
2026-03-13T22:45:03+00:00,0,149279300,24.9375,,22.162397
2026-03-13T22:50:04+00:00,0,149279300,24.9375,,22.162397
2026-03-13T22:55:04+00:00,0,149279300,24.9375,,22.109184
2026-03-13T23:00:04+00:00,0,149279300,24.9375,,22.122498
2026-03-13T23:05:04+00:00,0,149279300,24.9375,,22.082539
2026-03-13T23:10:04+00:00,0,149279300,24.9375,,22.082539
2026-03-13T23:15:04+00:00,0,149279300,24.9375,,22.0158
2026-03-13T23:20:04+00:00,0,149279300,24.9375,,22.082539
2026-03-13T23:25:04+00:00,0,149279300,24.9375,,22.002432
2026-03-13T23:30:04+00:00,0,149279300,24.9375,,22.029161
2026-03-13T23:35:04+00:00,0,149279300,24.9375,,22.055864
2026-03-13T23:40:04+00:00,0,149279300,24.9375,,22.029161
2026-03-13T23:45:04+00:00,0,149279300,24.9375,,22.055864
2026-03-13T23:50:04+00:00,0,149279300,24.9375,,22.082539
2026-03-13T23:55:04+00:00,0,149279300,24.8125,,22.109184
2026-03-14T00:00:04+00:00,0,149279300,24.9375,,22.109184
2026-03-14T00:05:04+00:00,0,149279300,24.9375,,22.109184
2026-03-14T00:10:04+00:00,0,149279300,24.9375,,22.215496
2026-03-14T00:15:04+00:00,0,149279300,24.9375,,22.149103
2026-03-14T00:20:04+00:00,0,149279300,24.875,,22.215496
2026-03-14T00:25:04+00:00,0,149279300,24.9375,,22.188961
2026-03-14T00:30:04+00:00,0,149279300,24.9375,,22.215496
2026-03-14T00:35:04+00:00,0,149279300,24.9375,,22.162397
2026-03-14T00:40:04+00:00,0,149279300,24.9375,,22.202232
2026-03-14T00:45:04+00:00,0,149279300,24.875,,22.042515
2026-03-14T00:50:04+00:00,0,149279300,24.9375,,21.74711
2026-03-14T00:55:04+00:00,0,149279300,24.9375,,21.543749
2026-03-14T01:00:04+00:00,0,149279300,24.9375,,21.24258
2026-03-14T01:05:04+00:00,0,149279300,24.875,,21.049109
2026-03-14T01:10:04+00:00,0,149279300,24.875,,20.882132
2026-03-14T01:15:04+00:00,0,149279300,24.875,,20.826237
2026-03-14T01:20:04+00:00,0,149279300,24.9375,,20.826237
2026-03-14T01:25:04+00:00,0,149279300,24.875,,20.826237
2026-03-14T01:30:04+00:00,0,149279300,24.875,,20.826237
2026-03-14T01:35:04+00:00,0,149279300,24.875,,20.573236
2026-03-14T01:40:04+00:00,0,149279300,24.875,,20.544977
2026-03-14T01:45:04+00:00,0,149279300,24.875,,20.455284
2026-03-14T01:50:04+00:00,0,149279300,24.875,,20.511965
2026-03-14T01:55:04+00:00,0,149279300,24.875,,20.48364
2026-03-14T02:00:04+00:00,0,149279300,24.875,,20.573236
2026-03-14T02:05:04+00:00,0,149279300,24.875,,20.573236
2026-03-14T02:10:04+00:00,0,149279300,24.875,,20.573236
2026-03-14T02:15:04+00:00,0,149279300,24.9375,,20.544977
2026-03-14T02:20:04+00:00,0,149279300,24.875,,20.511965
2026-03-14T02:25:04+00:00,0,149279300,24.875,,20.370033
2026-03-14T02:30:04+00:00,0,149279300,24.875,,20.341555
2026-03-14T02:35:04+00:00,0,149279300,24.875,,20.083872
2026-03-14T02:40:04+00:00,0,149279300,24.875,,19.85793
2026-03-14T02:45:04+00:00,0,149279300,24.875,,19.834507
2026-03-14T02:50:04+00:00,0,149279300,24.875,,19.85793
2026-03-14T02:55:04+00:00,0,149279300,24.875,,19.92804
2026-03-14T03:00:04+00:00,0,149279300,24.875,,19.881325
2026-03-14T03:05:04+00:00,0,149279300,24.875,,19.85793
2026-03-14T03:10:04+00:00,0,149279300,24.875,,19.881325
2026-03-14T03:15:04+00:00,0,149279300,24.875,,19.92804
2026-03-14T03:20:04+00:00,0,149279300,24.875,,19.904696
2026-03-14T03:25:04+00:00,0,149279300,24.8125,,19.881325
2026-03-14T03:30:04+00:00,0,149279300,24.875,,19.881325
2026-03-14T03:35:04+00:00,0,149279300,24.875,,19.834507
2026-03-14T03:40:04+00:00,0,149279300,24.9375,,19.811062
2026-03-14T03:45:04+00:00,0,149279300,24.875,,19.787588
2026-03-14T03:50:04+00:00,0,149279300,24.875,,19.764091
2026-03-14T03:55:04+00:00,0,149279300,24.875,,19.709167
2026-03-14T04:00:04+00:00,0,149279300,24.875,,19.646223
2026-03-14T04:05:04+00:00,0,149279300,24.875,,19.669847
2026-03-14T04:10:04+00:00,0,149279300,24.875,,19.80324
2026-03-14T04:15:04+00:00,0,149279300,24.875,,19.764091
2026-03-14T04:20:04+00:00,0,149279300,24.9375,,19.811062
2026-03-14T04:25:04+00:00,0,149279300,24.875,,19.787588
2026-03-14T04:30:04+00:00,0,149279300,24.875,,19.85793
2026-03-14T04:35:04+00:00,0,149279300,24.875,,19.904696
2026-03-14T04:40:04+00:00,0,149279300,24.875,,20.055086
2026-03-14T04:45:04+00:00,0,149279300,24.9375,,20.083872
2026-03-14T04:50:04+00:00,0,149279300,24.875,,20.083872
2026-03-14T04:55:04+00:00,0,149279300,24.875,,20.227335
2026-03-14T05:00:04+00:00,0,149279300,24.875,,20.141352
2026-03-14T05:05:04+00:00,0,149279300,24.875,,20.083872
2026-03-14T05:10:04+00:00,0,149279300,24.875,,19.974657
2026-03-14T05:15:04+00:00,0,149279300,24.875,,19.997927
2026-03-14T05:20:04+00:00,0,149279300,24.875,,20.112627
2026-03-14T05:25:04+00:00,0,149279300,24.875,,20.112627
2026-03-14T05:30:04+00:00,0,149279300,24.9375,,20.083872
2026-03-14T05:35:04+00:00,0,149279300,24.875,,20.141352
2026-03-14T05:40:04+00:00,0,149279300,24.875,,20.227335
2026-03-14T05:45:04+00:00,0,149279300,24.875,,20.255936
2026-03-14T05:50:04+00:00,0,149279300,85.5625,,21.24258
2026-03-14T05:55:04+00:00,0,149279300,79.25,,21.516512
2026-03-14T06:00:04+00:00,0,149279300,380.4375,,22.002432
2026-03-14T06:05:04+00:00,0,149279300,425.6875,,22.714542
2026-03-14T06:10:04+00:00,38,149279300,745.5,,24.228716
2026-03-14T06:15:04+00:00,83,149279300,745.4375,,25.034143
2026-03-14T06:20:04+00:00,101,149279310,745.375,,25.527285
2026-03-14T06:25:04+00:00,163,149279310,745.5,,26.040665
2026-03-14T06:30:04+00:00,301,149279340,745.4375,,26.628511
2026-03-14T06:35:04+00:00,194,149279360,745.5,,27.095867
2026-03-14T06:40:04+00:00,223,149279380,745.375,,27.394302
2026-03-14T06:45:04+00:00,260,149279400,745.5625,,27.743057
2026-03-14T06:50:04+00:00,416,149279420,745.4375,,28.061255
2026-03-14T06:55:04+00:00,745,149279470,745.5625,,28.441053
2026-03-14T07:00:04+00:00,696,149279540,745.8125,,28.725813
2026-03-14T07:05:04+00:00,748,149279600,745.875,,28.905533
2026-03-14T07:10:04+00:00,813,149279660,746.0625,,29.160295
2026-03-14T07:15:04+00:00,770,149279740,745.9375,,29.437872
2026-03-14T07:20:04+00:00,1062,149279800,744.8125,,29.604761
2026-03-14T07:25:04+00:00,899,149279900,745.4375,,29.861465
2026-03-14T07:30:04+00:00,1028,149279980,745.1875,,30.071928
2026-03-14T07:35:04+00:00,1123,149280060,745.3125,,30.222334
2026-03-14T07:40:04+00:00,1099,149280160,745.4375,,30.461588
2026-03-14T07:45:04+00:00,1278,149280270,746,,30.639917
2026-03-14T07:50:04+00:00,1220,149280370,745.375,,30.876219
2026-03-14T07:55:04+00:00,1502,149280480,746,,31.19842
2026-03-14T08:00:04+00:00,1639,149280640,745.375,,31.459726
2026-03-14T08:05:04+00:00,1891,149280770,745.5625,,31.661549
2026-03-14T08:10:04+00:00,2210,149280960,745.4375,,31.976213
2026-03-14T08:15:04+00:00,1942,149281140,745.4375,,32.287888
2026-03-14T08:20:04+00:00,1841,149281300,745.375,,32.568665
2026-03-14T08:25:04+00:00,1159,149281420,745.4375,,32.652428
2026-03-14T08:30:04+00:00,1200,149281520,745.5625,,32.70815
2026-03-14T08:35:04+00:00,2608,149281680,745.4375,,33.012917
2026-03-14T08:40:04+00:00,2058,149281890,745.3125,,33.342133
2026-03-14T08:45:04+00:00,2108,149282060,745.4375,,33.505486
2026-03-14T08:50:04+00:00,1864,149282240,745.5625,,33.721996
2026-03-14T08:55:04+00:00,2393,149282430,745.9375,,33.96383
2026-03-14T09:00:04+00:00,1922,149282610,745.25,,34.150658
2026-03-14T09:05:04+00:00,2404,149282800,745.5625,,34.283432
2026-03-14T09:10:04+00:00,1990,149282980,745.375,,34.442036
2026-03-14T09:15:04+00:00,2517,149283170,745.9375,,34.59984
2026-03-14T09:20:04+00:00,2694,149283400,745.375,,34.861107
2026-03-14T09:25:04+00:00,2795,149283620,745.3125,,35.146862
2026-03-14T09:30:04+00:00,3467,149283890,745.3125,,35.67906
2026-03-14T09:35:04+00:00,2817,149284160,745.5625,,35.92694
2026-03-14T09:40:04+00:00,1720,149284350,745.4375,,35.92694
2026-03-14T09:45:04+00:00,1329,149284480,746.0625,,35.616833
2026-03-14T09:50:04+00:00,1116,149284580,745.5,,35.398235
2026-03-14T09:55:04+00:00,1727,149284690,746.3125,,35.20986
2026-03-14T10:00:04+00:00,1632,149284850,745.5,,35.366905
2026-03-14T10:05:04+00:00,1156,149284960,745.4375,,35.554504
2026-03-14T10:10:04+00:00,1128,149285060,745.4375,,35.523304
2026-03-14T10:15:04+00:00,1037,149285150,745.375,,35.523304
2026-03-14T10:20:04+00:00,937,149285230,745.75,,35.466034
2026-03-14T10:25:04+00:00,670,149285310,745.8125,,35.497284
2026-03-14T10:30:04+00:00,1048,149285380,745.5,,35.616833
2026-03-14T10:35:04+00:00,940,149285460,745.9375,,35.58568
2026-03-14T10:40:04+00:00,1474,149285570,746.625,,35.590874
2026-03-14T10:45:04+00:00,912,149285660,746.0625,,35.554504
2026-03-14T10:50:04+00:00,1170,149285760,745.5,,35.554504
2026-03-14T10:55:04+00:00,2184,149285900,745.375,,35.554504
2026-03-14T11:00:04+00:00,2536,149286110,746.0625,,35.746353
2026-03-14T11:20:02+00:00,0,149286050,416.5625,,30.041769
2026-03-14T11:25:03+00:00,0,149286050,814.3125,,30.282307
2026-03-14T11:30:03+00:00,1065,149286110,745.4375,,31.28575
2026-03-14T11:35:03+00:00,1422,149286220,745.375,,32.287888
2026-03-14T11:40:03+00:00,1568,149286340,745.25,,32.902424
2026-03-14T11:45:03+00:00,2482,149286530,745.4375,,33.640976
2026-03-14T11:50:03+00:00,2061,149286720,745.4375,,34.230392
2026-03-14T11:55:03+00:00,1851,149286880,745.3125,,34.60421
2026-03-14T12:00:03+00:00,1882,149287040,745.4375,,34.67845
2026-03-14T12:05:03+00:00,1988,149287220,745.5,,34.965004
2026-03-14T12:10:03+00:00,1152,149287340,746,,34.99524
2026-03-14T12:15:03+00:00,1120,149287440,745.375,,34.809025
2026-03-14T12:20:03+00:00,1168,149287540,745.8125,,34.49911
2026-03-14T12:25:03+00:00,1154,149287650,745.3125,,34.38926
2026-03-14T12:30:03+00:00,0,149287700,814.625,,33.260143
2026-03-14T12:35:03+00:00,0,149287700,814.3125,,31.919226
2026-03-14T12:40:03+00:00,798,149287730,745.4375,,31.947733
2026-03-14T12:45:03+00:00,711,149287790,745.375,,32.146587
2026-03-14T12:50:03+00:00,615,149287860,745.875,,32.40049
2026-03-14T12:55:03+00:00,0,149287870,814.5,,31.28575
2026-03-14T13:00:03+00:00,680,149287900,745.8125,,31.324492
2026-03-14T13:05:03+00:00,0,149287920,814.875,,30.041769
2026-03-14T13:10:03+00:00,536,149287940,745.3125,,30.192307
2026-03-14T13:15:03+00:00,460,149287980,745.375,,30.222334
2026-03-14T13:20:03+00:00,325,149288020,745.5,,30.342175
2026-03-14T13:25:03+00:00,450,149288050,745.4375,,30.222334
2026-03-14T13:30:03+00:00,374,149288080,746.0625,,30.401936
2026-03-14T13:35:03+00:00,515,149288130,745.9375,,30.491379
2026-03-14T13:40:03+00:00,630,149288180,745.5625,,30.787802
2026-03-14T13:45:03+00:00,460,149288220,745.4375,,30.758278
2026-03-14T13:50:03+00:00,649,149288260,746.0625,,30.8173
2026-03-14T13:55:03+00:00,254,149288300,745.5,,30.8173
2026-03-14T14:00:03+00:00,231,149288320,745.6875,,30.728727
2026-03-14T14:05:03+00:00,265,149288350,745.4375,,30.669546
2026-03-14T14:10:03+00:00,518,149288380,745.4375,,30.758278
2026-03-14T14:15:03+00:00,885,149288450,745.4375,,30.8173
2026-03-14T14:20:03+00:00,793,149288510,745.5,,31.19842
2026-03-14T14:25:03+00:00,302,149288560,745.5,,31.343843
2026-03-14T14:30:03+00:00,0,149288580,814.1875,,30.580582
2026-03-14T14:35:03+00:00,125,149288580,745.375,,30.580582
2026-03-14T14:40:03+00:00,177,149288590,745.4375,,31.052351
2026-03-14T14:45:03+00:00,315,149288600,745.4375,,30.964401
2026-03-14T14:50:03+00:00,1567,149288670,745.625,,31.31481
2026-03-14T14:55:03+00:00,1820,149288820,745.4375,,31.862139
2026-03-14T15:00:03+00:00,1250,149288960,745.5,,32.174896
2026-03-14T15:05:03+00:00,533,149289040,745.5,,32.484688
2026-03-14T15:10:03+00:00,1007,149289100,745.5,,32.680298
2026-03-14T15:15:03+00:00,570,149289170,745.625,,32.847034
2026-03-14T15:20:03+00:00,149,149289200,745.5,,33.012917
2026-03-14T15:25:03+00:00,330,149289220,745.375,,33.12303
2026-03-14T15:30:03+00:00,575,149289260,745.5,,33.095535
2026-03-14T15:35:03+00:00,181,149289300,745.9375,,33.159653
2026-03-14T15:40:03+00:00,175,149289310,745.875,,33.296608
2026-03-14T15:45:03+00:00,170,149289330,745.3125,,33.423912
2026-03-14T15:50:03+00:00,204,149289340,745.4375,,33.478317
2026-03-14T15:55:03+00:00,319,149289360,745.375,,33.58685
2026-03-14T16:00:03+00:00,777,149289400,745.375,,33.695015
2026-03-14T16:05:03+00:00,1495,149289500,745.9375,,33.919186
2026-03-14T16:10:03+00:00,1127,149289630,746.125,,34.21269
2026-03-14T16:15:03+00:00,442,149289700,745.5,,34.203835
2026-03-14T16:20:03+00:00,456,149289710,745.4375,,34.124035
2026-03-14T16:25:03+00:00,1800,149289820,745.5,,34.230392
2026-03-14T16:30:03+00:00,634,149289940,745.4375,,34.309925
2026-03-14T16:35:03+00:00,475,149289970,745.4375,,34.33639
2026-03-14T16:40:03+00:00,445,149290020,745.25,,34.362835
2026-03-14T16:45:03+00:00,40,149290030,745.5,,34.38926
2026-03-14T16:50:03+00:00,87,149290050,746.1875,,34.371643
2026-03-14T16:55:03+00:00,78,149290050,743.875,,34.33639
2026-03-14T17:00:03+00:00,696,149290060,745.5,,34.283432
2026-03-14T17:05:03+00:00,576,149290130,745.5,,34.09739
2026-03-14T17:10:03+00:00,82,149290140,745.125,,33.93705
2026-03-14T17:15:03+00:00,61,149290140,745.375,,33.990585
2026-03-14T17:20:03+00:00,0,149290140,700,,33.205368
2026-03-14T17:25:03+00:00,82,149290140,744.875,,34.35843
2026-03-14T17:30:03+00:00,57,149290140,745.375,,33.829704
2026-03-14T17:35:03+00:00,0,149290140,188.125,,32.146587
2026-03-14T17:40:03+00:00,0,149290140,32.125,,30.728727
2026-03-14T17:45:03+00:00,0,149290140,1.625,,29.662935
2026-03-14T21:20:03+00:00,0,149290140,0,,0
2026-03-15T05:45:04+00:00,0,149290140,38.75,,13.649347
2026-03-15T05:50:03+00:00,0,149290140,69.875,,13.871847
2026-03-15T05:55:03+00:00,0,149290140,359.6875,,14.188898
2026-03-15T06:00:03+00:00,0,149290140,563.125,,15.753469
2026-03-15T06:05:03+00:00,46,149290140,745.875,,15.584545
2026-03-15T06:10:03+00:00,66,149290140,746.125,,17.565758
2026-03-15T06:15:03+00:00,76,149290160,745.375,,18.456308
2026-03-15T06:20:03+00:00,87,149290160,745.375,,19.168274
2026-03-15T06:25:03+00:00,189,149290180,745.5625,,19.74057
2026-03-15T06:30:03+00:00,339,149290200,745.5,,20.170044
2026-03-15T06:35:03+00:00,301,149290220,745.375,,20.65784
2026-03-15T06:40:03+00:00,277,149290260,745.5,,21.076834
2026-03-15T06:45:03+00:00,432,149290290,745.375,,21.325062
2026-03-15T06:50:03+00:00,376,149290320,745.375,,21.652407
2026-03-15T06:55:03+00:00,1289,149290380,745.5,,22.029161
2026-03-15T07:00:03+00:00,866,149290450,745.1875,,22.453102
2026-03-15T07:05:03+00:00,758,149290510,745.25,,22.63639
2026-03-15T07:10:03+00:00,595,149290580,745.375,,22.921776
2026-03-15T07:15:03+00:00,813,149290620,745.375,,23.17846
2026-03-15T07:20:03+00:00,629,149290690,745.4375,,23.356594
2026-03-15T07:25:03+00:00,653,149290750,745.3125,,23.533478
2026-03-15T07:30:03+00:00,1215,149290830,745.9375,,23.759073
2026-03-15T07:35:03+00:00,1293,149290940,745.4375,,23.908342
2026-03-15T07:40:03+00:00,2305,149291070,745.4375,,24.25319
2026-03-15T07:45:03+00:00,2113,149291260,745.5,,24.617395
2026-03-15T07:50:03+00:00,2723,149291490,745.375,,25.06338
2026-03-15T07:55:03+00:00,2777,149291820,745.3125,,26.040665
2026-03-15T08:00:03+00:00,2944,149292050,745.375,,26.153547
2026-03-15T08:05:03+00:00,1968,149292260,745.9375,,26.280024
2026-03-15T08:10:03+00:00,2588,149292430,745.375,,26.1817
2026-03-15T08:15:03+00:00,5556,149292750,745.25,,27.068583
2026-03-15T08:20:03+00:00,3031,149293220,744.75,,28.245241
2026-03-15T08:25:03+00:00,2074,149293620,745.5,,28.63552
2026-03-15T08:30:03+00:00,7655,149294140,745.625,,29.629707
2026-03-15T08:35:03+00:00,6071,149294660,745.625,,30.391983
2026-03-15T08:40:03+00:00,3660,149294960,745.875,,29.910873
2026-03-15T08:45:03+00:00,2741,149295260,745.3125,,29.662935
2026-03-15T08:50:03+00:00,9505,149295660,745.0625,,30.302275
2026-03-15T08:55:03+00:00,7503,149296370,746.3125,,32.456642
2026-03-15T09:00:03+00:00,3343,149296980,745.75,,33.205368
2026-03-15T09:05:03+00:00,5162,149297500,746.125,,33.53263
2026-03-15T09:10:03+00:00,2316,149297760,745.375,,32.484688
2026-03-15T09:15:03+00:00,3943,149298060,746,,32.20318
2026-03-15T09:20:03+00:00,3544,149298340,745.375,,31.795412
2026-03-15T09:25:03+00:00,3868,149298800,745.4375,,32.615227
2026-03-15T09:30:03+00:00,4306,149299120,746.0625,,32.372375
2026-03-15T09:35:03+00:00,2449,149299440,744.875,,32.02363
2026-03-15T09:40:03+00:00,11115,149299790,745.3125,,32.456642
2026-03-15T09:45:03+00:00,3814,149300400,745.875,,33.721996
2026-03-15T09:50:03+00:00,11009,149300830,745.375,,33.802814
2026-03-15T09:55:03+00:00,3175,149301540,745.4375,,35.146862
2026-03-15T10:00:03+00:00,3616,149301820,745.3125,,34.256924
2026-03-15T10:05:03+00:00,3265,149302450,745.25,,35.554504
2026-03-15T10:10:03+00:00,2342,149302700,745.9375,,34.494728
2026-03-15T10:15:03+00:00,10970,149302900,745.75,,33.640976
2026-03-15T10:20:03+00:00,4182,149303650,745.375,,36.111794
2026-03-15T10:25:03+00:00,4722,149304350,745.5,,37.23197
2026-03-15T10:30:03+00:00,15107,149304770,745.5,,36.35685
2026-03-15T10:35:03+00:00,4770,149305420,745.375,,37.23197
2026-03-15T10:40:03+00:00,3719,149305800,745.3125,,36.387367
2026-03-15T10:45:03+00:00,2674,149306050,745.75,,35.434757
2026-03-15T10:50:03+00:00,3701,149306350,745.875,,34.939056
2026-03-15T10:55:03+00:00,3457,149306720,745.25,,35.05217
2026-03-15T11:00:03+00:00,3223,149306960,745.375,,34.521034
2026-03-15T11:05:03+00:00,13581,149307760,745.9375,,37.261784
2026-03-15T11:10:03+00:00,13720,149308420,750.1875,,38.057755
2026-03-15T11:15:03+00:00,4296,149308900,745.5625,,37.617676
2026-03-15T11:20:03+00:00,11549,149309300,744.5,,36.962578
2026-03-15T11:25:03+00:00,4513,149310190,745.5,,39.71111
2026-03-15T11:30:03+00:00,3813,149310540,745.375,,38.49262
2026-03-15T11:35:03+00:00,2446,149310820,745.4375,,37.499424
2026-03-15T11:40:03+00:00,1553,149310990,745.875,,36.239624
2026-03-15T11:45:03+00:00,2994,149311170,745.375,,35.710133
2026-03-15T11:50:03+00:00,3881,149311500,745.875,,35.901196
2026-03-15T11:55:03+00:00,3484,149311800,745.5,,35.616833
2026-03-15T12:00:03+00:00,3234,149312060,745.9375,,35.27276
2026-03-15T12:05:03+00:00,6094,149312670,745.4375,,37.321335
2026-03-15T12:10:03+00:00,13261,149313400,749.125,,39.234283
2026-03-15T12:15:03+00:00,13343,149314080,747.1875,,39.59948
2026-03-15T12:20:03+00:00,12004,149314720,745.6875,,40.22098
2026-03-15T12:25:03+00:00,11977,149315760,747.8125,,42.821877
2026-03-15T12:30:03+00:00,13155,149316830,749.4375,,44.9086
2026-03-15T12:35:03+00:00,4254,149317490,745.4375,,41.27826
2026-03-15T12:40:03+00:00,12112,149318380,746.375,,42.43725
2026-03-15T12:45:03+00:00,12173,149319400,746.5625,,43.37935
2026-03-15T12:50:03+00:00,3970,149320100,746,,42.315334
2026-03-15T12:55:03+00:00,9893,149320770,746,,42.02771
2026-03-15T13:00:03+00:00,4492,149321140,745.25,,40.326775
2026-03-15T13:05:03+00:00,4581,149321500,745.9375,,40.725327
2026-03-15T13:10:03+00:00,11342,149322450,745.3125,,43.842552
2026-03-15T13:15:03+00:00,3579,149323120,745.25,,43.750324
2026-03-15T13:20:03+00:00,4273,149323650,745.5625,,43.503372
2026-03-15T13:25:03+00:00,3869,149324000,745.5,,42.65897
2026-03-15T13:30:03+00:00,3062,149324290,745.25,,41.603386
2026-03-15T13:35:03+00:00,3367,149324580,745.4375,,40.791397
2026-03-15T13:40:03+00:00,2741,149324830,745.375,,40.019825
2026-03-15T13:45:03+00:00,2920,149325070,745.375,,39.515533
2026-03-15T13:50:03+00:00,8665,149325490,745,,39.88252
2026-03-15T13:55:03+00:00,9483,149326270,745.9375,,41.73812
2026-03-15T14:00:03+00:00,9438,149326980,745.8125,,42.187744
2026-03-15T14:05:03+00:00,2517,149327310,746.0625,,40.62603
2026-03-15T14:10:03+00:00,2238,149327800,745.3125,,40.851868
2026-03-15T14:15:03+00:00,9013,149328460,745.6875,,41.576385
2026-03-15T14:20:03+00:00,2420,149329120,746,,42.18242
2026-03-15T14:25:03+00:00,8352,149329820,745.875,,42.978928
2026-03-15T14:30:03+00:00,8310,149330340,745.75,,42.34717
2026-03-15T14:35:03+00:00,7925,149331020,745.875,,42.69581
2026-03-15T14:40:03+00:00,7881,149331700,746.1875,,42.537697
2026-03-15T14:45:03+00:00,7468,149332350,744.8125,,42.59574
2026-03-15T14:50:03+00:00,7342,149333000,745.8125,,42.537697
2026-03-15T14:55:03+00:00,7166,149333620,745.625,,42.664234
2026-03-15T15:00:03+00:00,6816,149334200,745.25,,42.500717
2026-03-15T15:05:03+00:00,6593,149334780,745.9375,,42.34717
2026-03-15T15:10:03+00:00,6450,149335340,745.75,,42.02771
2026-03-15T15:15:03+00:00,6128,149335890,745.25,,41.668106
2026-03-15T15:20:03+00:00,5768,149336400,746.6875,,41.479042
2026-03-15T15:25:03+00:00,5642,149336880,745.9375,,41.316315
2026-03-15T15:30:03+00:00,5388,149337360,745.3125,,40.983517
2026-03-15T15:35:03+00:00,5177,149337810,745.875,,40.592884
2026-03-15T15:40:03+00:00,4839,149338240,745.625,,40.259987
2026-03-15T15:45:03+00:00,4497,149338640,745.6875,,39.937935
2026-03-15T15:50:03+00:00,4399,149339020,745.9375,,39.68788
2026-03-15T15:55:03+00:00,4112,149339400,745.875,,39.464134
2026-03-15T16:00:03+00:00,3588,149339730,745.375,,39.26251
2026-03-15T16:05:03+00:00,3433,149339940,745.875,,38.439743
2026-03-15T16:10:03+00:00,3826,149340210,745.9375,,38.062614
2026-03-15T16:15:03+00:00,3247,149340510,746,,38.091766
2026-03-15T16:20:03+00:00,2721,149340770,745.25,,37.911648
2026-03-15T16:25:03+00:00,2403,149341000,745.8125,,37.356033
2026-03-15T16:30:03+00:00,2163,149341180,745.9375,,36.877357
2026-03-15T16:35:03+00:00,1962,149341360,745.3125,,36.509205
2026-03-15T16:40:03+00:00,1680,149341520,745.375,,36.203873
2026-03-15T16:45:03+00:00,1473,149341650,745.875,,35.870277
2026-03-15T16:50:03+00:00,1264,149341780,746.4375,,35.528503
2026-03-15T16:55:03+00:00,1053,149341870,745.3125,,35.115322
2026-03-15T17:00:02+00:00,0,149341840,557.75,,33.177944
2026-03-15T17:05:02+00:00,0,149341840,836.1875,,32.174896
2026-03-15T17:10:02+00:00,535,149341860,745.375,,29.935547
2026-03-15T17:15:02+00:00,395,149341890,745.3125,,31.343843
2026-03-15T17:20:02+00:00,294,149341920,745.375,,31.690279
2026-03-15T17:25:02+00:00,208,149341950,745.9375,,31.862139
2026-03-15T17:30:02+00:00,113,149341950,745.8125,,31.919226
2026-03-15T17:35:02+00:00,50,149341970,745.9375,,31.862139
2026-03-15T17:40:02+00:00,92,149341970,745.25,,31.690279
2026-03-15T17:45:02+00:00,0,149341970,400.3125,,31.110855
2026-03-15T17:50:02+00:00,0,149341970,222.8125,,29.811966
2026-03-15T17:55:02+00:00,0,149341970,37.875,,28.751556
2026-03-15T18:00:02+00:00,0,149341970,3.1875,,27.703032
2026-03-16T03:00:03+00:00,0,149341970,0,,0
2026-03-16T05:40:03+00:00,0,149341970,34.875,,11.330317
2026-03-16T05:45:03+00:00,0,149341970,54.1875,,11.551779
2026-03-16T05:50:03+00:00,0,149341970,392.125,,11.852531
2026-03-16T05:55:03+00:00,0,149341970,576.3125,,13.394989
2026-03-16T06:00:03+00:00,68,149341970,746.0625,,14.729776
2026-03-16T06:05:03+00:00,79,149341970,745.75,,15.921198
2026-03-16T06:10:03+00:00,134,149341980,745.375,,16.63902
2026-03-16T06:15:03+00:00,234,149342000,746,,17.40952
2026-03-16T06:20:03+00:00,407,149342030,746.0625,,18.053553
2026-03-16T06:25:03+00:00,534,149342060,745.1875,,18.580702
2026-03-16T06:30:03+00:00,679,149342110,745.5,,19.071423
2026-03-16T06:35:03+00:00,815,149342190,745.375,,19.503933
2026-03-16T06:40:03+00:00,705,149342240,745.5,,19.95136
2026-03-16T06:45:03+00:00,1018,149342320,745.375,,20.313046
2026-03-16T06:50:03+00:00,923,149342420,745.4375,,20.882132
2026-03-16T06:55:03+00:00,1327,149342500,745.25,,21.215029
2026-03-16T07:00:03+00:00,1931,149342640,745.25,,21.733603
2026-03-16T07:05:03+00:00,1544,149342780,745.4375,,22.242006
2026-03-16T07:10:03+00:00,1912,149342930,745.125,,22.688519
2026-03-16T07:15:03+00:00,1698,149343060,745.1875,,22.973322
2026-03-16T07:20:03+00:00,2837,149343230,745.25,,23.483065
2026-03-16T07:25:03+00:00,3050,149343490,745.75,,24.105986
2026-03-16T07:30:03+00:00,3230,149343740,745.375,,24.617395
2026-03-16T07:35:03+00:00,3486,149344030,745.4375,,25.209126
2026-03-16T07:40:03+00:00,3637,149344350,745.8125,,25.941536
2026-03-16T07:45:03+00:00,3993,149344670,745.3125,,26.573032
2026-03-16T07:50:03+00:00,4113,149345020,745.3125,,27.177565
2026-03-16T07:55:03+00:00,4457,149345390,745.25,,27.796337
2026-03-16T08:00:03+00:00,4601,149345800,745.75,,28.493042
2026-03-16T08:05:03+00:00,4903,149346190,745.875,,29.033205
2026-03-16T08:10:03+00:00,5119,149346620,745.875,,29.638018
2026-03-16T08:15:03+00:00,5340,149347070,745.8125,,30.192307
2026-03-16T08:20:03+00:00,5653,149347540,745.9375,,30.8173
2026-03-16T08:25:03+00:00,5931,149348030,745.75,,31.459726
2026-03-16T08:30:03+00:00,6122,149348540,745.8125,,32.146587
2026-03-16T08:35:03+00:00,6271,149349070,746,,32.680298
2026-03-16T08:40:03+00:00,6470,149349620,745.9375,,33.423912
2026-03-16T08:45:03+00:00,6657,149350130,745.9375,,33.613922
2026-03-16T08:50:03+00:00,6607,149350720,745.3125,,34.283432
2026-03-16T08:55:03+00:00,6465,149351310,745.25,,34.99092
2026-03-16T09:00:03+00:00,7218,149351920,745.25,,35.89604
2026-03-16T09:05:03+00:00,7383,149352540,745.375,,36.448334
2026-03-16T09:10:03+00:00,8067,149353220,745.3125,,37.410484
2026-03-16T09:15:03+00:00,8871,149353860,745.25,,37.8237
2026-03-16T09:20:03+00:00,9900,149354600,745.375,,38.722443
2026-03-16T09:25:03+00:00,2555,149355090,745.4375,,38.261337
2026-03-16T09:30:03+00:00,2553,149355440,745.25,,37.380795
2026-03-16T09:35:03+00:00,11217,149356100,745.5625,,38.979267
2026-03-16T09:40:03+00:00,11056,149356940,745.9375,,40.851868
2026-03-16T09:45:03+00:00,9925,149357710,745.4375,,41.76502
2026-03-16T09:50:03+00:00,2581,149358240,746.4375,,41.02184
2026-03-16T09:55:03+00:00,10658,149358800,745.75,,41.081993
2026-03-16T10:00:03+00:00,11592,149359710,745.875,,43.22899
2026-03-16T10:05:03+00:00,2961,149360380,745.9375,,43.166615
2026-03-16T10:10:03+00:00,11395,149360700,745.8125,,41.479042
2026-03-16T10:15:03+00:00,11800,149361650,745.9375,,43.909035
2026-03-16T10:20:03+00:00,10358,149362510,745.3125,,42.81663
2026-03-16T10:25:03+00:00,12616,149363490,745.25,,43.41039
2026-03-16T10:30:03+00:00,2615,149364240,745.875,,43.072876
2026-03-16T10:35:03+00:00,2216,149364640,745.5,,41.70044
2026-03-16T10:40:03+00:00,12385,149365040,745.9375,,41.99563
2026-03-16T10:45:03+00:00,12241,149365710,745.375,,43.99581
2026-03-16T10:50:03+00:00,11455,149366610,746,,43.84767
2026-03-16T10:55:03+00:00,11643,149367600,745.9375,,44.244923
2026-03-16T11:00:03+00:00,11357,149368580,745.875,,45.13629
2026-03-16T11:05:03+00:00,11454,149369570,745.9375,,45.88757
2026-03-16T11:10:03+00:00,11155,149370530,745.8125,,46.31177
2026-03-16T11:15:03+00:00,4600,149371440,746.125,,46.592537
2026-03-16T11:20:03+00:00,11423,149372400,746.6875,,47.15503
2026-03-16T11:25:03+00:00,11428,149373390,745.3125,,47.602654
2026-03-16T11:30:03+00:00,12037,149374380,746.8125,,47.841972
2026-03-16T11:35:03+00:00,4551,149375020,745.25,,46.493286
2026-03-16T11:40:03+00:00,11691,149375950,747.9375,,47.568367
2026-03-16T11:45:03+00:00,11619,149376960,747.375,,48.11403
2026-03-16T11:50:03+00:00,11304,149377940,744.9375,,48.653557
2026-03-16T11:55:03+00:00,11297,149378910,747.0625,,49.054234
2026-03-16T12:00:03+00:00,11336,149379870,744.9375,,49.153877
2026-03-16T12:05:03+00:00,11053,149380830,747.4375,,49.21467
2026-03-16T12:10:03+00:00,11237,149381800,746.4375,,49.48452
2026-03-16T12:15:03+00:00,11463,149382780,745,,49.910927
2026-03-16T12:20:03+00:00,11095,149383680,746.375,,49.976185
2026-03-16T12:25:03+00:00,11217,149384640,745,,50.12832
2026-03-16T12:30:03+00:00,11852,149385600,745.0625,,50.284912
2026-03-16T12:35:03+00:00,11981,149386610,745.375,,51.02285
2026-03-16T12:40:03+00:00,11901,149387630,745.4375,,51.821
2026-03-16T12:45:03+00:00,11472,149388620,745.375,,52.01087
2026-03-16T12:50:03+00:00,10541,149389550,744.6875,,51.865364
2026-03-16T12:55:03+00:00,10542,149390460,745.375,,51.5923
2026-03-16T13:00:03+00:00,11057,149391380,745.5,,51.477596
2026-03-16T13:05:03+00:00,2588,149391800,745.3125,,49.313976
2026-03-16T13:10:03+00:00,11714,149392560,745.625,,49.840126
2026-03-16T13:15:03+00:00,10617,149393420,745.4375,,50.121788
2026-03-16T13:20:03+00:00,10340,149394320,744.75,,50.674507
2026-03-16T13:25:03+00:00,10316,149395200,745.4375,,50.473553
2026-03-16T13:30:03+00:00,10504,149396050,745.4375,,50.39557
2026-03-16T13:35:03+00:00,3872,149396540,745.4375,,49.34703
2026-03-16T13:40:03+00:00,9883,149397140,744.9375,,48.987686
2026-03-16T13:45:03+00:00,9725,149397970,744.9375,,48.92105
2026-03-16T13:50:03+00:00,9701,149398800,745.4375,,49.120686
2026-03-16T13:55:03+00:00,9553,149399460,744.875,,48.687073
2026-03-16T14:00:03+00:00,9320,149400260,744.9375,,48.854317
2026-03-16T14:05:03+00:00,9041,149401040,745.25,,48.887695
2026-03-16T14:10:03+00:00,9237,149401820,745.5625,,48.987686
2026-03-16T14:15:03+00:00,9284,149402620,745.3125,,49.120686
2026-03-16T14:20:03+00:00,8975,149403420,745.5,,49.04869
2026-03-16T14:25:03+00:00,8401,149404160,745.9375,,48.71499
2026-03-16T14:30:03+00:00,7720,149404600,745.8125,,47.3564
2026-03-16T14:35:03+00:00,8077,149405310,745.4375,,47.841972
2026-03-16T14:40:03+00:00,7772,149405980,745.9375,,47.528336
2026-03-16T14:45:03+00:00,7639,149406660,745,,47.636917
2026-03-16T14:50:03+00:00,7436,149407310,745.375,,47.494
2026-03-16T14:55:03+00:00,7312,149407940,744.6875,,47.43098
2026-03-16T15:00:03+00:00,7220,149408560,744.9375,,47.05114
2026-03-16T15:05:03+00:00,6892,149409170,744.9375,,46.912277
2026-03-16T15:10:03+00:00,6774,149409760,744.6875,,46.458206
2026-03-16T15:15:03+00:00,6503,149410320,745.375,,46.03528
2026-03-16T15:20:03+00:00,6386,149410880,745.375,,45.644363
2026-03-16T15:25:03+00:00,5827,149411400,745.5625,,45.286266
2026-03-16T15:30:03+00:00,5552,149411890,745.125,,44.69358
2026-03-16T15:35:03+00:00,5428,149412350,745.375,,44.300644
2026-03-16T15:40:03+00:00,5113,149412800,745.5,,43.719536
2026-03-16T15:45:03+00:00,4814,149413230,745.375,,43.19262
2026-03-16T15:50:03+00:00,4559,149413630,745.375,,42.78515
2026-03-16T15:55:03+00:00,4261,149414020,745.5,,42.27816
2026-03-16T16:00:03+00:00,4018,149414370,745.5,,41.86171
2026-03-16T16:05:03+00:00,3663,149414690,746,,41.283695
2026-03-16T16:10:03+00:00,3465,149415000,745.4375,,40.587357
2026-03-16T16:15:03+00:00,3120,149415280,745.4375,,40.686737
2026-03-16T16:20:03+00:00,2901,149415540,745.5,,41.732742
2026-03-16T16:25:03+00:00,2698,149415790,745.25,,41.668106
2026-03-16T16:30:03+00:00,2453,149416000,745.3125,,41.376053
2026-03-16T16:35:03+00:00,2186,149416210,745.375,,41.01637
2026-03-16T16:40:03+00:00,1925,149416380,745.25,,40.653633
2026-03-16T16:45:03+00:00,1693,149416540,745.375,,40.254417
2026-03-16T16:50:03+00:00,1435,149416670,745.3125,,39.7946
2026-03-16T16:55:03+00:00,1160,149416780,745.3125,,39.375183
2026-03-16T17:00:03+00:00,942,149416860,745.3125,,38.86535
2026-03-16T17:05:03+00:00,759,149416940,745.5,,38.55021
2026-03-16T17:10:03+00:00,552,149417010,745.8125,,37.945793
2026-03-16T17:15:03+00:00,395,149417040,746,,37.4451
2026-03-16T17:20:03+00:00,286,149417070,745.875,,36.967583
2026-03-16T17:25:03+00:00,186,149417090,745.5625,,36.630642
2026-03-16T17:30:03+00:00,118,149417100,745.9375,,36.3263
2026-03-16T17:35:03+00:00,44,149417100,745.3125,,36.019478
2026-03-16T17:40:03+00:00,6,149417120,745.5,,35.616833
2026-03-16T17:45:03+00:00,0,149417120,554.6875,,34.861107
2026-03-16T17:50:03+00:00,0,149417120,343.5,,33.856575
2026-03-16T17:55:03+00:00,0,149417120,49.875,,32.847034
2026-03-16T18:00:03+00:00,0,149417120,28.9375,,31.546371
2026-03-16T18:05:03+00:00,0,149417120,1.4375,,30.461588
2026-03-16T18:10:03+00:00,0,149417120,1.375,,30.401936
2026-03-16T18:15:03+00:00,0,149417120,1.375,,30.401936
2026-03-16T19:55:03+00:00,0,149417120,0,,0
2026-03-17T05:40:03+00:00,0,149417120,37.0625,,8.780121
2026-03-17T05:45:03+00:00,0,149417120,73.5,,9.084854
2026-03-17T05:50:03+00:00,0,149417120,446.1875,,10.147909
2026-03-17T05:55:03+00:00,0,149417120,795.5,,11.436726
2026-03-17T06:00:03+00:00,99,149417120,745.3125,,12.117771
2026-03-17T06:05:03+00:00,69,149417120,745.875,,13.715532
2026-03-17T06:10:03+00:00,122,149417120,745.875,,14.564331
2026-03-17T06:15:03+00:00,194,149417140,745.375,,15.271709
2026-03-17T06:20:03+00:00,300,149417150,746.0625,,16.087742
2026-03-17T06:25:03+00:00,427,149417180,745.25,,16.77371
2026-03-17T06:30:03+00:00,567,149417230,745.375,,17.278498
2026-03-17T06:35:03+00:00,722,149417280,745.4375,,17.900644
2026-03-17T06:40:03+00:00,895,149417360,745.1875,,18.331223
2026-03-17T06:45:03+00:00,1069,149417440,745.625,,18.778296
2026-03-17T06:50:03+00:00,1280,149417540,745.1875,,19.216541
2026-03-17T06:55:03+00:00,1477,149417660,745.9375,,19.732721
2026-03-17T07:00:03+00:00,1741,149417800,745.375,,20.112627
2026-03-17T07:05:03+00:00,1992,149417950,745.3125,,20.714092
2026-03-17T07:10:03+00:00,2211,149418140,746,,21.201242
2026-03-17T07:15:03+00:00,2425,149418340,745.3125,,21.787592
2026-03-17T07:20:03+00:00,2663,149418560,745.25,,22.400492
2026-03-17T07:25:03+00:00,3000,149418800,746,,22.986193
2026-03-17T07:30:03+00:00,3243,149419070,745.4375,,23.6089
2026-03-17T07:35:03+00:00,3503,149419360,744.625,,24.13058
2026-03-17T07:40:03+00:00,3783,149419660,746,,24.79749
2026-03-17T07:45:03+00:00,4049,149420000,746.1875,,25.42642
2026-03-17T07:50:03+00:00,4275,149420370,745.75,,26.322062
2026-03-17T07:55:03+00:00,4485,149420740,745.4375,,27.013937
2026-03-17T08:00:03+00:00,4720,149421140,745.5,,27.849518
2026-03-17T08:05:03+00:00,4932,149421550,745.375,,28.661348
2026-03-17T08:10:03+00:00,5112,149421980,745.5,,29.349852
2026-03-17T08:15:03+00:00,5332,149422430,745.9375,,30.162252
2026-03-17T08:20:03+00:00,5559,149422900,744.6875,,31.01329
2026-03-17T08:25:03+00:00,5778,149423380,745.4375,,31.88118
2026-03-17T08:30:03+00:00,5988,149423890,744.8125,,32.643127
2026-03-17T08:35:03+00:00,6138,149424400,745.4375,,33.559753
2026-03-17T08:40:03+00:00,6388,149424940,745.75,,34.362835
2026-03-17T08:45:03+00:00,6650,149425500,745.25,,35.083755
2026-03-17T08:50:03+00:00,6849,149426080,745.3125,,36.111794
2026-03-17T08:55:03+00:00,7007,149426670,745.375,,36.93252
2026-03-17T09:00:03+00:00,7176,149427280,745.4375,,37.764954
2026-03-17T09:05:03+00:00,7346,149427900,745.5,,38.693794
2026-03-17T09:10:03+00:00,7516,149428540,745.375,,39.65534
2026-03-17T09:15:03+00:00,7740,149429200,745.5,,40.42121
2026-03-17T09:20:03+00:00,7920,149429870,745.625,,41.310883
2026-03-17T09:25:03+00:00,8163,149430560,746.0625,,42.373684
2026-03-17T09:30:03+00:00,8377,149431260,745.625,,43.503372
2026-03-17T09:35:03+00:00,8569,149432000,745.5,,44.209427
2026-03-17T09:40:03+00:00,8750,149432740,745.5625,,43.81183
2026-03-17T09:45:03+00:00,8887,149433490,745.625,,42.9737
2026-03-17T09:50:03+00:00,9107,149434270,746,,43.570404
2026-03-17T09:55:03+00:00,9305,149435060,746.0625,,44.06205
2026-03-17T10:00:03+00:00,9430,149435860,745.625,,44.573074
2026-03-17T10:05:03+00:00,9513,149436670,745.9375,,45.45967
2026-03-17T10:10:03+00:00,9600,149437490,746.125,,46.170776
2026-03-17T10:15:03+00:00,9750,149438320,745.5625,,46.842693
2026-03-17T10:20:03+00:00,9857,149439170,745.5,,47.465363
2026-03-17T10:25:03+00:00,10007,149440020,744.875,,47.978195
2026-03-17T10:30:03+00:00,10099,149440880,745.625,,48.552856
2026-03-17T10:35:03+00:00,10139,149441740,745.75,,48.987686
2026-03-17T10:40:03+00:00,10244,149442620,745.5625,,49.313976
2026-03-17T10:45:03+00:00,10339,149443500,745.125,,49.87826
2026-03-17T10:50:03+00:00,10411,149444400,745,,50.36305
2026-03-17T10:55:03+00:00,10473,149445300,744.9375,,50.7521
2026-03-17T11:00:03+00:00,10464,149446190,745.5,,51.209034
2026-03-17T11:05:03+00:00,10633,149447100,745.0625,,51.63684
2026-03-17T11:10:03+00:00,10638,149448020,745.375,,51.935
2026-03-17T11:15:03+00:00,10671,149448930,745.0625,,52.470207
2026-03-17T11:20:03+00:00,10713,149449840,745.0625,,52.956833
2026-03-17T11:25:03+00:00,10750,149450770,745,,53.14286
2026-03-17T11:30:03+00:00,10797,149451700,745.625,,53.46998
2026-03-17T11:35:03+00:00,10773,149452620,745.875,,53.911278
2026-03-17T11:40:03+00:00,10746,149453540,744.875,,54.209583
2026-03-17T11:45:03+00:00,10807,149454460,745.5625,,54.53041
2026-03-17T11:50:03+00:00,10806,149455400,745.6875,,54.74726
2026-03-17T11:55:03+00:00,10822,149456320,746.1875,,54.927315
2026-03-17T12:00:03+00:00,10686,149457250,746.1875,,53.837975
2026-03-17T12:05:03+00:00,10654,149458160,745.5,,52.95062
2026-03-17T12:10:03+00:00,10687,149459070,745.75,,52.313324
2026-03-17T12:15:03+00:00,10753,149460000,746.0625,,51.821
2026-03-17T12:20:03+00:00,10709,149460910,745.5,,51.477596
2026-03-17T12:25:03+00:00,10619,149461820,745.5625,,51.170567
2026-03-17T12:30:03+00:00,10525,149462740,745.8125,,50.900528
2026-03-17T12:35:03+00:00,10459,149463650,745.6875,,50.668034
2026-03-17T12:40:03+00:00,10408,149464540,745.5625,,50.70685
2026-03-17T12:45:03+00:00,10331,149465420,745.5,,50.473553
2026-03-17T12:50:03+00:00,10229,149466300,745.5,,50.39557
2026-03-17T12:55:03+00:00,10236,149467200,745.6875,,50.551426
2026-03-17T13:00:03+00:00,10155,149468060,744.875,,50.5968
2026-03-17T13:05:03+00:00,10090,149468930,745.5625,,50.434574
2026-03-17T13:10:03+00:00,10029,149469800,746.125,,50.434574
2026-03-17T13:15:03+00:00,9872,149470660,745.5,,50.121788
2026-03-17T13:20:03+00:00,9763,149471500,745.5,,50.16098
2026-03-17T13:25:03+00:00,9698,149472340,745.5625,,51.170567
2026-03-17T13:30:03+00:00,9524,149473150,745.6875,,51.554092
2026-03-17T13:35:03+00:00,9438,149473970,745.5,,51.935
2026-03-17T13:40:03+00:00,9317,149474770,745.25,,52.50779
2026-03-17T13:45:03+00:00,9260,149475570,745.375,,52.913334
2026-03-17T13:50:03+00:00,9057,149476350,745.4375,,53.32209
2026-03-17T13:55:03+00:00,8975,149477120,745.75,,53.764572
2026-03-17T14:00:03+00:00,8861,149477890,745.6875,,54.057587
2026-03-17T14:05:03+00:00,8704,149478640,746.1875,,54.09411
2026-03-17T14:10:03+00:00,8519,149479400,745.3125,,54.27632
2026-03-17T14:15:03+00:00,8486,149480110,745.4375,,54.3127
2026-03-17T14:20:03+00:00,8315,149480830,745.4375,,54.42166
2026-03-17T14:25:03+00:00,8122,149481540,745.5625,,54.385365
2026-03-17T14:30:03+00:00,7937,149482220,745.5625,,54.53041
2026-03-17T14:35:03+00:00,7712,149482910,745.5,,54.20351
2026-03-17T14:40:03+00:00,7516,149483550,745.4375,,54.1306
2026-03-17T14:45:03+00:00,7351,149484200,745.4375,,54.02105
2026-03-17T14:50:03+00:00,7165,149484820,746.125,,53.764572
2026-03-17T14:55:03+00:00,6963,149485420,745.5625,,53.46998
2026-03-17T15:00:03+00:00,6744,149486020,745.875,,52.987877
2026-03-17T15:05:03+00:00,6528,149486600,745.5625,,52.614143
2026-03-17T15:10:03+00:00,6356,149487140,745.5625,,52.23787
2026-03-17T15:15:03+00:00,6175,149487680,745.375,,52.048767
2026-03-17T15:20:03+00:00,5930,149488200,745.5625,,51.935
2026-03-17T15:25:03+00:00,5775,149488700,745.75,,51.63048
2026-03-17T15:30:03+00:00,5561,149489180,745.4375,,51.2859
2026-03-17T15:35:03+00:00,5308,149489650,746.0625,,50.977814
2026-03-17T15:40:03+00:00,5056,149490100,745.5625,,50.70685
2026-03-17T15:45:03+00:00,4710,149490510,745.4375,,50.35654
2026-03-17T15:50:03+00:00,4339,149490900,745.5,,49.74192
2026-03-17T15:55:03+00:00,4137,149491260,745.4375,,48.748466
2026-03-17T16:00:03+00:00,3875,149491620,745.5,,47.39084
2026-03-17T16:05:03+00:00,3623,149491940,745,,46.528336
2026-03-17T16:10:03+00:00,3376,149492220,745,,45.358097
2026-03-17T16:15:03+00:00,3110,149492510,744.9375,,44.482464
2026-03-17T16:20:03+00:00,2872,149492770,744.6875,,43.81183
2026-03-17T16:25:03+00:00,2644,149493010,745,,42.942337
2026-03-17T16:30:03+00:00,2363,149493220,745.9375,,41.96353
2026-03-17T16:35:03+00:00,2132,149493400,745.4375,,41.24561
2026-03-17T16:40:03+00:00,1894,149493580,746,,40.559708
2026-03-17T16:45:03+00:00,1677,149493730,745.375,,40.686737
2026-03-17T16:50:03+00:00,1421,149493870,745,,41.147514
2026-03-17T16:55:03+00:00,1144,149493980,745.375,,40.950645
2026-03-17T17:00:03+00:00,927,149494060,746.0625,,40.393456
2026-03-17T17:05:03+00:00,752,149494140,746.0625,,39.965614
2026-03-17T17:10:03+00:00,567,149494190,745.5,,39.48751
2026-03-17T17:15:03+00:00,401,149494240,746.1875,,39.040825
2026-03-17T17:20:03+00:00,287,149494270,745.5,,38.60771
2026-03-17T17:25:03+00:00,173,149494290,746,,38.091766
2026-03-17T17:30:03+00:00,105,149494300,745.75,,37.706112
2026-03-17T17:35:03+00:00,42,149494300,745.4375,,37.440155
2026-03-17T17:40:03+00:00,55,149494300,745.875,,37.14737
2026-03-17T17:45:03+00:00,0,149494300,392.125,,36.17832
2026-03-17T17:50:03+00:00,0,149494300,312.6875,,34.88711
2026-03-17T17:55:03+00:00,0,149494300,37.5625,,33.64999
2026-03-17T18:00:03+00:00,0,149494300,7.6875,,32.540695
2026-03-17T18:05:03+00:00,0,149494300,1.4375,,31.718985
2026-03-17T18:10:03+00:00,0,149494300,1.4375,,31.718985
2026-03-17T19:50:03+00:00,0,149494300,0,,0
2026-03-18T05:40:03+00:00,0,149494300,37.9375,,16.243963
2026-03-18T05:45:03+00:00,0,149494300,63.625,,16.652527
2026-03-18T05:45:51+00:00,0,149494300,73.8125,,16.652527
2026-03-18T05:50:02+00:00,0,149494300,399.125,,17.027485
2026-03-18T05:55:03+00:00,0,149494300,819.5,,18.580702
2026-03-18T06:00:03+00:00,91,149494300,745.5,,20.170044
2026-03-18T06:05:03+00:00,106,149494300,745.5,,21.270103
2026-03-18T06:10:03+00:00,204,149494320,745.3125,,22.002432
2026-03-18T06:15:03+00:00,290,149494350,745.5,,22.662468
2026-03-18T06:20:02+00:00,405,149494380,745.9375,,23.280407
2026-03-18T06:25:02+00:00,512,149494420,745.5,,23.709116
2026-03-18T06:30:03+00:00,634,149494460,745.375,,24.228716
2026-03-18T06:35:03+00:00,752,149494530,745.5,,24.593285
2026-03-18T06:40:03+00:00,890,149494600,745.5,,25.00488
2026-03-18T06:45:03+00:00,1037,149494670,745.3125,,25.325212
2026-03-18T06:50:02+00:00,1240,149494770,745.5,,25.756554
2026-03-18T06:55:02+00:00,1402,149494900,745.5,,26.265997
2026-03-18T07:00:03+00:00,1622,149495020,745.375,,26.545252
2026-03-18T07:05:03+00:00,1801,149495170,745.4375,,27.041271
2026-03-18T07:10:03+00:00,1987,149495330,745.5,,27.3673
2026-03-18T07:15:03+00:00,2212,149495500,745.5625,,27.796337
2026-03-18T07:20:02+00:00,2400,149495710,745.625,,28.140251
2026-03-18T07:25:03+00:00,2630,149495920,745.4375,,28.609667
2026-03-18T07:30:03+00:00,2823,149496160,746.125,,29.08411
2026-03-18T07:35:03+00:00,3106,149496420,745,,29.579792
2026-03-18T07:40:03+00:00,3317,149496690,745,,30.031708
2026-03-18T07:45:03+00:00,3560,149496980,744.9375,,30.718872
2026-03-18T07:50:02+00:00,3778,149497300,745.4375,,31.31481
2026-03-18T07:55:02+00:00,4036,149497630,744.9375,,31.88118
2026-03-18T08:00:03+00:00,4242,149497980,745.5,,32.59661
2026-03-18T08:05:03+00:00,4409,149498350,745.5,,33.342133
2026-03-18T08:10:03+00:00,4669,149498750,745.5625,,34.044037
2026-03-18T08:15:02+00:00,4846,149499150,745.5625,,34.782955
2026-03-18T08:20:02+00:00,5072,149499580,745.5,,35.460823
2026-03-18T08:25:03+00:00,5314,149500030,745.6875,,36.14251
2026-03-18T08:30:03+00:00,5494,149500500,745.4375,,36.842213
2026-03-18T08:35:03+00:00,5668,149500980,746,,37.504356
2026-03-18T08:40:03+00:00,5942,149501470,745.5,,38.290325
2026-03-18T08:45:02+00:00,6144,149501980,745.5,,38.979267
2026-03-18T08:50:03+00:00,6390,149502530,745.6875,,39.62742
2026-03-18T08:55:03+00:00,6565,149503090,745.75,,40.3879
2026-03-18T09:00:03+00:00,6711,149503650,746.0625,,40.98899
2026-03-18T09:05:03+00:00,6933,149504220,745.375,,41.92604
2026-03-18T09:10:03+00:00,7204,149504830,745.5625,,42.75364
2026-03-18T09:15:02+00:00,7421,149505470,746.0625,,43.41556
2026-03-18T09:20:02+00:00,7630,149506110,746.125,,44.275322
2026-03-18T09:25:03+00:00,7704,149506770,744.875,,44.878662
2026-03-18T09:30:03+00:00,8122,149507440,745.75,,43.16141
2026-03-18T09:35:02+00:00,8376,149508160,745.625,,43.503372
2026-03-18T09:40:03+00:00,8742,149508880,745.6875,,44.178978
2026-03-18T09:45:03+00:00,8663,149509630,746.1875,,44.81373
2026-03-18T09:50:03+00:00,3282,149510340,745.4375,,45.1423
2026-03-18T09:55:02+00:00,2224,149510560,746.125,,43.22899
2026-03-18T10:00:02+00:00,4542,149510800,746.25,,42.251587
2026-03-18T10:05:02+00:00,4754,149511420,745.5625,,43.16141
2026-03-18T10:10:03+00:00,9615,149512110,746.25,,44.153587
2026-03-18T10:15:03+00:00,10135,149513000,746,,45.780945
2026-03-18T10:20:03+00:00,6106,149513680,745.375,,45.674088
2026-03-18T10:25:03+00:00,10672,149514160,745.75,,45.034046
2026-03-18T10:30:03+00:00,10733,149514860,746.6875,,46.064766
2026-03-18T10:35:03+00:00,5035,149515520,745.5625,,46.211945
2026-03-18T10:40:02+00:00,9082,149516210,745.375,,46.842693
2026-03-18T10:45:03+00:00,6888,149516930,744.9375,,47.224167
2026-03-18T10:50:03+00:00,7103,149517540,745.0625,,47.2932
2026-03-18T10:55:02+00:00,8948,149518240,745.625,,47.910133
2026-03-18T11:00:02+00:00,7292,149518990,744.875,,48.58645
2026-03-18T11:05:02+00:00,7119,149519580,745,,48.350822
2026-03-18T11:10:02+00:00,6290,149520180,745.0625,,48.384552
2026-03-18T11:15:02+00:00,4760,149520640,744.875,,47.739555
2026-03-18T11:20:02+00:00,4709,149521040,745.125,,47.085796
2026-03-18T11:25:02+00:00,4566,149521440,745.125,,46.738136
2026-03-18T11:30:02+00:00,4012,149521820,745.125,,46.17666
2026-03-18T11:35:02+00:00,2189,149522100,745.0625,,45.572952
2026-03-18T11:40:02+00:00,1323,149522220,744.875,,44.72866
2026-03-18T11:45:03+00:00,1342,149522340,745.4375,,43.878365
2026-03-18T11:50:03+00:00,2521,149522500,745.4375,,42.56409
2026-03-18T11:55:03+00:00,3824,149522780,745.5,,42.500717
2026-03-18T12:00:03+00:00,4047,149523120,746.1875,,42.75889
2026-03-18T12:05:03+00:00,3933,149523470,745.5,,42.87953
2026-03-18T12:10:02+00:00,3241,149523780,745.5,,42.84809
2026-03-18T12:15:02+00:00,3255,149524050,745.5,,42.56409
2026-03-18T12:20:03+00:00,7096,149524500,746.375,,43.197815
2026-03-18T12:25:03+00:00,12143,149525250,745.5,,44.758705
2026-03-18T12:30:03+00:00,11136,149526240,746.375,,46.98176
2026-03-18T12:35:03+00:00,11067,149527150,745.75,,47.978195
2026-03-18T12:40:03+00:00,11271,149528100,746.1875,,49.054234
2026-03-18T12:45:03+00:00,8430,149529000,745.625,,49.812866
2026-03-18T12:50:03+00:00,3412,149529420,745,,48.14793
2026-03-18T12:55:03+00:00,2577,149529680,745.5625,,46.668304
2026-03-18T13:00:03+00:00,1633,149529860,744.8125,,45.46564
2026-03-18T13:05:03+00:00,1429,149529980,745.4375,,44.27026
2026-03-18T13:10:03+00:00,1305,149530110,745.4375,,43.348286
2026-03-18T13:15:02+00:00,822,149530200,746.125,,42.474285
2026-03-18T13:20:02+00:00,504,149530260,745.5,,41.479042
2026-03-18T13:25:03+00:00,478,149530300,745.9375,,40.92323
2026-03-18T13:30:02+00:00,294,149530340,745.375,,40.3879
2026-03-18T13:35:03+00:00,400,149530370,746.125,,40.791397
2026-03-18T13:40:03+00:00,466,149530400,745.4375,,41.44113
2026-03-18T13:45:03+00:00,537,149530430,745.3125,,41.732742
2026-03-18T13:50:02+00:00,825,149530500,745.3125,,41.635757
2026-03-18T13:55:02+00:00,1819,149530610,745.25,,41.76502
2026-03-18T14:00:02+00:00,1984,149530780,746.0625,,41.64115
2026-03-18T14:05:03+00:00,2157,149530940,745.9375,,41.479042
2026-03-18T14:10:03+00:00,2770,149531170,745.375,,41.668106
2026-03-18T14:15:03+00:00,4775,149531440,745.25,,41.829502
2026-03-18T14:20:03+00:00,10180,149532140,746.0625,,44.153587
2026-03-18T14:25:02+00:00,7501,149532770,745.25,,43.16141
2026-03-18T14:30:03+00:00,3536,149533170,745.5,,42.59574
2026-03-18T14:35:02+00:00,4733,149533520,746.1875,,42.410774
2026-03-18T14:40:03+00:00,3022,149534080,745.375,,43.25495
2026-03-18T14:45:03+00:00,1833,149534260,746.125,,42.37899
2026-03-18T14:50:03+00:00,2118,149534420,746,,41.6735
2026-03-18T14:55:03+00:00,1979,149534610,745.9375,,41.41403
2026-03-18T15:00:03+00:00,2281,149534780,746.0625,,41.251053
2026-03-18T15:05:02+00:00,1587,149534940,745.5625,,41.04919
2026-03-18T15:10:02+00:00,1999,149535100,745,,40.88482
2026-03-18T15:15:03+00:00,5168,149535420,745.5625,,41.47363
2026-03-18T15:20:03+00:00,3330,149535840,745.5625,,42.214355
2026-03-18T15:25:03+00:00,2943,149536100,746.0625,,41.41403
2026-03-18T15:30:03+00:00,2243,149536320,745.5625,,41.147514
2026-03-18T15:35:03+00:00,6214,149536670,746.1875,,41.705826
2026-03-18T15:40:02+00:00,2081,149537010,746,,41.705826
2026-03-18T15:45:02+00:00,2074,149537180,746.0625,,41.218384
2026-03-18T15:50:03+00:00,1696,149537340,745.5625,,41.114765
2026-03-18T15:55:03+00:00,1350,149537470,745.625,,40.785892
2026-03-18T16:00:03+00:00,1481,149537600,745.375,,40.287827
2026-03-18T16:05:03+00:00,1142,149537710,745.4375,,40.18752
2026-03-18T16:10:03+00:00,804,149537800,744.875,,41.180237
2026-03-18T16:15:02+00:00,372,149537840,746,,41.283695
2026-03-18T16:20:02+00:00,144,149537860,745.5625,,41.27826
2026-03-18T16:25:02+00:00,172,149537870,744.9375,,41.04919
2026-03-18T16:30:03+00:00,273,149537890,745.0625,,40.851868
2026-03-18T16:35:03+00:00,275,149537920,745.0625,,40.62051
2026-03-18T16:40:03+00:00,243,149537940,745.5,,40.3879
2026-03-18T16:45:03+00:00,309,149537970,745.375,,40.18752
2026-03-18T16:50:02+00:00,293,149538000,745.375,,40.053417
2026-03-18T16:55:03+00:00,176,149538020,745.5,,39.73896
2026-03-18T17:00:03+00:00,76,149538020,744.875,,39.515533
2026-03-18T17:05:03+00:00,65,149538030,745.5,,39.177765
2026-03-18T17:10:03+00:00,92,149538030,743.3125,,38.979267
2026-03-18T17:15:02+00:00,0,149538030,123.3125,,37.469803
2026-03-18T17:20:02+00:00,0,149538030,34.5,,36.173206
2026-03-18T17:25:03+00:00,0,149538030,2.4375,,35.178375
2026-03-18T17:30:03+00:00,0,149538030,25,,33.622944
2026-03-18T17:35:03+00:00,0,149538030,25,,32.911644
2026-03-18T17:40:02+00:00,0,149538030,25,,30.876219
2026-03-18T17:45:03+00:00,0,149538030,24.9375,,29.563133
2026-03-18T17:50:03+00:00,0,149538030,24.9375,,28.751556
2026-03-18T17:55:03+00:00,0,149538030,24.9375,,28.23214
2026-03-18T18:00:03+00:00,0,149538030,24.9375,,27.676317
2026-03-18T18:05:02+00:00,0,149538030,24.9375,,27.218327
2026-03-18T18:10:02+00:00,0,149538030,5.8125,,27.783026
2026-03-18T18:15:03+00:00,0,149538030,24.875,,26.697714
2026-03-18T18:20:03+00:00,0,149538030,24.875,,26.336061
2026-03-18T18:25:02+00:00,0,149538030,24.875,,25.685097
2026-03-18T18:30:02+00:00,0,149538030,24.875,,24.916817
2026-03-18T18:35:03+00:00,0,149538030,24.875,,24.5087
2026-03-18T18:40:03+00:00,0,149538030,24.875,,24.314266
2026-03-18T18:45:02+00:00,0,149538030,24.9375,,24.032057
2026-03-18T18:50:02+00:00,0,149538030,24.9375,,23.709116
2026-03-18T18:55:03+00:00,0,149538030,24.9375,,23.483065
2026-03-18T19:00:03+00:00,0,149538030,24.9375,,23.101728
2026-03-18T19:05:03+00:00,0,149538030,24.9375,,22.63639
2026-03-18T19:10:02+00:00,0,149538030,24.9375,,22.26849
2026-03-18T19:11:17+00:00,0,149538030,24.875,,22.135803
2026-03-18T19:15:03+00:00,0,149538030,24.875,,21.948889
2026-03-18T19:20:03+00:00,0,149538030,24.875,,21.570955
2026-03-18T19:25:03+00:00,0,149538030,24.9375,,21.297596
2026-03-18T19:30:03+00:00,0,149538030,24.875,,20.937906
2026-03-18T19:35:03+00:00,0,149538030,24.875,,20.573236
2026-03-18T19:40:03+00:00,0,149538030,24.875,,20.341555
2026-03-18T19:45:03+00:00,0,149538030,24.875,,20.255936
2026-03-18T19:50:03+00:00,0,149538030,24.875,,20.198706
2026-03-18T19:55:03+00:00,0,149538030,24.875,,20.026272
2026-03-18T20:00:03+00:00,0,149538030,24.875,,19.834507
2026-03-18T20:05:03+00:00,0,149538030,24.875,,19.646223
2026-03-18T20:10:03+00:00,0,149538030,24.875,,19.408552
2026-03-18T20:15:03+00:00,0,149538030,24.875,,19.264702
2026-03-18T20:20:03+00:00,0,149538030,24.875,,19.168274
2026-03-18T20:25:03+00:00,0,149538030,24.875,,18.974144
2026-03-18T20:30:03+00:00,0,149538030,24.875,,18.925344
2026-03-18T20:35:03+00:00,0,149538030,24.8125,,18.82742
2026-03-18T20:40:03+00:00,0,149538030,24.875,,18.704403
2026-03-18T20:45:03+00:00,0,149538030,24.875,,18.630264
2026-03-18T20:50:03+00:00,0,149538030,24.875,,18.481243
2026-03-18T20:55:03+00:00,0,149538030,24.8125,,18.406359
2026-03-18T21:00:03+00:00,0,149538030,24.875,,18.356297
2026-03-18T21:05:03+00:00,0,149538030,24.875,,18.381342
2026-03-18T21:10:03+00:00,0,149538030,24.875,,18.381342
2026-03-18T21:15:03+00:00,0,149538030,24.875,,18.381342
2026-03-18T21:20:03+00:00,0,149538030,24.875,,18.306122
2026-03-18T21:25:03+00:00,0,149538030,24.875,,18.306122
2026-03-18T21:30:03+00:00,0,149538030,24.875,,18.331223
2026-03-18T21:35:03+00:00,0,149538030,24.875,,18.255835
2026-03-18T21:40:03+00:00,0,149538030,24.875,,18.306122
2026-03-18T21:45:03+00:00,0,149538030,24.8125,,18.180193
2026-03-18T21:50:03+00:00,0,149538030,24.8125,,18.28099
2026-03-18T21:55:03+00:00,0,149538030,24.875,,18.23065
2026-03-18T22:00:03+00:00,0,149538030,24.875,,18.180193
2026-03-18T22:05:03+00:00,0,149538030,24.875,,18.205435
2026-03-18T22:10:03+00:00,0,149538030,24.875,,18.15492
2026-03-18T22:15:03+00:00,0,149538030,24.875,,18.180193
2026-03-18T22:20:03+00:00,0,149538030,24.875,,18.255835
2026-03-18T22:25:03+00:00,0,149538030,24.875,,18.180193
2026-03-18T22:30:03+00:00,0,149538030,24.875,,18.255835
2026-03-18T22:35:03+00:00,0,149538030,24.875,,18.306122
2026-03-18T22:40:03+00:00,0,149538030,24.875,,18.306122
2026-03-18T22:45:03+00:00,0,149538030,24.875,,18.28099
2026-03-18T22:50:03+00:00,0,149538030,24.875,,18.306122
2026-03-18T22:55:03+00:00,0,149538030,24.875,,18.381342
2026-03-18T23:00:03+00:00,0,149538030,24.875,,18.331223
2026-03-18T23:05:03+00:00,0,149538030,24.8125,,18.406359
2026-03-18T23:10:03+00:00,0,149538030,24.875,,18.406359
2026-03-18T23:15:03+00:00,0,149538030,24.875,,18.456308
2026-03-18T23:20:03+00:00,0,149538030,24.875,,18.481243
2026-03-18T23:25:03+00:00,0,149538030,24.875,,18.456308
2026-03-18T23:30:03+00:00,0,149538030,24.875,,18.431349
2026-03-18T23:35:03+00:00,0,149538030,24.875,,18.381342
2026-03-18T23:40:03+00:00,0,149538030,24.875,,18.406359
2026-03-18T23:45:03+00:00,0,149538030,24.875,,18.431349
2026-03-18T23:50:03+00:00,0,149538030,24.875,,18.456308
2026-03-18T23:55:03+00:00,0,149538030,24.875,,18.406359